food_id,food_name,category,calories_kcal,protein_g,fat_g,carbohydrates_g,fiber_g,sugar_g,sodium_mg,potassium_mg,vitamin_c_mg,iron_mg,calcium_mg,water_content_pct,glycemic_index,serving_size_g,country_of_origin,data_source,year_recorded
1177,Almonds,Legumes,706.3,28.12,48.02,69.04,0.99,42.54,975.2,296.0,80.42,6.12,449.3,78.0,19.0,212.7,Nigeria,USDA,2019
4771,Cottage Cheese,Seafood,26.1,38.32,68.75,105.58,5.98,6.58,91.8,182.0,26.06,18.81,276.7,11.5,63.0,79.5,USA,USDA,2021
1091,Cucumber,Proteins,849.6,21.0,76.22,33.76,13.42,18.09,570.6,827.9,109.34,8.77,228.0,94.6,11.0,32.7,Australia,FAO,2020
4818,GREEN BEANS,Legumes,741.3,23.07,29.02,111.64,5.46,22.94,979.3,768.0,27.18,9.64,296.3,19.1,48.0,122.4,China,USDA,2022
4376,Chicken Breast,Seafood,445.3,12.41,66.0,64.17,14.34,17.58,1154.3,782.7,65.2,19.42,424.7,56.6,97.0,67.4,Brazil,OpenFoodFacts,2023
280,Onion,Proteins,720.3,17.22,34.43,115.65,0.55,30.53,152.3,13.0,,14.14,345.0,35.0,3.0,242.9,Australia,USDA,2023.
997,Carrot,Seafood,827.2,25.21,74.14,68.72,16.47,57.12,1577.6,40.9,1.4,5.29,495.2,63.6,64.0,25.5,Nigeria,Kaggle FoodDB,2018
585,Brown Rice,Vegetables,577.4,23.02,42.38,13.29,9.04,,1858.6,973.6,29.7,18.74,89.2,70.6,91.0,107.3,Mexico,Kaggle FoodDB,2020
1486,Olive Oil,Vegetables,342.5,,32.22,77.71,18.74,16.53,284.4,73.3,180.26,18.38,437.3,49.8,23.0,148.8,Brazil,Kaggle FoodDB,2020
3927,Broccoli,Grains,,,3.11,88.74,5.07,29.95,1846.4,767.7,133.55,5.51,142.0,30.6,82.0,165.6,UK,USDA,2020
2772,Pasta  ,Seafood,261.7,35.47,48.9,99.45,8.01,,1310.2,316.4,,5.08,,51.8,N/A,169.1,Mexico,Kaggle FoodDB,2018
3652,SALMON,Proteins,370.1,20.7,19.33,31.28,3.63,33.02,303.3,1154.5,170.5,3.15,56.6,98.7,49.0,276.3,USA,OpenFoodFacts,2024
4417,Milk (Whole),dairy ,385.6,29.95,58.73,34.11,10.16,17.19,840.9,297.7,161.51,0.75,343.5,65.9,55.0,130.1,Australia,Kaggle FoodDB,2024
4011,Pineapple (AJ),Oils,50.5,14.4,,90.64,9.12,58.44,186.1,510.6,76.89,15.79,339.7,95.8,51.0,204.3,Mexico,FAO,2021
3945,Egg (RE)  ,nuts & seeds,108.2,15.24,19.1,52.31,0.73,28.81,898.7,1013.7,11.35,19.33,473.4,86.2,75.0,244.9,China,Kaggle FoodDB,2020
1613,Pasta (OL),Dairy,489.0,12.47,,27.86,1.76,31.86,40.7,859.9,108.71,5.76,262.1,58.5,34.0,176.5,China,FAO,2021.
3195,Oats (OU),Fruits,331.9,18.95,44.69,68.97,7.98,31.15,743.4,176.8,137.21,,286.7,6.9,97.0,13.2,USA,OpenFoodFacts,2022
473,Cottage Cheese (LC),Fruits,58.0,3.14,64.47,,4.0,51.45,647.3,130.2,162.14,1.27,259.0,14.5,93.0,167.7,China,Kaggle FoodDB,2023
4732,Lamb (NU),Seafood,79.5,37.43,10.03,56.13,0.87,20.54,444.0,1040.6,50.01,7.5,292.7,93.6,27.0,224.4,Canada,USDA,2019
1581,Bell Pepper (MR),Dairy,224.1,44.1,8.72,,18.6,44.19,1445.3,310.4,64.44,9.02,89.6,36.2,5.0,28.7,UK,Kaggle FoodDB,2018
970,Mushroom (MB),legumes,438.9,-1.0,15.57,86.27,10.09,56.93,390.3,1095.6,7.54,2.72,364.7,17.1,4.0,252.1,Mexico,NutritionData.self.com,2020
2225,Mango  ,Proteins,30.9,44.76,62.78,116.6,7.02,,1211.7,198.3,104.76,5.77,203.0,21.9,4.0,232.4,Brazil,NutritionData.self.com,2020
3882,Egg,Legumes,663.7,22.2,,49.02,13.66,43.04,39.1,1043.7,80.43,6.81,69.6,40.5,78.0,131.3,UK,NutritionData.self.com,2022
4392,Zucchini (ML)  ,Fruits,496.3,49.93,66.69,94.58,14.11,18.62,1750.5,668.7,,17.11,230.9,35.5,16.0,168.5,Brazil,USDA,2023
752,Tomato,Fruits,9999.0,,48.5,99.1,11.2,,695.9,515.5,100.81,1.76,414.7,72.7,63.0,61.0,Mexico,USDA,2020
4412,Tofu (YU),seafood,23.7,33.58,63.99,6.42,5.99,20.95,1143.5,1044.2,24.31,9.21,193.0,70.0,108.0,140.4,Australia,NutritionData.self.com,2023
735,Turkey Breast,Grains,335.8,33.89,29.14,60.75,6.7,15.45,1592.6,975.5,117.76,19.17,469.9,34.3,38.0,114.3,Australia,USDA,2023
764,Almonds,Proteins,674.7,8.82,18.15,7.68,15.04,26.63,,838.9,145.36,,416.5,36.6,5.0,235.0,UK,USDA,2021
3936,Shrimp,Nuts & Seeds,500.9,32.21,14.68,91.32,6.17,33.52,595.4,896.6,91.89,15.47,41.8,25.3,4.0,116.4,USA,FAO,2020
4948,Blueberries (RV),dairy ,672.6,13.56,35.29,19.57,18.54,4.97,867.8,928.7,110.32,4.94,212.2,93.4,46.0,68.6,UK,Kaggle FoodDB,2022
1127,Lamb,Seafood,96.5,25.54,66.84,106.65,6.77,14.17,1375.1,109.3,54.68,0.66,121.8,52.9,95.0,195.1,China,Kaggle FoodDB,2020
3581,Tomato,Grains,445.2,13.57,12.3,38.41,1.92,2.44,554.5,523.1,191.55,1.65,467.4,69.4,N/A,176.6,Germany,USDA,2021.
3981,Apple (ZU),Fruits,752.5,37.77,9.06,103.85,1.46,28.06,,613.9,152.25,16.59,488.5,76.8,N/A,133.7,India,NutritionData.self.com,2021
4587,Brown Rice,legumes,366.3,9.11,78.6,99.99,6.05,18.02,732.3,625.3,,,237.7,48.5,6.0,198.7,Canada,Kaggle FoodDB,2020
3287,Peanut Butter,Dairy,361.3,22.12,70.32,5.61,2.47,39.93,1395.4,422.0,,0.92,168.2,62.4,30.0,281.5,India,NutritionData.self.com,2021
945,Blueberries,dairy ,201.7,48.28,27.16,31.13,14.71,44.06,1585.0,687.0,41.64,18.21,140.0,63.1,74.0,249.8,Brazil,NutritionData.self.com,2018
4199,Beef (Lean),Nuts & Seeds,409.9,33.96,57.92,65.03,,17.64,588.8,348.8,115.09,13.3,467.3,89.5,86.0,238.2,USA,NutritionData.self.com,2024
2407,Chicken Breast,Vegetables,340.8,,3.48,35.03,13.0,33.52,1201.7,1148.2,94.49,10.72,474.4,60.0,82.0,237.5,China,Kaggle FoodDB,2022
2719,Avocado (OR),dairy ,765.4,21.35,56.95,29.15,1.9,6.17,198.2,28.2,121.8,6.29,171.6,83.0,6.0,90.6,Germany,NutritionData.self.com,2020
4350,Lentils (RX),Nuts & Seeds,575.7,42.83,29.11,119.67,11.53,38.86,,980.4,54.72,19.79,354.7,87.9,5.0,246.5,Brazil,NutritionData.self.com,2020.
347,Almonds,Proteins,578.9,0.81,39.05,47.4,7.7,40.67,710.9,308.6,199.14,18.54,217.0,7.6,69.0,23.3,Germany,Kaggle FoodDB,2022
1421,Cheddar Cheese  ,Oils,,49.42,56.33,80.39,,16.37,43.4,1176.4,118.81,0.16,306.9,16.1,104.0,156.2,India,USDA,2021
472,Banana,Seafood,873.5,15.71,68.24,93.13,2.32,31.53,640.2,490.9,186.19,,334.9,46.3,54.0,245.2,Germany,FAO,2021
1262,BELL PEPPER (GG),dairy ,721.9,,24.21,94.42,7.45,52.04,1331.6,833.8,167.35,6.61,134.8,25.7,76.0,294.5,Mexico,FAO,2020
3810,Corn,Proteins,66.4,6.23,9.86,97.87,4.43,58.16,831.4,568.2,90.34,17.98,486.8,67.9,23.0,143.8,Mexico,USDA,2024.
3883,White Rice,seafood,863.1,1.81,,75.58,7.69,52.6,421.1,947.1,70.85,18.42,159.2,42.5,47.0,281.2,Brazil,USDA,2024
2347,Bell Pepper,Oils,,22.8,12.47,52.77,2.82,20.18,,958.8,97.58,5.99,8.8,88.8,90.0,95.6,USA,FAO,2023
2003,Pineapple,seafood,817.5,41.58,19.39,106.69,9.54,,448.8,743.0,,16.72,329.5,49.4,30.0,158.1,Canada,Kaggle FoodDB,2022
4344,Sweet Potato,Proteins,747.2,38.11,75.61,94.36,8.8,2.99,1010.2,401.6,129.87,6.51,,29.8,31.0,201.6,China,OpenFoodFacts,2023
4010,Mango,Fruits,69.9,29.02,78.53,17.15,1.55,1.68,373.1,578.9,155.49,17.59,172.4,47.9,99.0,118.4,Australia,NutritionData.self.com,2020
4897,White Rice,dairy ,149.5,35.92,42.99,32.46,11.38,14.58,997.7,782.7,98.15,0.79,326.3,24.7,35.0,286.2,India,NutritionData.self.com,2024
1050,Corn,nuts & seeds,38.7,46.81,13.35,91.73,0.47,31.29,1107.0,895.4,189.44,6.4,351.4,29.7,34.0,172.6,UK,USDA,2021
747,Oats (YS),Seafood,357.8,,70.17,76.92,6.24,5.78,164.2,341.7,198.34,12.84,479.3,62.3,21.0,133.0,Canada,USDA,2023.
487,Turkey Breast,Seafood,,11.34,0.8,102.43,6.78,30.99,1426.8,131.0,11.4,10.56,361.0,28.8,98.0,46.3,Nigeria,NutritionData.self.com,2021
4551,Chicken Breast  ,Oils,840.8,5.87,24.62,71.63,0.22,13.53,72.2,1156.7,67.68,15.87,,42.6,108.0,140.9,India,FAO,2018
4580,CHEDDAR CHEESE (LA),Grains,588.1,11.13,17.57,27.1,0.84,29.57,1111.7,953.2,91.25,9.45,229.9,69.6,56.0,176.9,Brazil,Kaggle FoodDB,2018
849,Apple,Vegetables,461.9,,75.03,17.98,,,539.0,312.1,151.06,18.59,451.9,29.2,25.0,116.8,Mexico,FAO,2023
3046,Almonds (SE)  ,Dairy,640.0,5.13,51.58,,6.47,0.61,1106.7,620.0,91.57,,356.6,69.1,52.0,132.6,Brazil,NutritionData.self.com,2024
4168,Orange (UP),Legumes,103.6,8.69,,46.02,,47.17,976.4,492.3,22.44,3.3,79.2,53.5,80.0,97.6,Australia,NutritionData.self.com,2021
1021,Tuna (Canned) (WZ),Grains,633.7,20.96,56.22,58.74,6.82,37.67,89.9,301.8,,0.93,85.2,66.2,3.0,295.9,Nigeria,OpenFoodFacts,2019
4889,Onion (IR),oils,42.3,9.28,75.73,69.09,19.37,47.82,309.2,79.7,91.6,2.23,341.6,41.8,21.0,241.3,China,NutritionData.self.com,2020
2226,Turkey Breast,Fruits,432.5,48.61,38.84,16.37,,0.81,1004.8,1071.9,27.67,2.56,327.8,19.1,13.0,96.3,Mexico,OpenFoodFacts,2018
531,Bell Pepper,legumes,735.4,27.32,59.87,10.5,4.92,12.81,1542.7,1091.3,80.33,2.28,359.7,3.2,52.0,259.5,UK,OpenFoodFacts,2019
66,Beef (Lean) (RS),Dairy,497.6,1.93,,83.03,8.54,16.72,86.1,1102.2,180.27,16.74,87.5,30.6,49.0,60.0,UK,OpenFoodFacts,2019
4854,Lentils  ,Grains,321.5,28.74,15.69,63.58,11.06,13.55,1113.0,334.2,107.71,13.63,29.2,33.1,58.0,138.8,Canada,OpenFoodFacts,2018
2427,Peas (BM),Oils,122.2,5.12,36.7,17.72,12.19,39.67,1615.5,600.4,,2.41,29.8,87.6,46.0,264.6,Mexico,USDA,2019
411,Corn,Legumes,,34.42,63.5,,4.47,2.0,578.8,207.5,122.78,17.98,247.1,17.5,36.0,70.9,UK,NutritionData.self.com,2021
4747,Banana,Proteins,187.1,39.64,36.58,107.84,0.82,23.33,955.2,1049.6,58.69,7.87,,20.4,2.0,188.0,UK,USDA,2021
682,GREEN BEANS,Vegtables,247.0,24.77,76.35,1.14,8.01,15.58,144.0,655.1,33.13,7.51,123.5,31.8,72.0,291.2,USA,USDA,2018
2032,Celery,Proteins,517.5,,27.09,,11.83,4.0,1939.9,575.8,40.52,2.71,336.1,14.3,62.0,199.8,Germany,FAO,2022
3972,Carrot (XX),nuts & seeds,498.9,29.86,43.62,29.72,10.67,45.84,268.2,378.0,90.08,13.07,484.1,31.9,69.0,75.0,India,FAO,2023
1407,Oats (VD),Grains,762.9,16.52,15.35,28.64,17.14,,203.4,211.0,78.31,4.36,463.9,47.8,67.0,41.2,Australia,Kaggle FoodDB,2024
834,Celery,Grains,175.2,21.66,20.43,15.32,14.03,8.48,212.7,49.2,65.24,18.96,318.4,39.2,108.0,92.7,Australia,NutritionData.self.com,2023
627,Cottage Cheese,Oils,-999.0,21.96,67.05,73.05,18.62,47.51,1207.9,20.4,18.0,13.75,125.5,56.4,N/A,292.1,UK,Kaggle FoodDB,2023
3438,Brown Rice,Nuts & Seeds,545.2,1.2,62.28,72.81,6.52,27.61,1985.7,602.8,180.64,,289.6,13.9,102.0,273.2,Brazil,OpenFoodFacts,2020.
2064,Tomato (OZ),Oils,424.1,38.95,51.74,3.95,13.72,32.87,342.5,871.0,48.54,,322.2,77.2,45.0,251.3,Germany,USDA,2024
3520,Egg,Oils,205.5,42.33,21.59,41.15,18.01,30.96,1786.0,207.9,75.87,17.26,19.3,72.5,3.0,19.9,USA,OpenFoodFacts,2020
438,Strawberry,Oils,,42.1,40.06,4.2,16.68,15.36,1560.4,712.8,29.39,17.58,58.4,54.0,67.0,113.9,Australia,OpenFoodFacts,2021
3045,SPINACH,Proteins,669.3,22.6,34.08,101.35,10.8,40.51,1687.4,279.3,181.55,16.43,38.0,23.5,52.0,56.2,USA,NutritionData.self.com,2018
2575,Turkey Breast,legumes,218.9,0.52,47.56,55.1,5.58,41.86,37.6,1052.7,34.39,11.47,142.2,49.9,53.0,227.9,Australia,OpenFoodFacts,2019
978,Cucumber,Oils,65.3,7.58,58.93,100.2,18.0,56.18,1569.5,48.1,56.1,,347.4,41.1,66.0,183.8,Mexico,OpenFoodFacts,2022
1627,Garlic,Nuts & Seeds,196.8,40.41,60.84,59.02,16.57,52.56,333.1,399.2,52.85,9.84,492.5,97.9,108.0,168.2,Canada,NutritionData.self.com,2018
1967,Kale,oils,182.3,42.14,70.22,,,56.01,1473.2,884.1,150.77,1.49,191.9,61.6,18.0,166.0,China,NutritionData.self.com,2023
1323,Mushroom,Grains,787.2,-1.0,18.55,115.05,7.17,19.15,841.3,155.2,199.98,3.35,,26.5,40.0,208.2,China,OpenFoodFacts,2024
241,Bell Pepper,Seafood,847.6,48.95,,119.28,5.7,42.42,1914.6,740.7,108.87,11.72,152.1,32.9,3.0,123.0,India,USDA,2020
423,Bread (Whole Wheat) (VG),Seafood,100.3,48.75,48.08,25.9,11.9,53.72,214.6,774.9,141.8,1.16,283.7,50.0,75.0,170.3,UK,Kaggle FoodDB,2024
1488,Corn (KX),Oils,632.0,,32.07,61.25,1.06,24.32,505.3,912.8,112.92,14.91,473.7,87.2,N/A,66.9,UK,Kaggle FoodDB,2021
24,Cucumber,seafood,342.4,35.99,0.66,92.78,13.46,26.61,1356.2,571.2,116.0,4.57,334.2,56.8,15.0,200.1,USA,Kaggle FoodDB,2022
2965,Oats,Legumes,,29.96,4.86,64.69,0.91,28.27,1987.5,389.9,76.79,17.31,45.1,82.0,74.0,88.6,India,USDA,2023
34,Brown Rice  ,oils,855.0,30.07,71.61,110.26,7.71,56.5,1264.8,480.1,118.92,9.76,330.6,78.5,39.0,116.0,Nigeria,NutritionData.self.com,2023
4303,Shrimp,Oils,684.5,42.34,6.73,119.66,17.49,21.67,73.3,389.1,,4.39,68.1,91.7,102.0,79.9,Australia,OpenFoodFacts,2021
1422,White Rice,Nuts & Seeds,466.4,23.32,20.81,30.94,4.03,15.39,,791.7,55.85,13.85,333.8,2.4,93.0,269.0,Australia,NutritionData.self.com,2022
3096,Turkey Breast (TZ),Proteins,611.8,45.28,79.81,63.95,0.63,32.64,1865.2,174.8,13.77,18.77,134.9,71.6,96.0,53.9,Mexico,OpenFoodFacts,2022
2887,Egg,Fruits,466.1,10.58,27.17,,12.25,4.16,1304.0,383.0,142.46,0.31,268.7,47.9,60.0,192.7,China,Kaggle FoodDB,2023
4679,Bread (Whole Wheat) (AX),Oils,617.7,25.42,32.41,2.23,15.47,50.6,,398.4,135.24,7.56,314.2,21.7,54.0,298.1,Canada,FAO,2018
4703,Avocado,oils,603.6,35.81,43.27,40.41,17.02,24.11,1468.0,1097.5,136.6,4.45,127.4,72.7,48.0,117.6,China,Kaggle FoodDB,2020
2562,Broccoli (DY),nuts & seeds,642.2,33.22,19.9,74.05,10.95,,1976.6,366.0,9.35,14.0,315.8,92.8,50.0,83.7,Mexico,NutritionData.self.com,2022
2648,Peanut Butter (DL),Oils,460.4,,16.33,86.37,4.43,3.13,297.6,1121.4,187.17,1.81,422.2,95.8,102.0,50.9,UK,USDA,2024
1011,Sweet Potato,Oils,214.7,40.2,,5.36,12.82,24.5,1686.1,546.5,129.37,18.04,462.4,33.2,16.0,264.5,Brazil,OpenFoodFacts,2023
4598,Chicken Breast,Proteins,224.4,17.22,79.14,51.72,14.92,8.66,1915.3,1015.3,35.69,8.86,467.6,41.8,7.0,187.0,China,OpenFoodFacts,2020
1635,Beef (Lean),Nuts & Seeds,835.9,32.0,,47.47,,56.52,1898.9,613.3,94.44,17.86,35.6,15.6,39.0,141.3,China,USDA,2023
80,Greek Yogurt,Nuts & Seeds,122.0,21.51,78.28,47.15,8.26,38.25,665.2,330.3,193.04,18.58,497.3,52.0,5.0,206.6,Canada,FAO,2024
3916,Black Beans (OE),Vegetables,367.7,24.2,59.73,58.97,3.54,27.7,1394.6,814.8,118.96,16.27,210.3,50.4,7.0,195.0,Nigeria,OpenFoodFacts,2023
3870,Broccoli,Grains,81.7,17.58,,52.5,5.26,59.09,384.5,964.5,14.86,12.8,237.2,88.9,10.0,75.8,India,NutritionData.self.com,2024
255,Celery,Nuts & Seeds,169.2,43.16,74.82,76.94,8.8,15.48,1726.1,36.0,160.52,15.47,188.2,57.3,60.0,63.7,Mexico,OpenFoodFacts,2021
1593,Chicken Breast,Nuts & Seeds,133.0,19.26,26.89,78.38,12.18,44.21,1434.0,519.9,91.43,14.0,272.5,49.7,71.0,290.5,Mexico,OpenFoodFacts,2020
1535,Apple,Dairy,383.9,3.86,31.44,49.12,,29.94,1794.3,607.4,64.9,3.72,6.1,39.9,36.0,45.0,USA,FAO,2022
3607,Onion  ,Fruits,746.6,34.4,30.25,100.08,19.06,14.48,1239.3,896.3,80.81,8.0,,39.6,56.0,179.8,Canada,OpenFoodFacts,2019
291,Apple,nuts & seeds,46.8,14.16,41.79,41.82,15.42,,749.0,43.4,152.83,17.46,,68.4,96.0,209.5,UK,FAO,2023
932,Pork Loin (PK),Proteins,754.7,16.61,29.72,39.23,,22.55,914.4,52.0,70.93,,442.9,60.4,30.0,199.0,UK,FAO,2024.
228,Tuna (Canned),Fruits,365.9,44.23,63.23,41.86,1.4,46.48,1415.6,821.3,27.52,3.3,356.3,14.5,82.0,167.9,UK,NutritionData.self.com,2021
2228,Apple,Vegetables,546.6,5.59,6.59,95.78,7.3,4.44,463.9,1012.6,104.53,,,5.8,108.0,28.1,UK,OpenFoodFacts,2022
1341,White Rice,Oils,246.8,12.45,31.88,0.17,3.82,24.52,,437.1,191.93,9.55,,72.9,21.0,85.5,Mexico,FAO,2018
3951,Apple (QB),Seafood,40.9,13.8,79.82,116.5,17.72,35.99,1248.8,104.7,186.21,6.92,363.4,82.1,96.0,191.0,India,Kaggle FoodDB,2023
1554,Carrot (IT),Nuts & Seeds,798.1,0.52,54.33,,5.15,,1305.9,377.4,,5.03,228.6,77.5,5.0,192.0,Nigeria,NutritionData.self.com,2019
927,Cheddar Cheese,Dairy,256.4,38.86,66.76,18.55,8.1,22.39,1995.5,29.4,111.08,2.42,217.1,5.1,77.0,147.9,USA,OpenFoodFacts,2023
4106,Brown Rice,Oils,604.2,14.64,23.74,34.44,14.95,30.6,,947.6,,10.68,399.3,44.8,98.0,152.7,Nigeria,USDA,2022
1701,Beef (Lean),Fruits,869.9,28.6,10.55,102.19,1.08,15.17,335.4,285.3,51.14,1.3,210.7,92.8,15.0,21.6,Australia,NutritionData.self.com,2021
3878,Apple,dairy ,793.8,16.72,27.68,118.89,,41.6,87.0,73.4,18.15,4.33,144.4,16.5,69.0,102.1,India,Kaggle FoodDB,2024
352,Almonds,Fruits,773.7,49.77,,,7.0,53.36,1317.7,233.2,,10.12,84.4,45.3,31.0,112.1,Canada,FAO,2020
2457,Lentils (RR),Seafood,410.8,30.43,18.11,113.6,5.5,30.25,,414.8,190.22,8.31,323.3,12.4,76.0,196.1,Nigeria,USDA,2018
4605,Carrot,Oils,681.1,,61.44,119.79,17.9,51.4,272.9,367.0,104.15,0.35,215.8,65.9,54.0,235.9,Canada,Kaggle FoodDB,2021
4506,Brown Rice (OP),fruits,271.4,23.24,37.47,0.12,2.51,21.66,1580.1,1022.9,150.57,16.21,411.8,21.1,93.0,197.5,Germany,NutritionData.self.com,2019
3410,Pork Loin (SL),Vegtables,55.5,19.06,,74.16,12.91,48.51,1868.8,771.9,92.15,12.56,470.6,59.1,62.0,223.2,USA,OpenFoodFacts,2019
4487,BROWN RICE,Legumes,42.2,0.38,3.19,116.62,4.4,,682.8,478.4,160.06,18.96,346.9,86.2,22.0,178.1,Brazil,Kaggle FoodDB,2021
394,Cucumber,Grains,703.2,29.2,43.63,97.03,17.24,57.72,1381.4,38.6,147.31,9.17,298.2,94.1,77.0,35.9,Germany,FAO,2024
832,Pineapple,Nuts & Seeds,418.1,,9.73,35.89,10.73,40.57,1307.8,708.7,60.04,3.88,9.9,80.3,92.0,52.6,Nigeria,FAO,2021
4009,Mushroom,Seafood,618.1,24.96,40.06,16.24,6.44,21.9,1433.9,1107.2,89.72,8.93,,55.7,59.0,132.4,China,FAO,2018
3459,Egg (TL),Vegetables,633.5,47.85,79.25,56.25,4.91,36.39,216.5,844.8,189.12,4.38,109.7,10.6,98.0,111.8,Canada,FAO,2020
3293,GREEK YOGURT,Seafood,362.7,3.64,43.94,44.63,11.42,44.0,1838.9,313.6,19.8,4.66,,22.5,47.0,244.2,Mexico,Kaggle FoodDB,2022
3127,Beef (Lean),Nuts & Seeds,612.1,6.43,13.72,82.4,1.83,0.4,1630.0,175.0,87.32,,487.5,7.2,72.0,214.8,Germany,OpenFoodFacts,2022
4351,Shrimp (WE),Vegetables,710.3,,10.33,3.67,3.45,,968.0,1034.9,130.45,3.0,170.3,41.3,64.0,98.8,Australia,USDA,2018
1159,SALMON (AM),Legumes,,6.89,53.02,,19.94,59.84,1238.3,578.1,46.25,2.82,459.6,2.0,85.0,98.9,UK,FAO,2020
4519,Corn,Legumes,192.7,26.52,76.5,26.43,16.8,51.13,1685.8,1122.9,134.34,7.29,456.8,7.4,64.0,115.8,Canada,USDA,2023
1033,Strawberry,Nuts & Seeds,222.4,39.47,33.26,103.85,4.35,31.62,805.3,2.2,15.67,16.81,467.3,57.2,95.0,288.0,Germany,FAO,2024
725,Bread (Whole Wheat),Proteins,525.5,6.6,55.5,110.65,0.77,34.25,1641.1,392.9,194.91,11.56,233.7,85.1,63.0,120.5,Nigeria,NutritionData.self.com,2024
469,Quinoa (BU),Seafood,216.8,,63.88,88.9,9.65,45.7,768.9,865.3,137.94,18.1,499.7,20.3,105.0,50.1,Nigeria,OpenFoodFacts,2024
804,White Rice  ,Fruits,553.9,40.82,75.39,54.2,5.64,41.76,942.1,766.3,5.87,9.6,333.8,25.8,80.0,265.1,UK,Kaggle FoodDB,2024
3753,Blueberries (PF),Vegetables,296.2,12.65,19.91,,18.03,59.85,566.3,981.5,58.6,5.49,207.8,1.8,13.0,47.5,Australia,FAO,2021
3131,AVOCADO (CN),legumes,9999.0,38.94,53.46,59.41,16.79,20.17,553.1,672.0,170.22,5.41,482.0,77.3,29.0,101.0,UK,USDA,2018
2188,Pineapple (JI),Oils,694.1,19.06,49.12,119.01,8.66,54.9,1843.1,387.9,4.02,19.64,419.4,83.1,16.0,230.6,India,USDA,2024
1212,Salmon (DP),Seafood,417.2,6.25,56.83,12.18,11.65,26.83,425.6,426.8,55.69,0.76,450.3,87.7,47.0,201.4,Australia,Kaggle FoodDB,2023
2446,Zucchini,Grains,286.1,35.43,0.49,,4.71,24.53,,515.8,185.21,0.92,163.6,23.7,11.0,77.4,Australia,NutritionData.self.com,2022
2458,GREEN BEANS,Proteins,571.1,20.29,37.49,46.95,18.76,30.76,1694.2,412.0,85.61,1.67,164.5,98.6,23.0,269.8,Germany,FAO,2024
2925,Cucumber (WF),Seafood,346.4,47.03,34.29,44.12,,58.79,303.5,1123.0,6.02,1.95,,17.6,105.0,203.8,Nigeria,OpenFoodFacts,2024
3533,Sweet Potato,Proteins,307.1,27.9,31.49,54.68,4.64,58.72,1582.1,93.6,46.2,2.87,100.7,98.0,42.0,295.5,India,OpenFoodFacts,2019
4221,Pineapple,Dairy,290.8,4.74,56.12,24.74,15.5,3.37,1363.3,342.0,135.43,17.38,384.2,98.8,N/A,220.6,UK,FAO,2024
3236,Pork Loin,Legumes,226.1,27.45,74.6,86.01,6.41,5.64,696.9,56.8,130.45,17.0,167.3,63.5,78.0,89.6,India,OpenFoodFacts,2022
3693,OATS (OI),Seafood,702.2,13.26,61.04,82.17,10.9,7.55,1728.9,1089.5,33.24,18.1,13.0,98.3,N/A,269.3,India,FAO,2021
4920,Peas,Legumes,318.2,21.75,41.04,108.26,9.23,16.53,,945.3,28.6,15.08,144.0,34.5,34.0,186.4,China,Kaggle FoodDB,2020
3457,Garlic (KV),Oils,460.3,32.18,,27.04,13.96,5.16,220.2,686.8,21.29,5.93,29.4,58.0,84.0,261.4,Germany,OpenFoodFacts,2022
2877,TOFU (XK),Proteins,9999.0,32.72,49.86,28.5,1.88,59.98,,25.7,25.55,,195.2,5.6,46.0,200.6,India,USDA,2024
3896,Onion,Dairy,745.5,7.09,55.72,80.07,7.76,32.94,599.1,549.6,23.95,12.01,,47.3,18.0,162.0,Brazil,Kaggle FoodDB,2021
4275,Pasta,Vegetables,549.6,36.0,15.43,47.59,8.66,7.48,,194.5,36.21,,402.4,21.4,3.0,72.3,UK,FAO,2023
85,Avocado,Dairy,293.7,9.83,2.57,29.39,1.68,33.8,1008.7,149.2,178.61,11.05,471.4,0.6,55.0,263.9,Brazil,Kaggle FoodDB,2018
1584,Oats,Legumes,457.2,4.42,57.21,98.14,11.25,5.99,1584.9,571.3,141.42,16.73,492.6,43.6,22.0,275.3,Nigeria,NutritionData.self.com,2021
801,Milk (Whole),Seafood,,15.04,28.1,59.28,10.5,48.32,1427.9,720.6,71.19,,297.4,12.1,20.0,74.6,Germany,NutritionData.self.com,2018
4464,Brown Rice,Oils,139.0,24.4,3.21,73.31,10.59,10.14,546.1,746.4,89.31,2.52,40.6,91.9,109.0,214.0,China,USDA,2018
4567,Onion (HZ),Proteins,245.4,31.08,78.8,44.19,7.13,22.17,565.6,459.8,15.51,9.51,35.4,11.0,98.0,131.9,Brazil,NutritionData.self.com,2024
1426,Mushroom,Grains,869.3,,29.2,81.99,15.57,27.14,443.6,16.8,134.8,10.37,283.4,0.2,12.0,269.3,Australia,USDA,2022
2883,Milk (Whole),nuts & seeds,202.2,27.53,44.24,57.78,10.3,56.25,1356.6,554.5,88.18,10.32,,8.1,31.0,232.5,India,Kaggle FoodDB,2018
107,Lamb,Proteins,381.1,18.4,20.9,8.39,17.65,4.75,48.5,1195.7,73.13,,158.4,51.7,85.0,223.8,China,NutritionData.self.com,2021
4161,Strawberry,Vegetables,472.7,45.46,8.58,77.08,19.95,56.85,1845.8,63.3,147.32,0.23,289.6,96.9,95.0,134.9,Australia,OpenFoodFacts,2019.
1455,Lentils,Legumes,46.7,45.34,78.88,8.98,13.64,43.77,590.7,891.3,193.64,4.16,439.3,74.3,109.0,177.3,Germany,OpenFoodFacts,2020
1282,SPINACH,Oils,638.2,28.18,19.62,94.98,14.23,23.53,1512.1,502.3,12.87,0.68,379.6,47.9,30.0,132.6,USA,FAO,2024
4814,Quinoa,Seafood,,38.89,19.13,35.1,7.73,44.96,1988.4,467.1,124.85,9.08,425.7,91.0,71.0,112.6,Mexico,Kaggle FoodDB,2022
765,Greek Yogurt  ,Fruits,49.5,43.75,63.62,,,49.59,1522.4,150.5,69.57,7.43,200.7,1.4,16.0,145.1,Germany,OpenFoodFacts,2020
3318,Onion,Fruits,24.7,37.36,38.37,119.87,13.11,31.03,189.0,639.1,23.49,9.86,84.2,68.9,77.0,97.1,UK,FAO,2024
1539,Bread (Whole Wheat) (DC),Seafood,179.7,23.05,47.53,73.59,9.29,13.78,490.8,138.5,59.61,7.6,22.3,97.0,36.0,37.9,Nigeria,NutritionData.self.com,2020
2330,Peanut Butter,Legumes,,,15.57,32.37,18.0,58.64,99999.0,853.1,163.99,10.15,34.8,41.6,84.0,68.6,Australia,USDA,2021.
9,Pork Loin,oils,549.0,9.17,61.04,60.48,14.19,20.27,1373.8,500.5,,3.06,186.8,73.4,86.0,90.0,UK,OpenFoodFacts,2024
788,Peanut Butter,Vegetables,372.7,41.0,0.71,40.13,15.62,23.53,1963.2,712.7,5.69,7.67,196.1,7.8,39.0,160.6,Mexico,OpenFoodFacts,2024
1380,Bell Pepper,Vegetables,541.8,44.5,15.95,113.87,18.47,4.44,1386.5,783.7,8.24,6.22,351.1,92.8,39.0,149.1,UK,NutritionData.self.com,2022
4733,Almonds (PI),Oils,657.1,23.54,12.84,59.69,9.98,20.66,1006.2,1159.3,36.5,18.74,300.5,39.8,26.0,179.6,Brazil,Kaggle FoodDB,2021
3290,Mushroom,Oils,199.1,25.57,18.75,15.79,8.37,19.35,519.9,1186.2,7.09,4.41,342.4,70.5,25.0,55.0,China,Kaggle FoodDB,2024
590,SWEET POTATO (IR),Grains,153.7,32.09,11.16,3.82,10.31,24.44,1575.4,464.6,148.61,13.54,345.6,14.3,91.0,208.6,China,USDA,2022
2744,Corn (YJ),Dairy,143.9,15.13,14.93,101.41,,49.43,815.6,867.3,78.67,11.41,337.8,54.1,N/A,44.4,USA,NutritionData.self.com,2018
3012,Salmon,Legumes,273.1,,50.98,118.89,10.53,40.17,1832.1,449.6,115.11,18.13,179.2,34.0,74.0,271.6,UK,Kaggle FoodDB,2022
1892,MUSHROOM,Fruits,373.3,,4.45,62.74,1.18,54.58,,7.0,131.3,11.18,324.2,48.3,67.0,81.9,Nigeria,OpenFoodFacts,2021
2745,Oats (UP),Legumes,567.7,23.22,71.58,42.56,9.47,4.79,425.0,343.9,65.82,11.06,47.7,9.9,106.0,141.6,Australia,FAO,2018
158,Onion (LZ)  ,Proteins,690.2,37.85,18.54,72.06,12.27,,467.7,620.7,78.98,6.13,474.3,69.0,19.0,141.0,UK,FAO,2018
3352,Egg,Nuts & Seeds,393.9,2.56,20.87,106.67,11.21,39.24,1219.4,711.2,62.16,7.29,62.4,80.1,48.0,94.9,Mexico,FAO,2018
719,Broccoli (NH)  ,Proteins,129.4,4.74,,43.4,16.09,18.7,1901.5,1177.9,100.82,13.98,,90.0,4.0,34.3,UK,FAO,2024
965,Kale,Oils,274.1,24.25,71.32,80.11,18.53,3.46,219.6,856.6,108.03,11.06,316.5,0.3,29.0,212.1,Canada,Kaggle FoodDB,2023
4012,Salmon,Fruits,364.9,18.41,72.94,86.55,16.37,49.16,1149.1,646.8,44.32,11.41,461.2,13.9,N/A,82.0,Brazil,Kaggle FoodDB,2024
180,Bell Pepper,Oils,,45.67,58.21,9.5,,43.42,925.2,1036.5,51.16,12.37,279.2,81.3,39.0,252.8,Nigeria,USDA,2023
3269,Lentils,Dairy,573.0,30.61,76.7,10.76,11.05,41.79,280.5,598.5,16.39,,455.2,59.4,63.0,53.7,Australia,USDA,2018
3425,Pineapple (OK),Vegtables,756.7,6.6,69.58,26.44,16.1,38.67,552.5,42.2,37.49,1.63,,84.2,94.0,26.1,Mexico,Kaggle FoodDB,2024.
4095,Peanut Butter,dairy ,312.1,25.71,55.57,69.26,,9.69,1713.0,420.2,21.59,10.55,481.6,72.2,5.0,196.7,Australia,NutritionData.self.com,2023
2187,Turkey Breast (LU),Legumes,786.7,29.67,56.23,49.1,8.15,16.65,,919.0,46.94,1.97,167.8,33.8,59.0,274.0,Mexico,Kaggle FoodDB,2018
2419,Egg,Oils,,4.39,62.48,64.2,11.35,22.23,1066.7,613.5,49.21,8.0,365.1,69.8,26.0,182.8,Brazil,USDA,2020
4685,Turkey Breast,Fruits,702.4,27.74,63.15,11.52,3.9,34.61,1557.5,954.6,95.92,3.47,407.2,28.7,52.0,281.9,China,Kaggle FoodDB,2018
498,Tomato (YK),Vegetables,88.4,44.46,,3.17,0.51,16.53,884.6,536.1,194.95,0.78,54.8,78.3,90.0,234.2,USA,FAO,2023
1727,Mango,Seafood,468.3,16.93,15.4,3.86,12.89,27.18,856.7,504.2,85.54,10.58,320.5,52.9,45.0,119.0,Nigeria,NutritionData.self.com,2018
2310,Peanut Butter,Nuts & Seeds,323.8,1.66,57.57,33.89,12.96,49.19,,847.7,196.61,11.02,173.8,14.3,60.0,244.7,Canada,OpenFoodFacts,2022
2898,Bell Pepper,dairy ,268.6,24.57,69.92,104.65,5.9,17.96,1955.9,648.2,142.12,18.67,76.5,37.9,93.0,279.9,Mexico,Kaggle FoodDB,2018
1748,Beef (Lean) (OR),Nuts & Seeds,248.6,3.8,3.42,13.34,8.82,59.0,,1034.2,102.44,,265.3,61.9,4.0,267.8,China,OpenFoodFacts,2021
2843,Pasta,Proteins,828.2,3.46,36.4,115.97,12.53,21.25,1449.2,989.9,153.54,18.66,282.7,74.0,41.0,39.1,India,OpenFoodFacts,2022
4421,Egg (VO),Seafood,,46.23,76.09,110.96,18.73,39.57,518.9,149.1,38.89,9.93,449.4,12.2,99.0,197.9,Australia,Kaggle FoodDB,2019
4029,Orange,Fruits,669.4,49.85,5.15,15.55,4.15,20.75,1411.8,1190.9,139.99,18.9,165.3,35.9,30.0,86.1,Australia,OpenFoodFacts,2019
1003,SALMON,dairy ,788.2,43.63,47.3,56.67,15.78,29.48,1525.5,5.3,20.53,3.94,288.7,72.0,106.0,131.5,Mexico,FAO,2021.
30,Kale  ,Vegetables,,6.15,53.78,43.96,2.15,16.78,350.2,1180.2,76.13,19.43,160.7,57.2,71.0,134.1,UK,Kaggle FoodDB,2024
1096,Black Beans,Nuts & Seeds,175.3,37.13,25.16,117.58,0.2,40.62,374.2,1146.8,,9.68,230.5,80.5,49.0,240.2,India,FAO,2023
4483,Cottage Cheese,Grainss,507.1,30.75,1.09,77.48,5.14,32.83,1758.2,67.0,8.11,6.6,18.5,19.4,59.0,81.0,Germany,Kaggle FoodDB,2022
4264,Salmon,Nuts & Seeds,360.8,31.7,66.34,17.46,12.2,1.44,896.6,601.3,91.55,2.62,31.4,67.5,14.0,34.1,USA,NutritionData.self.com,2024
3911,Egg,seafood,54.6,36.64,67.9,55.81,19.43,23.53,1893.4,831.7,63.36,,358.7,52.4,7.0,210.6,Nigeria,Kaggle FoodDB,2024
1946,Pasta (AR),Legumes,475.2,38.19,66.1,,0.0,9.33,224.1,384.1,111.32,9.98,358.2,7.8,107.0,153.9,Germany,OpenFoodFacts,2024
4145,Tuna (Canned),Vegetables,828.2,36.72,40.91,15.11,3.24,43.04,1257.8,592.5,,17.51,357.7,88.7,29.0,60.6,Mexico,USDA,2019
3590,Zucchini,Dairy,192.8,33.57,18.97,22.67,6.75,18.44,365.0,24.6,60.31,9.01,113.4,54.9,49.0,253.5,Australia,OpenFoodFacts,2019
4175,Tuna (Canned),Proteins,,13.77,74.58,22.14,12.71,12.67,333.0,582.0,,13.22,185.6,11.2,66.0,204.9,Canada,FAO,2024
1698,Shrimp,Oils,138.9,17.84,74.17,57.79,17.92,1.54,1768.3,1005.5,153.96,16.58,78.3,50.4,97.0,119.8,China,OpenFoodFacts,2021
4650,Watermelon,Nuts & Seeds,168.6,10.11,43.7,17.54,2.26,56.77,196.7,447.9,62.9,10.43,148.1,18.6,2.0,267.5,Nigeria,OpenFoodFacts,2024
539,Garlic,Fruits,416.5,26.46,,64.18,0.36,30.01,1276.9,49.6,53.48,6.31,117.3,7.2,107.0,171.0,China,NutritionData.self.com,2018
4764,MUSHROOM,Proteins,238.8,47.38,32.41,34.99,8.27,41.25,40.1,578.7,,10.84,345.7,0.2,59.0,198.0,USA,Kaggle FoodDB,2021
3822,Cottage Cheese,Vegetables,339.1,49.64,19.77,33.43,14.94,54.82,,460.1,75.82,8.95,41.3,13.9,63.0,246.2,USA,NutritionData.self.com,2022
4532,Black Beans,Vegetables,194.8,46.68,78.6,25.72,17.1,20.96,366.8,607.3,4.58,18.42,296.6,67.9,24.0,248.8,USA,FAO,2024
4819,Cheddar Cheese,oils,801.6,18.28,1.35,,9.51,22.63,1745.6,242.2,72.58,4.11,41.1,6.1,79.0,27.3,Australia,NutritionData.self.com,2021
3014,Garlic,Nuts & Seeds,330.6,11.14,14.48,89.49,15.82,55.44,1252.4,69.6,153.15,,208.3,51.1,32.0,270.4,China,NutritionData.self.com,2024
3003,White Rice (TX),Fruits,240.4,4.88,75.81,,5.63,,1863.4,445.6,50.33,5.61,344.8,98.1,N/A,113.4,India,NutritionData.self.com,2024.
587,Black Beans,Dairy,86.8,21.4,6.0,24.95,6.9,6.84,1509.4,925.1,148.89,17.85,291.9,9.4,22.0,28.2,Brazil,FAO,2022
152,Orange,Seafood,230.8,10.17,19.22,102.1,1.12,31.71,517.3,1003.9,5.02,8.34,137.1,54.3,84.0,269.3,Australia,USDA,2018
722,Pasta (VG),PROTEINS,,21.2,18.49,,6.84,11.79,99999.0,1030.6,107.21,18.59,433.2,97.3,65.0,154.3,Canada,Kaggle FoodDB,2024
4258,Turkey Breast,Fruits,417.5,,75.98,4.55,1.69,42.96,745.9,30.9,,14.18,197.8,31.2,20.0,224.5,Canada,FAO,2022
4830,Sweet Potato,fruits,462.9,33.1,64.3,,10.15,24.7,,373.7,53.17,18.37,440.3,13.9,94.0,175.3,Canada,FAO,2021
1933,Celery,Proteins,513.4,,6.2,,0.01,33.95,430.7,910.8,119.81,15.67,,6.9,85.0,170.7,USA,USDA,2018
3358,Watermelon (WB),Vegetables,356.9,26.59,79.79,,0.03,11.51,1206.4,352.5,9.63,3.13,292.4,48.0,106.0,230.1,Australia,Kaggle FoodDB,2022
4485,Pork Loin (UL),Fruits,204.9,44.97,5.87,,17.19,3.18,997.8,189.5,5.53,14.74,316.7,38.3,68.0,93.7,China,OpenFoodFacts,2018
2281,Banana,Proteins,243.9,28.56,39.03,45.56,11.2,46.63,357.3,945.5,,10.21,273.6,59.4,47.0,39.5,Nigeria,Kaggle FoodDB,2019.
81,Tomato,Legumes,779.5,3.84,47.07,80.39,13.93,57.69,1608.3,781.8,66.72,15.04,,76.7,57.0,203.2,Canada,FAO,2023
4832,Broccoli,Grains,670.7,44.78,,32.53,10.82,56.34,1037.4,544.2,17.16,10.1,90.1,2.0,67.0,295.4,Australia,NutritionData.self.com,2024
3493,Pineapple,Fruits,795.3,23.49,21.24,61.0,18.46,39.68,278.0,845.2,173.83,2.58,311.6,68.3,91.0,271.9,Brazil,FAO,2021
1175,Blueberries,Grainss,-999.0,25.65,75.23,119.68,19.78,24.4,194.1,359.4,55.13,15.92,,89.5,96.0,267.6,Canada,OpenFoodFacts,2023
878,Shrimp (XJ),Oils,599.9,33.5,43.5,1.16,6.08,,503.9,1193.7,136.68,6.08,6.2,23.4,5.0,247.3,UK,OpenFoodFacts,2019
492,Cottage Cheese,Dairy,565.7,37.61,0.72,22.88,1.69,7.72,1511.4,844.7,177.5,5.29,107.0,87.4,75.0,136.7,China,FAO,2023
240,Milk (Whole),Nuts & Seeds,175.9,18.48,21.97,2.08,5.9,23.42,132.9,1003.2,170.9,19.93,24.2,45.5,30.0,246.4,UK,FAO,2024.
4728,Orange (LG),Legumes,762.6,10.3,41.63,6.37,17.02,0.96,977.5,256.5,57.26,11.01,75.1,0.8,61.0,266.9,Canada,NutritionData.self.com,2024
2211,BREAD (WHOLE WHEAT),Grains,683.5,,49.35,,,4.25,522.8,1149.6,,12.34,,71.8,82.0,200.1,India,Kaggle FoodDB,2021
2657,Lamb (XI),Nuts & Seeds,743.5,35.84,58.88,7.37,4.18,22.24,1432.6,205.6,123.1,14.67,52.6,2.8,60.0,23.2,Nigeria,NutritionData.self.com,2018
2499,Olive Oil (BD),Proteins,883.1,10.72,61.24,57.53,19.05,,,551.5,82.9,2.02,218.0,77.5,36.0,54.7,Brazil,OpenFoodFacts,2022
4241,Peas,Oils,614.6,16.8,64.5,,9.11,,346.7,93.5,28.17,9.79,261.2,69.4,109.0,75.0,India,OpenFoodFacts,2019
4266,Mushroom (GU),Seafood,409.0,2.33,16.75,105.85,9.15,1.78,267.6,320.2,128.68,14.64,,80.0,N/A,270.3,Nigeria,NutritionData.self.com,2024
2440,Milk (Whole) (PF),legumes,155.6,6.46,19.56,112.09,17.57,52.23,454.4,631.6,19.25,19.17,435.0,84.3,25.0,252.2,Germany,FAO,2021
813,CORN,Proteins,129.7,41.06,9.44,73.0,0.06,20.18,293.0,654.7,64.57,10.78,224.4,1.0,30.0,203.0,UK,Kaggle FoodDB,2020
2101,Olive Oil,Dairy,825.3,0.56,32.55,99.77,0.68,3.62,,379.1,143.3,17.03,79.6,73.7,94.0,42.6,USA,OpenFoodFacts,2020
169,Bell Pepper (RX),Vegetables,55.9,10.26,,,9.13,57.4,1643.7,744.8,47.76,17.47,212.9,37.9,25.0,147.6,Australia,Kaggle FoodDB,2024
2975,Almonds (WD)  ,Grains,358.2,25.86,,64.69,14.34,12.84,1024.7,878.6,66.2,19.18,83.3,64.0,62.0,276.5,Canada,FAO,2018
1184,Green Beans (AW),Oils,840.2,48.51,46.71,33.65,5.8,3.41,797.1,834.1,176.23,4.92,40.3,35.0,11.0,59.3,Nigeria,FAO,2020.
3135,Tofu,Seafood,,34.1,52.3,44.03,19.42,24.5,,956.0,135.88,1.41,383.0,65.1,94.0,119.6,Brazil,OpenFoodFacts,2018
4160,Bell Pepper,Fruits,517.9,20.15,1.23,27.99,6.74,27.56,843.4,300.2,63.31,2.58,258.4,26.0,33.0,151.3,Mexico,USDA,2022
4916,OLIVE OIL,Grains,826.5,46.93,9.47,101.1,9.88,20.62,588.1,42.8,33.45,7.16,84.6,39.5,64.0,250.6,India,FAO,2020
374,Greek Yogurt (LN),Legumes,621.0,39.11,37.18,58.5,8.77,35.43,1051.9,463.8,40.66,1.7,112.1,59.0,71.0,201.7,China,Kaggle FoodDB,2023
4114,Strawberry,Oils,99.1,23.11,43.36,45.61,19.31,8.9,173.5,108.8,74.8,15.05,480.6,14.2,86.0,259.5,UK,Kaggle FoodDB,2024
2727,Tofu,Oils,,4.9,64.92,,6.93,16.82,1192.9,884.3,22.52,6.5,225.0,47.9,77.0,121.2,Canada,USDA,2021
1648,Zucchini,Vegetables,746.9,44.82,32.24,43.02,0.52,49.46,,73.7,35.09,,313.9,40.2,85.0,49.1,UK,OpenFoodFacts,2019
995,Milk (Whole) (CE),Seafood,337.7,3.7,69.63,112.53,9.11,5.44,1858.9,413.1,198.01,1.73,422.1,8.4,40.0,253.6,Germany,FAO,2024
1232,Chicken Breast (AB),Dairy,222.4,45.58,48.78,4.58,1.89,33.96,1204.9,1101.6,74.66,17.3,319.3,72.3,47.0,141.0,China,OpenFoodFacts,2018
4237,Blueberries,Fruits,70.1,1.04,75.13,63.07,15.28,31.05,756.3,466.7,,5.91,467.1,52.0,95.0,252.8,Brazil,NutritionData.self.com,2019
2116,Green Beans,Vegetables,153.9,45.41,6.13,47.8,19.49,24.27,1601.0,159.6,52.53,12.29,227.6,5.4,50.0,91.6,Brazil,NutritionData.self.com,2020
2222,White Rice,Vegetables,495.8,12.31,5.87,64.48,14.84,29.97,1396.0,543.0,58.23,15.52,360.7,28.4,60.0,36.0,Brazil,OpenFoodFacts,2020
2779,Tuna (Canned) (HS),Seafood,412.1,44.88,60.99,42.54,15.22,34.57,895.3,913.4,124.16,8.78,367.9,88.1,11.0,170.4,Mexico,USDA,2024
811,Garlic,Fruits,886.7,8.41,51.55,13.62,9.02,41.23,1430.8,257.5,38.18,15.66,46.6,18.8,108.0,254.9,UK,Kaggle FoodDB,2022.
671,Tofu,Nuts & Seeds,172.6,42.56,72.71,,1.55,32.14,621.7,535.3,112.06,9.8,325.1,89.0,3.0,51.1,Germany,Kaggle FoodDB,2020
1216,Garlic,legumes,,40.18,19.9,77.46,2.22,19.68,769.8,1178.3,27.7,4.64,313.0,78.3,85.0,126.1,Canada,OpenFoodFacts,2021
829,White Rice,Grains,669.0,18.14,,30.97,11.78,,1016.2,280.0,92.12,1.24,422.3,0.2,3.0,46.3,India,Kaggle FoodDB,2019
200,BREAD (WHOLE WHEAT),Dairy,,14.21,18.74,65.15,19.06,47.85,1546.4,770.3,25.33,12.79,,17.2,104.0,153.5,Germany,Kaggle FoodDB,2019
4883,Turkey Breast,Legumes,724.8,18.34,46.34,87.7,2.59,24.35,1633.3,128.8,186.25,0.53,418.1,49.6,63.0,136.7,Brazil,FAO,2019
297,Brown Rice,Nuts & Seeds,697.6,23.44,69.93,108.05,14.17,49.01,804.9,1085.3,62.25,9.07,255.8,15.3,34.0,105.2,Brazil,NutritionData.self.com,2018
4178,BEEF (LEAN) (CJ),Fruits,735.0,39.92,46.91,6.4,17.14,4.55,456.4,382.4,111.19,4.84,2.3,19.9,42.0,116.1,UK,NutritionData.self.com,2023
912,Blueberries,Fruits,255.9,46.34,52.11,90.69,,9.38,1324.7,236.0,187.29,0.09,291.2,27.7,85.0,228.3,Canada,USDA,2019
3795,Lentils (NS),Seafood,,21.92,70.12,13.79,3.85,38.7,,922.2,83.87,15.87,100.3,50.9,37.0,262.2,Germany,NutritionData.self.com,2022
2345,Olive Oil,Dairy,848.7,25.68,37.36,53.32,5.22,37.03,1372.2,1112.3,135.81,,119.6,81.0,45.0,234.2,UK,FAO,2024
3705,Celery,Oils,,13.21,37.98,5.41,18.54,12.34,173.0,614.8,10.5,4.03,40.8,65.9,73.0,179.0,China,Kaggle FoodDB,2018
1492,Kale,Proteins,348.5,15.02,23.49,19.88,15.59,22.93,1247.8,815.6,105.19,15.3,313.8,82.3,46.0,203.0,China,USDA,2022
2348,GARLIC,Vegetables,338.5,23.59,63.2,83.68,8.8,11.31,282.9,1171.6,179.57,2.55,398.8,56.4,64.0,247.0,Germany,USDA,2018
562,Kale,Legumes,207.4,49.88,76.66,,0.91,4.46,207.3,45.4,87.58,10.42,205.0,74.9,28.0,132.7,USA,FAO,2021
502,Bread (Whole Wheat)  ,Legumes,491.8,2.65,2.11,82.61,9.77,25.25,1543.9,93.0,85.33,11.41,484.0,21.0,13.0,216.2,Canada,USDA,2023
486,Quinoa,Nuts & Seeds,813.0,49.37,,97.81,6.36,56.08,1120.8,1044.8,159.52,14.53,20.0,4.7,106.0,87.4,Australia,Kaggle FoodDB,2019
3028,Bread (Whole Wheat),Proteins,584.7,11.46,16.07,92.6,13.25,19.49,924.2,302.3,20.62,,355.2,73.1,44.0,62.5,China,FAO,2023.
916,Brown Rice,Legumes,403.8,4.3,6.14,48.98,12.29,53.46,119.1,518.8,134.41,6.15,496.6,66.5,104.0,249.7,UK,OpenFoodFacts,2019
4261,Quinoa,Fruits,,22.74,34.53,48.37,11.26,52.12,491.2,1184.9,150.85,17.77,,61.6,71.0,54.0,Nigeria,OpenFoodFacts,2019
1245,Black Beans,Vegetables,689.7,37.87,,65.11,9.98,6.7,341.0,825.1,154.41,9.63,384.7,28.6,88.0,110.2,China,NutritionData.self.com,2022
1731,Brown Rice (IL),Nuts & Seeds,,23.04,56.81,69.38,16.77,35.04,,1190.9,194.81,15.79,20.3,45.0,40.0,287.5,Germany,OpenFoodFacts,2024
4871,Bell Pepper,Legumes,356.3,14.37,15.54,84.6,14.29,42.34,768.7,265.9,163.47,5.48,269.8,31.7,84.0,14.1,Nigeria,Kaggle FoodDB,2023
3959,Mushroom,Oils,,30.5,51.73,46.66,13.11,8.27,1453.7,717.6,185.29,9.97,,41.8,91.0,87.6,China,OpenFoodFacts,2020
1993,Tofu (ES),Dairy,557.0,12.07,76.8,65.8,8.28,51.48,1258.7,1055.5,138.43,16.7,409.1,22.8,56.0,61.3,Nigeria,NutritionData.self.com,2023
229,Turkey Breast,nuts & seeds,,,15.5,99.59,10.71,46.09,1738.5,745.7,129.49,14.81,75.3,27.5,48.0,241.8,India,FAO,2022
4547,Tofu (FJ),Nuts & Seeds,32.2,7.37,,73.26,8.04,12.88,1381.9,1019.2,92.13,0.11,,78.9,109.0,129.6,Brazil,FAO,2024
1504,Peas (OE),Nuts & Seeds,320.3,0.6,27.27,51.26,0.05,30.14,92.9,79.7,118.28,2.43,426.5,31.4,96.0,50.2,Germany,NutritionData.self.com,2018
839,Cheddar Cheese (AI),Vegetables,530.9,30.25,,112.97,15.21,42.42,543.0,892.7,109.78,16.34,187.2,11.5,57.0,289.3,Brazil,NutritionData.self.com,2020
3226,Peanut Butter,nuts & seeds,804.0,27.61,18.73,58.35,18.71,36.27,1452.9,191.7,170.13,6.56,439.5,6.7,76.0,32.8,UK,OpenFoodFacts,2019
1243,Salmon  ,Fruits,698.4,27.25,13.68,36.33,0.23,2.28,13.5,1062.7,188.84,2.51,153.3,12.7,18.0,56.7,Canada,OpenFoodFacts,2018
1943,Sweet Potato,Nuts & Seeds,710.7,33.68,19.17,43.82,15.43,8.07,559.2,133.6,138.59,13.75,12.3,64.9,32.0,254.1,UK,NutritionData.self.com,2020
249,MANGO,Nuts & Seeds,868.0,22.9,78.73,95.91,16.16,13.83,302.9,610.8,161.4,4.56,342.8,1.1,9.0,54.9,UK,Kaggle FoodDB,2018
1878,Green Beans  ,fruits,467.4,9.64,34.13,51.91,15.81,,214.5,274.5,97.59,13.65,241.7,55.3,24.0,207.7,India,FAO,2019
894,Beef (Lean),Fruits,369.5,9.7,28.86,70.56,18.36,44.59,952.5,49.0,55.57,3.12,155.4,76.3,22.0,245.8,Mexico,NutritionData.self.com,2021
4561,Olive Oil (XV),Grains,653.7,41.66,57.72,42.16,11.73,40.71,1493.5,824.6,192.27,,394.8,90.9,32.0,213.4,Nigeria,OpenFoodFacts,2020
2652,Corn  ,Dairy,,7.46,14.39,28.65,9.44,4.31,983.2,99.5,144.4,17.45,269.3,94.8,98.0,29.4,China,OpenFoodFacts,2021
3636,Milk (Whole),Seafood,447.8,40.47,67.83,66.1,7.33,50.22,1336.1,194.8,134.17,,491.3,76.6,27.0,183.2,Australia,Kaggle FoodDB,2021.
1048,Greek Yogurt,Oils,41.5,25.36,30.91,18.2,15.07,32.94,126.8,50.5,117.67,2.49,275.4,65.7,34.0,31.7,China,Kaggle FoodDB,2019
4969,Greek Yogurt  ,Grainss,0.0,37.51,32.91,74.86,7.52,6.08,1518.4,228.9,111.96,,189.1,34.3,N/A,253.8,USA,FAO,2024.
4212,Turkey Breast (MN)  ,Dairy,,47.11,,89.51,17.49,57.49,90.4,423.3,49.8,15.18,345.2,83.9,80.0,211.3,India,USDA,2023
600,Quinoa (EH),Seafood,56.0,35.79,37.91,,19.41,3.22,100.4,1103.4,109.06,15.5,454.6,6.2,9.0,132.0,Mexico,Kaggle FoodDB,2024
2571,Oats (QP),Fruits,376.5,18.42,77.39,111.26,4.71,31.41,119.9,1008.0,122.57,19.08,149.6,94.4,106.0,45.1,India,USDA,2018
1201,Garlic,Proteins,687.3,35.19,18.17,,0.43,14.38,1308.2,421.5,,7.23,324.7,69.3,47.0,22.0,Brazil,OpenFoodFacts,2018
4036,Brown Rice,Oils,889.8,36.01,61.47,48.08,13.1,36.5,,492.2,62.26,9.09,134.5,8.3,77.0,96.9,China,NutritionData.self.com,2022
4321,Mushroom,nuts & seeds,531.0,10.56,11.87,,,39.26,1284.4,597.7,162.03,2.65,96.3,12.8,27.0,287.3,USA,OpenFoodFacts,2019
2601,Blueberries (CW),Grains,574.0,33.43,22.19,,11.6,13.49,1633.2,102.6,187.19,4.18,160.1,5.1,58.0,155.1,India,NutritionData.self.com,2019
3132,Cucumber (TD),Legumes,744.2,30.47,14.6,51.83,5.05,20.53,1260.2,354.2,,14.07,207.9,18.0,13.0,104.0,Germany,USDA,2021
1118,Almonds (GV),Legumes,,49.46,42.3,40.91,16.05,26.91,1610.5,768.1,114.85,17.38,50.3,9.0,23.0,227.1,China,Kaggle FoodDB,2019
89,Pork Loin,Grainss,800.7,,60.58,71.44,10.06,37.19,1804.9,1091.2,92.55,15.47,480.1,20.9,26.0,223.9,Canada,OpenFoodFacts,2024
334,Bell Pepper,Oils,122.1,15.23,55.52,83.9,7.16,56.35,886.9,1028.6,157.82,19.67,382.5,8.3,109.0,33.9,Nigeria,OpenFoodFacts,2018
4705,Apple,Fruits,385.3,17.37,73.14,117.34,13.24,28.94,124.6,1044.0,43.2,13.36,254.6,30.4,32.0,189.7,Germany,Kaggle FoodDB,2024
3816,Carrot (NY),Legumes,528.3,35.49,20.34,10.26,,44.78,1063.7,1028.3,198.57,17.07,350.1,56.7,61.0,75.6,China,USDA,2019
2516,PEANUT BUTTER,Oils,835.2,41.05,34.61,112.95,17.59,26.7,1256.3,358.9,188.85,17.74,116.0,21.3,74.0,182.3,India,OpenFoodFacts,2022
1906,CORN,Legumes,198.2,2.71,60.51,115.97,,35.12,371.6,764.7,176.8,,196.6,93.5,N/A,247.4,Mexico,OpenFoodFacts,2024
3415,Pork Loin,Proteins,709.7,6.76,73.38,103.97,11.51,,198.6,16.7,60.98,10.1,232.8,97.7,20.0,50.9,Australia,Kaggle FoodDB,2019
2078,Lamb (EA),Fruits,417.1,,43.83,44.88,8.93,1.73,1794.8,931.9,54.28,19.65,367.8,93.5,4.0,59.6,USA,OpenFoodFacts,2018
4242,Peanut Butter,Seafood,,34.8,71.07,2.12,9.37,9.0,787.0,800.0,87.45,5.73,340.2,96.1,81.0,155.3,Mexico,NutritionData.self.com,2018.
3354,Zucchini,Oils,,27.47,51.54,111.19,5.73,12.21,140.5,431.0,178.37,6.82,,44.1,74.0,264.4,UK,OpenFoodFacts,2024.
3054,SWEET POTATO (LM),Dairy,273.0,34.69,,,13.77,34.81,997.5,50.3,3.24,10.79,323.1,10.1,40.0,211.6,Canada,USDA,2019
145,Greek Yogurt,Seafood,270.7,20.38,49.99,83.87,13.04,0.2,1438.5,452.6,32.1,0.5,300.6,95.6,9.0,46.2,Germany,OpenFoodFacts,2019
316,Cheddar Cheese (QR),dairy ,632.5,22.7,42.57,100.58,0.07,11.17,1052.7,448.4,111.79,16.75,480.7,85.9,62.0,158.4,India,OpenFoodFacts,2023
2908,Salmon (YM),Fruits,219.0,39.82,65.05,51.38,18.01,18.58,,58.5,105.4,,,42.6,65.0,36.7,UK,Kaggle FoodDB,2023
2856,Watermelon (XY),Vegetables,465.2,21.11,16.63,119.59,15.5,53.32,1871.9,996.8,155.52,0.78,285.4,13.6,83.0,73.3,China,USDA,2019.
2349,White Rice,Legumes,542.4,35.36,5.14,,5.64,15.34,1491.3,1032.4,91.14,18.35,388.0,50.3,35.0,79.0,China,NutritionData.self.com,2024
2260,Almonds (FP),dairy ,402.4,22.28,65.88,90.14,15.25,20.77,1277.0,588.7,127.71,6.04,332.2,42.2,N/A,221.4,India,FAO,2024.
4411,Sweet Potato,Oils,87.5,,44.37,68.2,15.17,0.18,1253.2,27.2,44.42,0.92,405.3,34.7,97.0,283.4,Australia,Kaggle FoodDB,2018
3789,Sweet Potato,Vegetables,,4.48,59.33,118.69,3.15,35.64,1644.5,434.1,86.88,1.5,390.8,76.8,40.0,245.5,Canada,FAO,2023
2108,Avocado,Seafood,817.4,12.31,23.77,109.51,10.44,39.01,1979.8,361.8,112.46,1.87,343.0,35.0,78.0,261.0,Germany,Kaggle FoodDB,2022
4658,Carrot,Legumes,503.0,9.86,54.76,,8.44,45.18,1682.3,226.2,35.94,8.27,481.9,72.5,61.0,171.7,Canada,NutritionData.self.com,2024
3428,Cucumber,dairy ,569.7,49.29,61.95,,10.54,35.18,967.4,1150.3,175.51,18.8,294.3,3.7,24.0,84.3,China,OpenFoodFacts,2023
1544,Chicken Breast,seafood,245.8,13.5,,65.54,2.41,23.29,,169.6,50.71,18.86,77.1,59.0,98.0,146.7,Brazil,Kaggle FoodDB,2019
4394,Banana (KT),Fruits,60.1,36.38,50.46,73.24,2.08,48.36,911.2,1128.0,106.26,13.54,178.4,48.6,72.0,55.6,UK,Kaggle FoodDB,2023
1413,Orange,Dairy,257.4,42.84,5.82,84.98,14.66,59.98,787.7,325.1,169.99,13.99,163.4,97.2,10.0,184.7,Canada,USDA,2023
678,Kale,nuts & seeds,370.1,8.41,49.13,70.4,2.5,,1035.3,225.1,165.39,18.45,101.2,37.5,54.0,158.8,USA,USDA,2021.
3908,Beef (Lean) (ZE),Proteins,291.5,31.47,2.9,93.61,10.38,49.98,1355.5,637.4,93.6,17.98,397.3,41.2,97.0,210.0,Australia,USDA,2021
4383,Green Beans,Dairy,525.0,28.95,23.85,108.2,9.33,56.12,1775.2,721.3,,6.18,242.2,81.6,13.0,202.4,Germany,OpenFoodFacts,2021
2112,Zucchini (CR),Legumes,197.8,,57.82,75.68,18.6,58.61,1270.6,82.4,143.28,9.34,6.4,89.1,N/A,97.9,India,OpenFoodFacts,2019
4188,Sweet Potato,Seafood,529.1,0.1,77.57,68.85,13.93,40.11,1993.1,1113.5,91.18,8.68,143.3,46.7,65.0,156.6,Mexico,OpenFoodFacts,2023
101,Mango,Grainss,47.7,22.51,77.77,55.9,18.12,9.97,620.9,1040.3,119.86,11.26,200.3,21.5,65.0,31.4,Canada,USDA,2023
2988,Turkey Breast,Fruits,464.2,22.72,0.49,102.17,1.17,,1051.4,126.6,70.09,14.73,6.7,3.5,86.0,286.1,UK,USDA,2020
4450,Peas,Vegetables,663.2,16.0,,31.93,5.96,,1260.6,820.4,69.63,4.14,145.6,86.6,60.0,35.6,Brazil,Kaggle FoodDB,2018
1174,Sweet Potato (QL),Grains,248.6,41.84,55.48,113.09,3.42,41.62,745.6,867.9,19.47,11.41,,9.2,70.0,54.8,Mexico,USDA,2020
4697,Bell Pepper (QY),Vegtables,464.9,,10.54,77.58,13.35,,247.9,178.5,160.35,15.01,124.0,74.7,N/A,239.4,Germany,NutritionData.self.com,2021
4940,Salmon,Proteins,734.4,37.49,60.87,,1.47,23.95,1350.1,1068.9,133.64,14.52,239.3,29.8,79.0,242.2,UK,FAO,2020.
808,Beef (Lean),PROTEINS,834.5,49.07,29.79,98.53,12.95,8.86,24.2,678.7,5.7,3.15,464.2,13.1,50.0,112.4,UK,Kaggle FoodDB,2022
2105,Peas,Nuts & Seeds,718.1,13.16,24.14,9.22,1.65,38.85,115.5,61.1,2.13,4.89,22.8,83.3,106.0,177.1,Brazil,USDA,2020
2529,Salmon (PH),Vegetables,27.8,32.06,49.29,106.07,13.08,26.03,35.0,76.7,38.37,13.06,207.1,73.1,71.0,111.3,Australia,FAO,2020
2985,ZUCCHINI (DJ),Oils,500.9,21.99,27.52,88.63,2.1,10.58,1284.9,127.8,116.51,6.82,37.3,36.9,63.0,178.1,Mexico,Kaggle FoodDB,2022.
4517,Avocado,Dairy,478.8,23.52,39.59,101.43,9.67,30.76,1138.8,440.4,,18.88,443.4,79.9,27.0,182.5,UK,FAO,2021
2991,Chicken Breast,Nuts & Seeds,177.7,32.77,72.7,35.54,2.53,18.68,,487.0,175.33,12.77,394.1,24.9,98.0,147.3,Australia,NutritionData.self.com,2024
2664,Mango,Nuts & Seeds,616.5,25.07,52.4,118.85,13.66,7.93,759.9,836.5,12.77,15.0,435.8,9.9,2.0,242.2,Mexico,FAO,2021
4695,CHICKEN BREAST,Oils,407.8,21.4,15.42,86.21,13.68,15.63,1686.5,315.9,169.27,13.7,265.5,31.8,81.0,225.0,Brazil,OpenFoodFacts,2023
4341,Lentils,Vegetables,409.5,33.73,25.97,101.52,15.84,20.08,5.3,20.3,44.08,9.72,413.2,81.3,4.0,102.3,Germany,FAO,2018
1346,SPINACH,Oils,394.4,,76.13,62.67,12.8,10.83,633.2,256.6,136.16,13.81,317.4,16.1,31.0,270.2,China,FAO,2019
4590,Egg,Proteins,661.8,,7.18,90.43,16.7,57.99,397.4,973.9,64.8,12.24,192.0,79.9,75.0,89.7,Germany,NutritionData.self.com,2023
2992,Shrimp,Nuts & Seeds,724.0,11.5,41.47,104.51,13.44,34.52,1578.7,140.9,128.5,13.44,34.0,10.4,59.0,102.1,Australia,USDA,2024
1733,Mushroom,Oils,483.8,46.68,24.54,30.64,,32.57,745.6,591.8,23.65,3.26,409.3,47.8,37.0,253.9,USA,FAO,2024
2060,Egg,Vegetables,500.0,45.55,45.16,,11.74,24.39,51.2,124.1,100.12,9.2,317.9,90.5,18.0,78.2,UK,NutritionData.self.com,2020
3490,Kale (QS),Grains,392.5,9.14,35.01,54.45,12.84,27.17,658.7,1149.3,194.96,0.24,458.6,7.4,2.0,208.0,USA,Kaggle FoodDB,2020
1845,Mushroom,legumes,849.9,45.48,78.56,76.01,15.5,44.08,1029.3,32.9,188.52,0.54,283.4,8.7,66.0,27.0,Canada,FAO,2018
4251,Beef (Lean) (BQ),seafood,352.5,2.21,7.78,96.11,11.56,22.41,803.0,677.7,48.89,1.75,493.1,66.5,23.0,66.7,Germany,NutritionData.self.com,2021
1392,Shrimp,Proteins,84.7,20.74,13.58,37.12,0.86,50.51,273.7,333.2,126.16,15.71,48.7,32.7,107.0,286.2,China,Kaggle FoodDB,2019
2253,Watermelon,Grains,608.9,13.34,62.09,51.2,12.29,4.82,1226.0,711.3,114.86,1.87,21.2,47.7,35.0,200.6,China,Kaggle FoodDB,2020.
1873,Cottage Cheese,Nuts & Seeds,465.2,31.04,26.55,1.91,9.37,35.26,1649.2,299.6,9.05,19.51,347.9,95.6,57.0,184.5,Germany,USDA,2022.
4393,Strawberry (LX),Grains,588.1,11.85,6.99,15.18,13.27,18.97,209.7,304.6,44.36,10.57,286.0,84.3,39.0,73.8,Germany,FAO,2021
4946,Greek Yogurt  ,Nuts & Seeds,848.1,12.75,79.86,64.39,19.17,7.03,441.7,394.7,71.85,0.74,36.4,25.2,93.0,210.3,China,Kaggle FoodDB,2018
1221,Green Beans (TD),Grainss,856.8,39.94,5.25,103.2,6.04,46.31,326.8,982.8,152.33,5.57,108.7,91.0,45.0,298.3,UK,OpenFoodFacts,2021
2963,Cheddar Cheese,Seafood,315.3,6.54,,52.06,11.79,0.97,1531.6,1065.1,169.88,0.89,368.3,81.9,56.0,163.1,Canada,NutritionData.self.com,2023
1428,Corn,Grains,857.6,38.37,53.9,71.85,4.22,58.41,588.6,1056.2,32.77,0.95,301.7,84.6,83.0,80.4,UK,Kaggle FoodDB,2023
3784,Pork Loin,Fruits,747.4,32.98,22.48,89.2,14.44,30.09,1466.1,681.0,,11.84,259.8,78.3,25.0,31.6,Mexico,OpenFoodFacts,2024
2674,Shrimp (CS),Vegetables,195.3,26.44,4.13,,11.28,38.74,432.5,661.4,135.02,12.0,302.5,71.7,29.0,59.8,USA,NutritionData.self.com,2018
2690,Tofu (VM),Seafood,375.8,41.91,34.18,92.88,9.46,19.46,99999.0,252.3,50.14,6.35,295.2,90.0,94.0,243.1,Brazil,USDA,2023
3076,Zucchini,Nuts & Seeds,782.2,12.57,50.03,101.52,,31.49,899.8,627.4,117.26,15.55,207.2,58.9,6.0,123.2,Canada,NutritionData.self.com,2019
298,Zucchini,Proteins,209.9,30.33,28.73,,10.79,12.55,1637.2,1081.9,155.68,6.08,465.9,89.7,6.0,33.9,Nigeria,OpenFoodFacts,2022
3829,Tomato,Proteins,760.0,19.63,2.78,105.32,15.2,6.1,1525.7,200.7,48.35,,236.2,88.4,19.0,141.7,Mexico,FAO,2022
1834,KALE,Fruits,678.3,45.93,,100.62,19.99,37.86,1310.7,941.1,155.24,8.12,59.2,4.1,108.0,160.5,UK,USDA,2018
1963,Pork Loin,Seafood,759.0,47.69,24.78,88.79,4.78,7.86,1507.3,252.0,58.21,6.68,104.3,54.4,56.0,198.0,Brazil,OpenFoodFacts,2023
1076,Garlic,Oils,396.4,1.85,42.49,21.13,0.39,22.77,378.7,459.3,74.84,8.94,356.6,2.0,73.0,265.1,Germany,NutritionData.self.com,2024
309,Salmon,Legumes,719.8,44.38,72.66,102.04,10.75,27.47,767.6,82.5,189.76,10.93,153.8,55.8,84.0,149.9,Canada,NutritionData.self.com,2021
231,BLUEBERRIES,Oils,719.4,33.27,41.01,22.42,14.76,47.74,1441.6,673.0,74.8,16.65,208.9,11.4,62.0,94.5,Germany,USDA,2024
3706,Onion (CU),Fruits,798.7,25.27,8.8,46.27,19.28,,1035.5,491.7,44.14,,338.9,59.6,108.0,99.3,Canada,OpenFoodFacts,2023
4777,WATERMELON (NV),Grains,20.5,26.92,21.21,46.74,14.65,19.85,568.9,184.0,67.2,11.03,483.2,91.4,5.0,223.9,India,FAO,2019
2324,Turkey Breast,Fruits,292.2,35.17,46.99,3.57,12.73,20.32,355.3,1039.9,100.35,15.19,338.5,74.0,45.0,290.5,Australia,OpenFoodFacts,2022
1537,Pasta,Grains,179.4,,72.5,76.05,10.88,22.88,1123.9,601.3,160.89,16.85,291.7,21.0,N/A,203.0,Mexico,FAO,2018
1452,CUCUMBER,Dairy,563.7,49.84,49.75,18.97,14.58,11.69,1887.9,938.7,131.03,0.51,449.3,40.6,79.0,222.5,Brazil,USDA,2019
2861,Strawberry,Legumes,782.8,2.86,,113.11,9.01,9.93,1762.3,439.6,63.5,7.8,411.4,2.2,7.0,35.7,Nigeria,USDA,2019
4049,OLIVE OIL,Oils,,47.66,72.9,49.06,,37.53,6.1,874.0,93.53,0.34,,12.7,4.0,65.6,China,USDA,2018
3371,Peas (TJ),Seafood,212.5,7.9,68.22,77.73,0.44,17.25,1228.1,214.0,154.4,0.08,482.3,83.1,50.0,266.4,Canada,USDA,2022
1104,Peas,Fruits,836.4,,28.97,2.08,11.68,21.26,1809.2,532.9,32.57,8.31,147.9,36.8,100.0,98.4,Australia,FAO,2023
4770,Quinoa,Oils,324.1,9.1,5.22,43.84,19.61,11.16,1472.8,773.5,45.63,17.05,414.4,45.9,103.0,173.8,USA,USDA,2024
2006,Zucchini,Grainss,688.3,18.9,74.24,103.89,9.48,7.94,783.5,10.4,47.31,16.57,317.7,24.4,18.0,166.7,Nigeria,NutritionData.self.com,2021
4339,Olive Oil (UW),Oils,357.2,,29.8,69.16,12.67,,1103.5,429.4,159.22,11.16,262.0,20.7,106.0,59.7,USA,OpenFoodFacts,2019
1761,Brown Rice,Vegtables,419.9,14.09,55.54,7.47,19.11,34.07,,522.1,32.67,16.85,398.2,98.9,1.0,180.2,UK,Kaggle FoodDB,2021
427,Quinoa (SZ),Nuts & Seeds,408.5,49.17,25.89,73.37,10.3,2.4,1926.0,458.2,23.81,2.14,281.7,73.0,5.0,62.2,Mexico,Kaggle FoodDB,2020
1273,Tofu (SB),Fruits,706.3,3.37,45.07,111.33,12.68,20.53,1048.1,286.8,57.11,6.24,490.5,2.6,108.0,44.3,Australia,Kaggle FoodDB,2020
2139,Greek Yogurt,Seafood,184.9,33.49,8.21,96.17,12.81,28.04,1932.8,665.9,198.6,2.8,22.1,11.3,49.0,299.3,Australia,NutritionData.self.com,2023
1306,White Rice,Fruits,786.5,22.21,4.09,70.93,15.99,2.12,820.5,143.4,32.3,10.99,224.3,42.8,26.0,258.5,Australia,USDA,2019
643,Pasta,Dairy,206.1,16.4,38.02,107.68,1.03,26.51,1345.8,796.2,59.09,10.05,324.3,2.0,94.0,54.1,Canada,USDA,2019
1213,Broccoli,Seafood,164.0,20.11,52.89,59.73,14.12,19.39,1345.6,192.1,189.73,5.65,467.4,26.6,106.0,176.4,Nigeria,NutritionData.self.com,2021
1074,Avocado,Oils,35.7,23.09,3.64,105.07,1.45,26.36,,722.9,111.54,3.96,77.3,50.8,2.0,207.7,Canada,USDA,2018.
1211,Tuna (Canned) (WB),Vegetables,395.0,24.88,11.32,116.13,8.17,47.25,992.0,461.2,195.58,19.66,74.0,0.9,24.0,273.3,India,OpenFoodFacts,2018
506,Peas,Legumes,163.1,9.17,34.54,101.32,14.25,18.54,298.3,839.4,183.54,3.09,479.0,40.4,23.0,49.1,China,NutritionData.self.com,2019
4454,Egg,Oils,727.7,9.53,77.7,47.09,8.08,15.56,230.0,774.5,85.77,2.21,,38.4,99.0,242.7,Brazil,USDA,2024.
4201,Banana,Proteins,768.0,47.29,37.46,2.67,15.85,41.01,593.1,1158.8,64.35,11.38,207.2,6.6,68.0,167.9,India,OpenFoodFacts,2022
3485,Bell Pepper (RD),Vegetables,533.2,36.06,,64.48,5.73,46.06,636.3,1007.1,170.98,8.34,75.7,10.2,69.0,240.7,Mexico,Kaggle FoodDB,2022
2536,Garlic,Nuts & Seeds,754.0,35.09,46.41,107.45,14.73,8.93,1093.7,103.7,149.59,9.96,234.6,28.1,25.0,44.2,Germany,USDA,2022
1256,Chicken Breast (XN),Vegetables,398.7,27.54,76.2,119.55,1.85,21.31,94.7,1113.2,168.63,7.61,29.1,80.1,55.0,30.4,Mexico,NutritionData.self.com,2021
1655,Green Beans (FL),Grains,97.1,12.04,71.18,104.56,,40.67,1272.2,272.0,116.21,16.63,330.1,93.4,47.0,249.0,Brazil,USDA,2019.
4674,White Rice,Grains,119.1,8.08,63.34,71.72,12.14,49.82,2.1,101.0,171.95,12.22,436.6,18.7,61.0,89.4,UK,USDA,2023
777,Cottage Cheese (JR),Dairy,221.7,31.37,24.08,110.02,7.33,49.73,283.9,865.8,84.17,,129.9,56.8,36.0,298.5,Mexico,Kaggle FoodDB,2022
3353,EGG (XA),Proteins,818.9,42.64,69.43,92.67,8.77,31.96,1348.0,614.4,95.58,3.23,,73.2,96.0,233.9,Mexico,USDA,2018
1375,Greek Yogurt,dairy ,237.6,10.55,73.4,10.59,11.12,10.79,149.0,759.5,60.96,8.15,278.2,70.3,N/A,121.8,UK,NutritionData.self.com,2019
1927,Olive Oil,Vegetables,537.6,20.21,0.33,20.04,0.98,23.12,,1164.8,15.76,15.93,232.0,72.5,82.0,140.4,Canada,USDA,2019
439,Chicken Breast (HM),Legumes,641.5,1.61,36.48,,3.32,18.22,96.0,1103.0,199.17,12.68,495.9,43.1,103.0,248.3,USA,USDA,2021
3619,Olive Oil,Nuts & Seeds,,0.85,1.42,45.25,9.22,25.04,,1061.9,5.67,19.36,4.9,70.8,20.0,248.4,Mexico,OpenFoodFacts,2019
1324,Lamb,Seafood,212.9,18.04,3.74,92.79,19.3,17.0,314.8,987.8,103.76,,136.2,60.2,52.0,242.4,India,Kaggle FoodDB,2018.
1042,Salmon,Nuts & Seeds,715.8,6.44,55.65,107.45,11.57,8.11,462.1,615.8,194.37,0.5,149.0,86.3,N/A,38.2,UK,Kaggle FoodDB,2021
150,Olive Oil  ,Proteins,265.2,6.65,31.31,13.64,17.68,2.22,,341.0,123.62,19.44,7.1,78.3,109.0,254.0,Brazil,Kaggle FoodDB,2018
4864,Almonds,Dairy,,40.32,55.22,119.35,14.85,13.96,703.8,216.5,81.76,16.42,,8.4,63.0,284.6,Nigeria,FAO,2019
2012,SHRIMP (AJ),Fruits,-999.0,40.31,26.33,95.64,14.11,18.5,496.3,412.7,166.62,0.1,78.3,62.2,57.0,63.4,USA,USDA,2018
1804,Beef (Lean),Proteins,281.0,23.27,79.45,94.98,17.74,25.72,730.0,231.6,100.71,0.4,276.7,61.6,35.0,267.6,USA,FAO,2019
2647,Garlic,Legumes,862.0,25.78,13.25,9.42,19.47,23.24,647.2,311.4,111.57,1.25,226.7,1.2,18.0,39.8,Brazil,FAO,2024
4458,Watermelon (BA),dairy ,143.2,43.58,9.15,,7.9,53.07,,316.8,37.02,13.69,398.6,23.6,71.0,216.2,USA,USDA,2022
3634,Spinach,Legumes,329.1,20.52,52.88,85.68,10.9,6.4,1605.4,996.7,118.25,9.93,439.0,3.6,3.0,25.3,China,NutritionData.self.com,2019
554,Avocado (JS),Grains,513.6,30.56,46.67,7.53,11.24,53.56,1515.0,701.1,82.03,7.78,297.7,32.9,92.0,77.3,UK,OpenFoodFacts,2021.
3859,Tuna (Canned),Legumes,374.8,28.76,41.94,37.81,3.59,23.87,,147.4,92.62,15.16,468.2,13.9,10.0,43.7,China,Kaggle FoodDB,2024
4866,Lentils (FP),legumes,579.4,0.35,3.43,87.19,5.87,50.12,191.2,180.4,195.52,11.46,430.8,95.5,94.0,75.9,China,FAO,2023
13,Lentils,Nuts & Seeds,752.5,26.81,74.22,118.13,2.72,40.26,1899.8,1112.8,157.5,19.27,,91.7,22.0,293.1,UK,FAO,2022
94,Turkey Breast,Oils,513.9,5.99,67.76,48.02,8.19,12.49,1334.8,573.9,,18.6,378.6,36.4,101.0,211.2,Australia,OpenFoodFacts,2022
3465,Onion (XK)  ,nuts & seeds,177.8,49.78,,44.88,4.01,53.91,1092.6,159.2,80.97,,341.7,6.9,54.0,88.8,Brazil,Kaggle FoodDB,2019
3227,Strawberry,Nuts & Seeds,232.6,18.04,32.95,88.07,8.65,,699.3,1133.0,13.02,13.94,252.6,68.5,85.0,224.3,Germany,NutritionData.self.com,2019
578,Chicken Breast,Vegetables,835.4,49.13,72.15,79.22,,3.93,24.1,353.7,189.94,2.53,277.5,70.6,36.0,92.8,Mexico,FAO,2020
3929,Egg,Fruits,625.5,6.26,66.53,3.44,2.0,56.01,1922.6,332.6,29.52,10.37,68.8,73.4,7.0,119.3,Nigeria,NutritionData.self.com,2022
3205,Banana,Seafood,615.7,33.24,,5.32,14.52,15.57,13.0,1102.6,29.07,16.07,175.6,44.8,22.0,178.6,Canada,NutritionData.self.com,2018
2102,Lamb (OG),PROTEINS,489.1,10.15,20.96,,16.21,16.5,1291.4,20.5,169.96,2.11,385.2,45.5,58.0,186.8,China,OpenFoodFacts,2018.
1045,Watermelon,Vegetables,799.7,35.05,29.47,43.2,17.39,23.16,394.4,187.9,132.91,18.76,18.6,41.0,101.0,206.1,UK,OpenFoodFacts,2024
3486,Tomato,oils,541.7,38.31,79.32,55.45,5.58,24.58,969.0,1119.5,,9.04,363.1,49.2,97.0,167.1,USA,FAO,2020
1746,Mango,Legumes,443.6,49.73,13.17,62.93,19.68,46.78,,265.7,65.05,,332.9,78.8,85.0,154.2,Brazil,USDA,2021
2759,Almonds,Vegetables,642.8,44.6,,14.37,0.14,49.68,1738.4,528.9,48.61,,240.1,83.7,102.0,132.2,Nigeria,FAO,2023
4689,Almonds (UT),Grains,,19.22,76.34,100.27,15.57,30.63,714.2,611.3,144.52,2.47,174.3,25.3,73.0,19.8,China,FAO,2020
2381,Spinach,Grains,743.7,21.61,25.04,86.55,9.16,,1399.3,6.1,86.29,,393.3,16.6,N/A,266.7,USA,FAO,2020
4162,APPLE (KA),Vegtables,94.8,31.93,7.41,54.64,19.57,54.06,1744.7,595.8,46.05,7.69,,20.0,97.0,209.0,UK,Kaggle FoodDB,2021
4839,Salmon (VY),PROTEINS,55.0,36.51,13.99,19.15,11.45,,1318.4,329.6,37.83,2.51,304.7,12.5,69.0,231.0,India,NutritionData.self.com,2019
417,Kale,Oils,278.0,17.74,55.82,18.18,15.88,,1284.3,118.2,181.94,5.43,211.4,38.8,N/A,126.2,UK,OpenFoodFacts,2018
2697,Lamb,Nuts & Seeds,616.2,,12.06,14.98,1.53,,134.1,958.4,137.68,11.45,436.4,7.9,75.0,249.9,Canada,NutritionData.self.com,2018.
4828,Oats  ,Grains,167.5,26.88,55.4,38.98,1.05,16.66,1270.0,34.2,125.36,6.24,65.6,72.8,2.0,34.5,USA,FAO,2022
1225,Lamb,Grains,389.4,5.38,33.08,5.49,5.01,17.82,1368.9,577.5,,14.36,60.9,4.6,40.0,277.8,Canada,Kaggle FoodDB,2022
1338,Greek Yogurt,Legumes,618.6,9.58,,41.99,0.45,14.13,941.1,452.5,29.25,17.65,497.8,17.8,21.0,35.9,USA,Kaggle FoodDB,2020
3913,Mushroom,Dairy,25.6,43.64,46.42,119.98,2.37,21.55,79.3,487.4,72.98,13.64,254.4,96.4,105.0,194.8,Nigeria,Kaggle FoodDB,2022
430,Beef (Lean),Dairy,123.0,35.83,67.02,34.25,,37.25,,198.4,134.38,5.03,478.9,4.9,98.0,87.7,UK,FAO,2019
1771,Brown Rice,Vegetables,424.3,5.73,0.67,102.72,7.13,19.88,1578.7,979.2,132.46,12.54,,82.8,78.0,14.7,USA,OpenFoodFacts,2021
2466,Greek Yogurt,Dairy,197.2,19.24,19.58,,0.44,11.28,1632.2,767.4,94.84,11.62,90.3,38.1,100.0,126.1,Canada,NutritionData.self.com,2021
4359,Zucchini,Vegetables,523.0,42.73,70.11,38.74,11.82,39.21,880.4,576.6,90.41,,418.3,52.7,26.0,171.8,Canada,OpenFoodFacts,2021.
1331,Olive Oil (FD),Legumes,508.7,,66.72,22.43,8.09,31.22,1486.4,580.4,157.84,7.72,115.2,44.1,77.0,94.1,Australia,Kaggle FoodDB,2019
1596,Bread (Whole Wheat),seafood,529.0,13.69,63.76,6.33,17.91,13.24,1630.8,366.9,82.59,6.25,474.0,36.4,46.0,233.1,Nigeria,NutritionData.self.com,2022
466,Cottage Cheese,Legumes,349.9,25.35,29.51,76.62,2.37,50.26,1502.0,606.8,144.52,14.73,,3.7,108.0,211.3,UK,FAO,2023
556,Avocado  ,Fruits,375.1,35.55,40.79,96.57,15.46,47.83,993.3,952.3,46.44,19.5,305.7,40.8,28.0,121.1,Brazil,FAO,2021
3749,Bread (Whole Wheat)  ,Dairy,374.1,6.27,58.41,20.23,18.62,9.77,609.9,642.3,187.37,8.0,254.7,91.4,19.0,34.1,USA,USDA,2019
1774,Cottage Cheese (AW),Dairy,860.7,8.32,17.7,87.05,8.98,39.12,357.7,352.7,109.46,5.01,184.6,2.3,84.0,246.5,Mexico,FAO,2023.
1612,Mango (DM),Legumes,592.8,38.23,19.12,63.11,18.31,2.35,716.6,113.2,23.53,15.39,226.5,28.6,15.0,248.2,Germany,Kaggle FoodDB,2020
2134,Mushroom,Grains,484.1,8.19,9.08,29.21,7.51,15.82,722.4,196.6,22.28,,186.6,22.0,13.0,296.8,Nigeria,Kaggle FoodDB,2023
1816,PINEAPPLE (KE),Seafood,871.7,6.63,41.24,1.46,11.38,,366.4,293.5,173.22,,441.2,77.5,55.0,69.6,Canada,Kaggle FoodDB,2021
4560,Tomato (XT),Grainss,,29.38,,40.56,9.59,6.03,1732.6,862.7,91.33,15.27,116.4,33.8,57.0,54.5,Canada,NutritionData.self.com,2021
1102,Shrimp,Proteins,872.8,36.16,70.0,,1.17,51.17,1604.7,642.5,167.99,5.77,234.8,17.3,102.0,46.7,USA,Kaggle FoodDB,2024
2143,Peanut Butter,Nuts & Seeds,645.0,38.76,53.61,71.57,3.18,27.28,558.2,563.4,69.57,6.48,188.5,17.6,26.0,275.1,USA,OpenFoodFacts,2020
2517,Zucchini,Fruits,,14.33,37.45,88.72,6.95,15.88,1302.5,155.6,197.14,18.35,170.7,91.2,N/A,69.4,Brazil,USDA,2020
545,Black Beans,Dairy,564.0,31.34,72.43,,11.8,9.35,1657.9,494.4,100.99,1.15,311.2,24.5,64.0,190.8,Australia,USDA,2024
3198,Pork Loin,Proteins,791.2,14.55,40.65,90.94,14.57,34.43,3.0,466.2,88.07,10.67,,44.3,66.0,23.8,Germany,NutritionData.self.com,2020
1294,Banana,oils,626.7,16.05,58.46,101.38,3.79,42.23,1496.4,203.0,93.41,11.16,165.7,42.8,24.0,172.3,Brazil,Kaggle FoodDB,2024
692,Egg,Grainss,394.4,7.92,5.47,81.87,,29.9,776.6,507.1,3.97,12.68,13.9,85.7,6.0,93.5,UK,OpenFoodFacts,2023
4240,CELERY,Oils,311.6,34.53,14.04,111.45,12.91,11.83,1001.1,733.1,9.95,8.43,,53.9,98.0,59.3,Germany,OpenFoodFacts,2024
133,Almonds,Dairy,,,,109.34,16.64,33.65,1878.6,708.6,181.61,12.14,356.6,97.2,5.0,81.4,Brazil,FAO,2024
1729,Bell Pepper,Grainss,736.3,48.08,10.16,94.73,14.15,36.12,1971.7,946.6,158.52,19.41,118.7,66.8,24.0,129.8,UK,Kaggle FoodDB,2020
4343,Sweet Potato (WR),Grains,742.0,42.19,11.45,96.16,15.41,4.49,824.9,920.0,,,152.9,37.7,19.0,112.1,USA,USDA,2020
2308,Apple (OC),Oils,563.0,14.95,76.7,95.5,0.71,54.59,1963.7,449.1,86.22,9.53,377.5,89.5,85.0,70.0,Mexico,Kaggle FoodDB,2018
799,Mushroom,Proteins,633.1,48.22,61.09,15.81,13.72,12.05,890.1,895.1,113.56,16.25,97.6,62.3,75.0,21.2,Brazil,NutritionData.self.com,2019
3865,MANGO,Grains,113.2,0.74,57.9,89.5,15.82,32.86,624.8,1122.1,38.56,8.66,347.9,64.0,50.0,79.1,Australia,NutritionData.self.com,2021
1371,Greek Yogurt,Nuts & Seeds,874.8,33.23,74.64,70.57,10.57,4.76,1030.8,43.1,60.12,14.67,,27.2,2.0,52.4,Mexico,USDA,2018
1555,Greek Yogurt (XA),Dairy,,38.07,48.55,113.61,8.81,,771.8,270.7,28.66,,499.9,43.3,108.0,294.3,China,NutritionData.self.com,2023
4545,Strawberry (QH),dairy ,372.3,16.77,33.33,119.86,5.87,17.24,1155.6,440.5,43.28,,414.4,89.2,53.0,225.2,Mexico,FAO,2019
4838,Pasta,Legumes,,12.32,60.82,46.54,,18.14,1870.7,73.1,83.98,15.29,253.4,75.8,47.0,193.5,UK,NutritionData.self.com,2021
3942,Egg,Vegetables,810.2,19.56,22.31,11.42,19.48,17.38,1709.5,634.4,104.62,10.19,174.3,82.4,106.0,268.7,China,USDA,2018
4086,Oats,Fruits,72.8,,36.39,76.26,2.21,16.91,1348.3,333.4,53.19,17.46,464.0,68.0,98.0,143.4,Canada,USDA,2022
755,Black Beans,Vegetables,,45.52,12.33,109.14,10.12,47.52,1014.6,409.0,164.52,1.64,241.3,45.1,26.0,116.4,China,NutritionData.self.com,2018
288,Chicken Breast (OS),PROTEINS,497.5,2.6,7.89,106.88,5.12,46.26,1690.7,87.1,106.66,6.96,239.9,4.7,16.0,13.0,China,Kaggle FoodDB,2018
1913,Oats,Grains,896.8,10.11,16.25,113.0,16.36,34.18,806.0,741.5,24.42,15.61,428.5,37.6,31.0,277.7,Brazil,NutritionData.self.com,2019
3324,OLIVE OIL,Oils,533.7,22.12,35.79,28.68,13.79,3.87,278.4,822.0,11.93,1.54,151.7,45.7,30.0,187.2,Canada,Kaggle FoodDB,2022
1624,Mushroom,Fruits,862.7,27.09,3.99,108.4,11.42,5.67,1293.8,947.1,55.73,16.92,124.2,91.8,N/A,216.4,Australia,Kaggle FoodDB,2022
4691,Lentils,Grainss,344.8,48.36,66.35,7.64,5.44,54.84,283.4,413.1,61.93,18.48,220.4,20.7,22.0,86.4,Australia,FAO,2024
2318,Mushroom,Vegetables,367.2,,15.05,73.02,8.7,39.83,908.0,159.0,73.58,19.15,245.5,56.2,25.0,148.3,UK,FAO,2021
2859,Turkey Breast,Grains,51.7,6.9,37.45,,2.92,34.45,454.1,1131.6,60.08,3.43,266.3,51.1,59.0,249.2,India,OpenFoodFacts,2021
1095,Celery (EE),Vegetables,223.0,10.33,37.64,105.56,18.23,28.86,1677.6,13.8,158.55,,442.2,15.2,77.0,249.4,Nigeria,Kaggle FoodDB,2020
1809,Pasta,dairy ,173.2,16.75,2.42,86.79,2.95,3.6,635.3,920.6,123.84,10.69,106.8,75.0,48.0,154.3,Mexico,USDA,2019
2277,Lamb (IN),Nuts & Seeds,674.4,15.14,59.26,61.89,5.95,18.98,1316.4,1123.8,103.91,4.84,491.7,65.0,67.0,26.5,USA,FAO,2024
1085,TOMATO (QV),Grains,851.4,12.25,57.48,90.81,6.59,43.35,361.9,0.2,14.01,0.05,318.1,76.8,52.0,51.8,UK,NutritionData.self.com,2020
2019,Onion,Seafood,39.2,17.88,13.96,84.91,19.2,9.14,1996.8,714.6,11.47,2.51,2.9,79.5,37.0,42.8,Australia,OpenFoodFacts,2023.
2814,Tomato (HB),Seafood,163.2,21.63,4.44,32.3,9.46,,1731.0,489.0,78.7,19.92,205.2,69.6,18.0,257.4,Germany,USDA,2019
3102,Sweet Potato,Proteins,678.6,49.41,24.11,69.62,5.09,32.09,640.7,417.5,6.91,,330.4,42.5,8.0,128.1,Nigeria,USDA,2020.
1026,Lentils (KC),Nuts & Seeds,437.3,13.21,45.32,,16.36,8.18,1790.4,502.3,61.42,1.59,176.9,79.7,107.0,109.6,Brazil,OpenFoodFacts,2021
1269,Shrimp  ,Proteins,548.0,15.22,74.61,81.84,19.46,9.24,495.1,660.6,27.77,4.23,234.2,77.1,38.0,172.9,India,FAO,2018
3704,Corn,Legumes,766.3,11.94,,84.23,5.62,3.34,1722.9,277.9,148.39,5.7,473.2,93.5,109.0,108.7,Mexico,NutritionData.self.com,2019
2820,Milk (Whole),Grains,,28.38,41.01,27.58,18.14,38.93,1346.5,510.3,97.49,18.69,91.3,44.7,101.0,95.3,Brazil,OpenFoodFacts,2023.
3314,Apple,Dairy,27.4,30.29,50.91,25.61,2.81,22.72,1321.1,67.4,92.03,5.29,492.9,85.8,59.0,48.4,UK,USDA,2018
2053,Avocado,Nuts & Seeds,165.9,46.5,52.03,24.46,,23.8,1294.4,1085.6,151.65,5.34,173.0,27.3,2.0,123.3,Germany,NutritionData.self.com,2018
4975,White Rice,Legumes,241.9,22.22,3.39,91.6,,21.32,1319.6,429.1,47.92,3.52,49.2,9.2,92.0,174.5,Mexico,USDA,2018
110,Mango,seafood,87.7,48.32,13.41,17.65,9.17,0.58,338.5,118.4,193.98,3.5,476.0,29.8,102.0,62.6,Germany,NutritionData.self.com,2021.
1737,Carrot,Proteins,,47.19,49.87,60.05,6.63,58.29,1948.3,83.2,147.24,2.6,,59.5,105.0,26.5,UK,FAO,2022
1617,Pineapple,Oils,894.8,10.06,25.71,21.83,7.1,42.83,,1183.3,141.38,7.57,33.7,64.4,75.0,26.1,China,USDA,2022
4960,Spinach,legumes,679.4,11.78,31.07,60.26,14.43,37.74,1562.1,901.8,173.25,8.43,,8.1,N/A,21.7,USA,FAO,2020
4026,Tuna (Canned) (HC),Vegetables,,19.16,,81.26,10.69,16.58,,725.2,192.56,3.36,183.5,26.5,36.0,189.8,Australia,USDA,2024
4794,Pork Loin,Proteins,281.9,13.3,53.91,7.25,9.41,28.44,74.9,240.8,127.5,1.04,469.6,43.6,32.0,114.4,UK,USDA,2024
1832,Olive Oil (PR),Legumes,549.7,4.54,64.1,,6.17,59.46,547.2,271.8,199.75,14.52,,40.3,17.0,94.4,China,NutritionData.self.com,2024
4214,Garlic,Seafood,225.7,20.18,69.87,29.94,4.99,59.64,1907.1,279.6,118.07,15.85,,89.2,101.0,202.8,Brazil,NutritionData.self.com,2019
4216,Green Beans,Legumes,741.7,16.54,9.53,,,2.79,1453.4,377.0,152.34,11.74,264.9,31.6,39.0,118.5,Germany,Kaggle FoodDB,2021
3560,Oats,Dairy,424.4,41.43,41.18,112.12,7.46,1.93,715.0,810.0,37.23,13.22,300.2,55.1,31.0,271.7,Australia,FAO,2023
4994,Tomato,Oils,590.6,40.96,31.89,59.12,3.79,7.4,685.4,542.9,25.42,4.82,248.9,96.1,12.0,124.0,China,OpenFoodFacts,2019
3248,Peas (HR)  ,Proteins,382.5,29.58,13.58,67.28,9.66,37.8,,1162.8,55.29,,246.8,54.2,62.0,19.2,Brazil,USDA,2019
2005,Oats,Fruits,259.3,17.6,42.29,107.27,12.6,30.49,1809.5,902.3,196.29,13.83,,93.9,66.0,113.2,UK,Kaggle FoodDB,2019
4791,Almonds  ,Grainss,114.0,12.72,36.45,13.89,5.03,54.55,979.1,683.1,151.55,15.84,47.6,3.9,9.0,35.0,UK,NutritionData.self.com,2023
3211,Strawberry,Dairy,161.1,8.78,,33.92,2.92,19.19,,1023.0,193.67,14.87,299.6,65.5,25.0,197.4,China,OpenFoodFacts,2023
4869,Mango (JA),Dairy,544.9,45.55,9.93,78.47,4.35,15.35,446.8,223.2,92.36,14.1,139.5,10.7,84.0,107.1,USA,NutritionData.self.com,2021
2584,White Rice,Grains,415.4,6.1,65.79,87.87,,55.99,1600.1,823.7,165.39,,93.6,53.1,9.0,178.9,Canada,Kaggle FoodDB,2023
625,Greek Yogurt (QU),Vegetables,564.1,2.53,76.98,55.59,7.79,11.58,1044.2,262.6,65.55,8.57,144.7,15.2,3.0,280.4,Brazil,Kaggle FoodDB,2022
2319,Watermelon  ,Oils,391.2,22.19,0.66,107.73,13.05,18.72,990.9,213.8,32.37,12.49,53.1,78.2,38.0,247.2,Brazil,NutritionData.self.com,2019
1130,Celery,Grainss,,14.31,68.1,52.96,14.77,47.74,1818.7,213.6,164.37,6.77,167.0,16.9,65.0,15.0,Brazil,FAO,2023
2686,White Rice,Seafood,37.0,38.43,73.71,116.29,18.03,2.6,1506.6,287.8,32.29,13.44,168.7,79.4,10.0,284.4,Germany,USDA,2022
1502,Kale (IB),Proteins,441.7,4.1,70.76,85.67,2.6,43.72,1915.5,230.6,2.62,8.03,235.2,83.7,70.0,290.5,Brazil,OpenFoodFacts,2021
3930,Banana,Fruits,125.9,49.0,47.32,74.02,16.34,3.26,897.2,95.1,,5.23,316.7,80.1,94.0,127.9,Germany,USDA,2020
3616,Kale,Proteins,96.6,47.52,59.74,72.71,18.31,4.59,950.4,650.6,17.37,,,92.1,105.0,135.8,Brazil,NutritionData.self.com,2023
2635,Pasta (LH),Grains,647.5,33.4,57.5,54.68,7.12,31.63,,192.8,64.86,8.34,284.5,0.2,92.0,126.1,Nigeria,FAO,2022
415,Peas (RV),Fruits,576.0,2.56,75.04,83.04,12.48,36.19,105.6,319.2,113.52,16.76,211.3,72.1,26.0,11.3,Mexico,OpenFoodFacts,2021
3772,Olive Oil (DU),Nuts & Seeds,814.1,13.24,65.14,94.14,6.59,5.92,1008.7,611.0,39.65,6.91,375.0,90.0,108.0,54.1,India,FAO,2022
2216,Sweet Potato,Vegetables,288.2,30.62,35.43,45.82,18.88,50.2,1780.4,820.5,11.81,13.69,382.8,12.6,84.0,290.0,China,OpenFoodFacts,2023
2227,Salmon,Vegetables,285.1,42.98,26.84,68.2,17.27,19.48,1055.9,468.0,57.12,3.81,377.4,41.7,48.0,167.4,UK,OpenFoodFacts,2023
4045,Tofu,Oils,381.8,22.86,15.18,60.61,7.5,6.47,1937.3,1109.2,48.86,19.86,459.8,9.4,88.0,82.8,Canada,NutritionData.self.com,2023
1546,Cottage Cheese,Proteins,445.5,4.4,33.91,62.0,16.93,28.04,1104.8,822.3,174.94,,93.3,1.8,60.0,163.7,Brazil,OpenFoodFacts,2024
2802,Pork Loin,legumes,819.0,6.24,4.64,113.21,,45.72,932.5,345.3,86.55,3.75,456.9,32.2,17.0,144.9,Nigeria,OpenFoodFacts,2021
253,Beef (Lean),Dairy,769.0,34.89,3.24,23.6,16.48,,1355.1,80.3,52.5,,127.1,97.2,2.0,71.5,UK,NutritionData.self.com,2024
4801,Pineapple,Proteins,129.0,39.27,77.24,113.58,10.16,44.54,338.6,826.8,193.71,11.99,0.7,19.1,11.0,199.9,Canada,OpenFoodFacts,2021
351,Almonds,PROTEINS,462.8,36.68,46.27,1.46,,40.74,449.0,729.6,139.38,6.36,480.3,81.2,8.0,213.2,Nigeria,USDA,2024.
3292,Brown Rice,Oils,792.1,34.69,9.14,54.08,5.13,16.63,1336.3,664.9,143.99,5.83,46.0,93.0,68.0,189.9,Brazil,USDA,2023
4529,Chicken Breast (AS),Vegetables,523.5,49.44,,111.02,2.94,56.29,368.7,134.2,84.93,7.86,94.3,28.2,79.0,78.5,India,NutritionData.self.com,2022
458,Blueberries (GU),legumes,432.4,19.61,29.63,2.62,10.87,53.79,1039.2,703.5,13.71,10.6,70.0,89.2,108.0,220.5,Mexico,USDA,2021
2771,Greek Yogurt,Legumes,87.1,,57.42,85.0,,37.4,1384.0,6.4,104.63,16.88,,46.4,73.0,206.5,Brazil,Kaggle FoodDB,2022
91,Peas (EM),Fruits,125.2,1.92,17.7,27.12,14.14,33.75,1519.5,709.1,60.24,6.82,443.9,71.1,8.0,29.7,China,OpenFoodFacts,2021
3140,Bread (Whole Wheat),Proteins,80.2,14.47,5.32,107.51,17.98,3.01,,871.9,172.91,8.8,333.3,81.6,N/A,279.4,Germany,Kaggle FoodDB,2018
2965,OATS,Legumes,,29.96,4.86,64.69,0.91,28.27,1987.5,389.9,76.79,17.31,45.1,82.0,74.0,88.6,India,USDA,2023
27,ZUCCHINI,Grains,195.7,13.02,72.98,36.5,2.98,26.71,428.0,59.5,52.22,1.43,160.2,29.5,59.0,78.6,Germany,USDA,2024
182,PEAS,Dairy,119.9,,,21.1,13.39,27.92,1593.8,262.8,117.42,19.13,278.3,11.4,44.0,74.2,Nigeria,OpenFoodFacts,2018.
4407,Mango,Proteins,855.1,11.69,3.24,17.62,19.95,17.13,809.9,418.0,108.43,,286.6,69.2,79.0,112.0,India,NutritionData.self.com,2024
1719,Egg,Proteins,885.6,11.61,20.22,,8.99,25.28,187.1,765.0,50.95,2.98,373.5,53.4,12.0,266.5,Brazil,Kaggle FoodDB,2022
1030,Onion,Grains,749.4,5.15,1.24,105.08,13.8,53.44,1804.9,655.1,,13.3,318.9,97.8,88.0,101.8,Brazil,FAO,2020
3239,Cottage Cheese,PROTEINS,562.3,31.49,78.01,17.73,8.67,46.38,,695.0,81.75,3.87,281.8,45.4,92.0,142.0,Brazil,OpenFoodFacts,2021
3439,Carrot,Nuts & Seeds,836.8,32.07,68.43,54.33,1.29,25.14,1361.0,950.0,78.76,15.47,151.1,30.4,32.0,133.8,Mexico,USDA,2024
3893,Greek Yogurt,Oils,616.1,49.03,23.37,59.76,13.37,38.42,1565.9,409.4,4.27,15.54,143.2,65.0,59.0,14.7,India,OpenFoodFacts,2019
1616,EGG (DK),Nuts & Seeds,609.1,36.45,,40.3,6.31,30.04,57.6,654.5,37.22,9.13,180.5,27.8,49.0,115.9,Canada,NutritionData.self.com,2021
2371,Mushroom,Vegetables,594.0,33.74,4.01,24.46,0.8,16.96,,1075.0,,8.44,243.9,2.7,18.0,144.0,China,Kaggle FoodDB,2021
4016,Spinach (SH),Dairy,248.6,3.8,16.7,34.58,4.35,11.44,1012.9,535.7,,4.18,,72.9,58.0,158.2,Brazil,NutritionData.self.com,2023
4445,Garlic,Fruits,380.5,23.85,27.9,28.22,3.66,46.1,1353.7,445.5,75.2,12.25,333.7,20.4,109.0,186.8,Brazil,Kaggle FoodDB,2023
4099,Cottage Cheese,Seafood,247.6,46.83,,12.98,5.28,11.15,1617.4,921.7,40.77,,195.9,49.7,40.0,137.4,Canada,USDA,2024
4790,Oats,Proteins,310.5,1.1,74.09,73.37,,27.77,73.5,752.4,18.52,17.26,17.1,23.2,109.0,219.6,Canada,NutritionData.self.com,2020
1673,Pork Loin (ZA),Fruits,783.9,12.39,18.64,,13.37,57.37,994.4,278.9,147.6,0.36,238.8,13.5,87.0,293.7,Mexico,Kaggle FoodDB,2018
1919,Almonds,Seafood,364.5,30.81,19.57,114.92,15.0,48.57,198.2,14.4,38.39,10.12,446.8,97.5,93.0,243.6,India,USDA,2019
70,Olive Oil,Seafood,888.5,0.7,71.52,113.42,11.89,30.96,1952.7,486.0,193.95,2.16,493.9,75.1,39.0,15.9,Germany,OpenFoodFacts,2020
2450,Blueberries (QS),Proteins,321.4,5.9,24.67,50.78,,11.8,,89.3,165.36,9.65,487.3,29.3,97.0,272.1,Brazil,OpenFoodFacts,2021
2465,Egg,Legumes,566.2,18.73,23.67,55.77,19.28,39.45,952.3,184.4,157.17,0.46,,90.1,105.0,238.7,India,Kaggle FoodDB,2023
1833,Broccoli,Nuts & Seeds,532.5,25.63,61.73,68.81,7.25,23.03,1304.1,195.7,179.86,16.88,346.2,11.1,102.0,148.2,Canada,NutritionData.self.com,2019
1744,Banana (QV),Grainss,29.7,43.11,78.8,109.09,11.04,44.57,1851.4,377.0,24.22,13.44,126.0,68.5,69.0,118.8,Canada,USDA,2018
204,White Rice,Vegtables,810.7,35.91,25.72,23.04,,,,705.3,117.86,1.18,109.7,12.9,26.0,217.0,India,NutritionData.self.com,2021
1261,Lamb,Oils,256.7,6.11,,52.7,2.49,46.1,273.6,316.1,133.46,11.14,317.8,11.0,97.0,242.8,Australia,Kaggle FoodDB,2018
3872,Kale (FL),Oils,180.0,6.79,,41.62,17.04,37.0,525.0,633.5,62.07,18.16,70.5,34.7,31.0,14.9,Mexico,USDA,2024
2765,Shrimp,seafood,138.2,33.01,60.93,20.48,18.92,46.23,818.0,799.1,36.49,10.5,209.8,87.6,67.0,76.0,Germany,FAO,2023.
388,BROCCOLI,legumes,176.1,48.35,78.05,,11.5,29.03,1647.6,598.8,41.6,2.87,471.3,62.8,58.0,185.9,USA,FAO,2021
843,Bread (Whole Wheat),Vegetables,176.7,4.77,69.49,38.77,5.94,56.62,1511.1,725.7,163.77,19.29,265.1,73.8,102.0,50.0,Germany,Kaggle FoodDB,2024
1644,Quinoa (OG),Proteins,568.8,44.75,58.18,59.2,9.94,53.11,1835.3,40.8,175.86,0.49,,38.7,64.0,58.3,Germany,OpenFoodFacts,2020
2670,Broccoli (JD),Seafood,297.8,17.18,8.24,68.34,6.94,12.07,1273.5,789.1,147.82,5.71,399.0,65.0,10.0,102.8,Australia,Kaggle FoodDB,2021.
2245,Cottage Cheese,Seafood,773.0,14.3,7.25,60.7,15.71,7.85,336.2,415.9,42.54,5.58,425.6,9.9,73.0,280.3,Germany,OpenFoodFacts,2023.
4125,Peanut Butter,Grains,717.1,19.71,53.9,99.45,3.19,23.12,1232.4,919.1,162.42,2.93,310.1,73.5,5.0,154.2,UK,Kaggle FoodDB,2021
2795,Bell Pepper,Grains,404.6,36.38,33.09,109.15,16.93,41.44,1325.5,1048.6,21.76,5.67,466.2,71.5,106.0,163.7,China,NutritionData.self.com,2021
222,Tuna (Canned),Fruits,520.1,23.77,58.01,112.67,17.25,,1145.5,583.7,148.6,19.13,110.4,10.4,72.0,155.1,Canada,Kaggle FoodDB,2022
3904,Spinach,Grains,241.0,37.8,67.05,57.66,1.23,18.19,1547.4,1041.0,7.63,6.49,80.5,45.3,25.0,193.7,Brazil,USDA,2020
4356,Olive Oil (DU),Dairy,552.5,39.43,,101.29,19.57,56.62,1211.4,694.4,,0.92,430.4,21.7,62.0,177.0,Germany,FAO,2019
2343,Mushroom,Legumes,90.6,34.72,27.3,95.08,9.2,29.22,563.5,252.8,187.94,1.5,282.0,71.6,32.0,233.3,Germany,NutritionData.self.com,2021
4537,Beef (Lean),Vegetables,395.3,31.75,48.92,57.8,8.73,45.63,200.3,619.4,130.17,2.99,33.8,85.4,1.0,51.6,Brazil,NutritionData.self.com,2024
1551,Cheddar Cheese  ,Dairy,857.2,16.77,,19.17,11.21,47.51,1799.9,908.8,68.43,13.68,392.0,97.9,49.0,187.3,Brazil,FAO,2020
3124,Peanut Butter (AH),Legumes,,32.78,44.15,73.01,4.09,16.99,1116.5,903.2,52.8,1.19,443.3,61.1,86.0,239.7,Brazil,OpenFoodFacts,2021.
2092,Broccoli  ,Fruits,868.7,46.17,19.56,81.97,15.79,46.91,1832.4,667.3,194.82,9.77,5.7,72.3,18.0,152.3,Canada,USDA,2023
2955,Pork Loin,Seafood,830.5,44.7,33.66,106.19,5.88,46.6,1158.4,562.3,151.71,5.28,,68.0,43.0,182.2,Brazil,NutritionData.self.com,2018
4673,Almonds,Oils,658.3,19.46,8.69,79.71,10.22,15.66,1069.2,271.7,55.86,9.42,410.4,25.1,13.0,62.9,UK,OpenFoodFacts,2023
178,Corn,Fruits,360.3,4.43,,34.75,0.46,48.49,1236.9,764.4,87.56,18.72,191.1,56.5,4.0,124.0,Nigeria,NutritionData.self.com,2020
4140,Egg  ,Vegetables,509.8,30.91,45.43,105.98,12.31,38.45,297.2,716.6,59.02,7.74,403.5,23.0,2.0,127.2,China,NutritionData.self.com,2024
4316,Onion (RM),Dairy,175.9,5.09,57.54,,7.0,1.69,974.3,783.2,25.27,13.9,36.5,79.7,95.0,144.7,China,FAO,2023
4406,Broccoli,Oils,622.2,20.42,2.32,32.58,18.91,30.91,800.9,24.4,132.84,0.55,371.7,78.6,66.0,283.0,USA,FAO,2022
706,White Rice,Proteins,891.2,13.36,,51.9,19.63,32.25,1838.9,482.7,116.48,9.06,232.1,51.7,108.0,279.5,Australia,NutritionData.self.com,2023
2860,Sweet Potato (TV),Oils,174.2,9.91,17.4,65.73,12.58,7.24,1120.0,398.3,102.64,2.39,325.8,36.2,93.0,52.4,China,Kaggle FoodDB,2019.
2373,Cucumber,nuts & seeds,629.4,5.06,29.6,0.86,9.79,8.61,1974.6,829.6,138.18,1.82,296.0,46.2,15.0,176.9,USA,USDA,2020
3373,Peanut Butter (NM),Proteins,252.9,19.9,1.41,76.32,3.67,13.34,1506.0,280.9,,2.84,204.9,75.7,86.0,270.7,India,NutritionData.self.com,2018
1984,Sweet Potato,Nuts & Seeds,445.0,41.76,8.57,102.09,,39.07,1325.9,681.7,166.2,19.32,268.8,16.9,21.0,132.5,Germany,OpenFoodFacts,2019
656,Avocado (II),Legumes,132.3,6.58,74.76,30.23,16.22,52.52,414.6,1085.0,170.49,13.79,161.6,36.7,92.0,263.9,UK,OpenFoodFacts,2022
655,Green Beans (AF),Legumes,399.9,,30.59,87.49,14.41,40.25,,568.1,78.06,16.09,,29.7,26.0,103.1,USA,USDA,2023.
2978,Oats (VO),Nuts & Seeds,30.0,37.9,2.81,21.96,5.52,23.57,1845.2,763.3,28.65,19.83,404.5,54.9,14.0,166.5,China,OpenFoodFacts,2022
3085,Cheddar Cheese,Legumes,637.0,34.19,18.18,99.05,11.54,12.62,103.6,1150.2,185.64,6.62,299.9,93.4,56.0,254.4,China,FAO,2021
3200,Peas,Legumes,365.6,3.39,14.87,53.9,1.62,,1905.9,793.4,172.29,14.58,,95.7,39.0,218.5,USA,FAO,2022.
2158,Kale,Fruits,326.2,23.14,6.21,73.81,11.45,52.94,436.3,27.5,47.72,6.08,168.1,91.9,32.0,63.8,UK,FAO,2021
2299,Chicken Breast,Proteins,115.1,18.27,7.65,72.19,4.08,51.26,358.4,797.8,133.58,3.15,410.3,22.1,28.0,150.0,Nigeria,OpenFoodFacts,2018
1533,Mushroom,Oils,650.2,,72.1,37.96,3.52,,392.7,73.7,55.78,1.02,216.6,27.6,68.0,285.1,Canada,NutritionData.self.com,2024
654,Spinach,Fruits,676.0,17.69,45.53,28.8,4.17,52.95,,861.8,23.45,15.32,104.1,56.8,95.0,95.7,Australia,USDA,2018
3098,Greek Yogurt (BC),dairy ,109.7,9.63,4.36,114.1,14.09,13.32,1104.9,1172.9,121.59,4.42,,95.2,95.0,142.6,Germany,USDA,2020
4484,TOMATO,Grains,521.9,40.24,32.95,119.59,7.23,40.73,1348.6,54.0,171.54,,302.6,57.1,62.0,106.0,Canada,USDA,2022
2804,Garlic,Seafood,864.9,15.83,4.23,27.16,13.7,14.2,742.6,416.3,7.22,15.92,380.2,83.8,12.0,166.5,Germany,Kaggle FoodDB,2022
3159,Mango,Proteins,745.8,20.17,73.19,37.89,6.81,14.22,713.5,472.6,134.74,13.54,3.7,65.9,46.0,113.5,Australia,NutritionData.self.com,2023
2808,Zucchini,Fruits,162.3,42.74,,84.84,5.81,10.16,1591.8,496.3,,11.71,370.4,43.9,105.0,260.3,Mexico,Kaggle FoodDB,2023
1469,Lentils,Nuts & Seeds,786.3,46.71,16.99,87.53,,17.71,965.8,882.5,93.18,11.27,441.9,79.5,101.0,226.9,UK,USDA,2021
3847,Chicken Breast,Seafood,874.6,46.66,55.92,93.11,6.1,54.94,317.5,423.1,154.33,1.39,,87.1,40.0,280.0,Brazil,Kaggle FoodDB,2018
220,Corn (UX),Vegetables,767.3,3.02,,48.78,19.53,29.38,491.7,763.7,124.96,5.33,435.6,11.1,40.0,199.8,India,OpenFoodFacts,2021
3001,GREEN BEANS,Grains,612.0,36.04,77.95,77.48,10.46,44.75,1018.0,324.0,7.47,13.73,441.0,62.9,4.0,243.2,Brazil,OpenFoodFacts,2022
4236,Pineapple,Grains,297.9,18.42,78.07,57.83,19.24,9.52,478.8,849.8,115.91,0.08,,41.2,106.0,297.3,USA,FAO,2023
583,Pineapple,Proteins,453.5,41.34,37.78,24.77,6.72,7.13,1533.2,311.9,124.08,10.77,147.1,78.9,100.0,70.6,UK,USDA,2024
3571,Olive Oil,Dairy,296.2,19.72,11.62,18.0,5.33,23.18,1697.7,437.4,184.98,15.28,205.8,93.9,73.0,72.7,Brazil,OpenFoodFacts,2022
3856,Olive Oil,Proteins,87.6,6.3,69.56,93.93,18.95,42.61,,651.0,197.1,8.1,406.6,39.6,7.0,204.2,China,Kaggle FoodDB,2023.
44,Oats (KB),Grains,820.2,33.37,44.65,77.0,5.79,1.06,,1054.1,44.57,12.41,384.7,85.7,103.0,254.4,Mexico,NutritionData.self.com,2023
211,Blueberries  ,Fruits,502.9,47.39,78.08,108.98,4.41,22.85,1649.9,153.1,162.02,1.88,449.0,75.9,50.0,128.3,Canada,OpenFoodFacts,2019
2168,Onion,Fruits,131.1,,60.26,116.63,8.18,31.42,1517.5,418.8,65.27,16.43,289.3,87.5,84.0,270.2,Brazil,FAO,2020
355,GARLIC,Grains,82.1,26.71,34.84,45.76,18.6,32.61,963.7,1020.4,,19.88,258.0,21.4,11.0,242.3,India,USDA,2022
1097,Peanut Butter (QW),Dairy,214.0,2.71,56.02,59.25,15.65,30.59,1958.3,360.2,178.26,9.3,350.4,36.2,49.0,170.2,Mexico,USDA,2022
1420,Black Beans (WW),PROTEINS,841.8,25.31,,41.4,,48.07,172.9,528.0,10.85,19.24,,86.2,34.0,51.6,Australia,NutritionData.self.com,2023
953,Mushroom,Nuts & Seeds,174.3,39.53,17.87,40.16,,10.51,1114.1,1177.1,136.54,13.57,201.9,81.8,95.0,142.3,USA,Kaggle FoodDB,2024
684,Lamb,Fruits,608.4,,58.53,,10.87,17.25,,730.0,32.62,5.92,35.4,96.4,19.0,77.8,Germany,OpenFoodFacts,2022
368,Green Beans,Vegetables,816.7,18.61,29.3,54.15,,17.71,1529.3,56.0,156.16,13.04,,41.8,8.0,66.2,Canada,OpenFoodFacts,2024
4784,Blueberries (UO),Dairy,276.4,46.9,46.4,2.12,,30.44,17.3,354.9,198.16,1.61,185.4,8.8,32.0,261.4,Canada,FAO,2024
3962,Black Beans,Legumes,365.7,26.02,46.19,16.93,4.79,42.24,752.7,600.8,149.8,7.7,49.3,5.1,65.0,80.2,UK,Kaggle FoodDB,2018
1700,Cucumber,Oils,503.6,14.81,7.19,9.58,17.22,26.55,1659.4,137.8,48.66,4.79,477.3,71.4,10.0,118.9,Brazil,NutritionData.self.com,2023
136,Tuna (Canned),Nuts & Seeds,304.4,18.91,1.16,13.24,1.5,8.61,545.2,824.0,178.63,0.61,99.2,97.7,26.0,198.0,Germany,USDA,2023
3722,Celery,Dairy,754.4,37.71,59.85,95.86,3.61,25.83,1387.5,774.4,14.92,19.16,403.2,24.9,52.0,72.4,Brazil,NutritionData.self.com,2023
48,Zucchini (TT),Proteins,477.7,26.48,0.08,53.45,3.91,24.05,1533.1,73.6,127.72,18.7,210.4,51.0,40.0,66.0,Nigeria,FAO,2022.
2504,Sweet Potato,Proteins,861.3,6.58,52.39,9.21,17.65,19.72,127.3,647.8,174.24,12.41,160.8,73.5,96.0,133.6,Canada,OpenFoodFacts,2024
1336,Brown Rice,Seafood,592.3,37.26,45.27,116.44,13.18,49.0,615.7,28.5,38.28,8.64,481.4,35.9,90.0,295.0,Canada,NutritionData.self.com,2021
4542,Lentils,Vegetables,475.9,17.36,47.86,68.61,16.35,24.78,776.6,42.1,48.39,11.15,484.7,88.9,93.0,54.4,Canada,USDA,2022
1894,Mango,Seafood,199.6,19.24,39.94,,17.16,37.79,1894.6,106.1,127.32,1.02,282.3,91.7,11.0,145.6,USA,NutritionData.self.com,2020
3594,SALMON,Vegtables,529.8,45.37,70.33,95.24,1.3,49.84,385.1,435.2,34.23,3.2,101.2,18.7,97.0,248.1,India,USDA,2018
1814,Tuna (Canned),Seafood,38.4,39.8,12.93,44.75,0.63,2.24,377.4,1094.1,,9.57,419.4,81.2,98.0,168.7,USA,NutritionData.self.com,2018
2115,Pineapple,Oils,,25.9,79.65,78.12,18.54,55.96,1838.5,277.4,151.99,16.38,,56.4,39.0,278.4,USA,NutritionData.self.com,2020
62,Brown Rice (ND),dairy ,258.8,46.14,3.02,18.19,11.47,25.77,127.6,934.7,155.76,8.33,106.1,89.3,72.0,174.5,Germany,USDA,2019
2793,BROWN RICE,Grains,521.2,21.5,,47.06,8.28,11.89,239.5,814.1,186.73,1.72,4.9,75.9,46.0,200.8,Mexico,FAO,2024
3408,Peas (WF),Grains,897.9,12.15,70.62,100.95,15.95,2.52,1943.1,673.8,146.08,8.91,359.4,17.4,62.0,252.8,China,Kaggle FoodDB,2018
96,Garlic,Vegetables,454.5,21.95,30.63,58.95,11.54,12.49,1836.9,971.0,141.08,,324.3,98.0,68.0,260.9,India,Kaggle FoodDB,2023
882,Spinach (FA),oils,611.3,31.38,6.46,60.34,12.57,43.59,,478.1,139.41,2.11,84.5,35.4,58.0,182.6,China,FAO,2020
479,Pineapple,fruits,873.0,38.34,38.98,114.43,4.01,18.67,334.4,789.2,,14.27,17.8,87.3,45.0,12.5,USA,OpenFoodFacts,2021
1898,Cottage Cheese (IE),Grainss,185.5,0.28,71.66,43.45,0.83,46.69,,942.7,119.68,12.41,191.9,28.3,40.0,11.7,USA,Kaggle FoodDB,2023
2729,Mushroom,Dairy,237.0,46.69,45.58,64.97,5.93,0.83,30.1,566.6,,16.9,443.3,15.6,66.0,24.5,Australia,USDA,2018
1780,Olive Oil (MM),Seafood,,2.83,,37.73,0.44,25.38,953.3,824.4,25.73,15.05,16.1,19.3,101.0,256.0,India,Kaggle FoodDB,2022
3475,Olive Oil (WK),Vegetables,757.6,43.68,37.7,108.64,7.47,27.45,35.7,1107.8,65.46,3.43,203.0,66.9,53.0,252.6,Brazil,Kaggle FoodDB,2018
712,Lamb,Legumes,544.2,48.42,22.98,113.18,5.11,5.48,119.2,150.4,62.61,18.9,166.0,2.5,94.0,39.3,Germany,OpenFoodFacts,2021
2663,Pineapple,Oils,209.9,38.92,53.51,,14.84,22.5,459.0,756.7,171.15,19.52,247.2,34.3,52.0,285.7,Canada,NutritionData.self.com,2021
2183,CHICKEN BREAST,Legumes,49.2,39.03,44.0,55.38,6.81,3.53,1287.2,1150.7,122.78,15.16,87.1,90.2,47.0,251.7,Mexico,Kaggle FoodDB,2024
2973,White Rice  ,PROTEINS,711.9,,65.2,7.73,1.21,45.18,657.4,937.6,7.08,5.3,287.4,39.3,80.0,59.3,UK,OpenFoodFacts,2024
3308,Strawberry,Vegetables,80.5,16.95,74.18,87.28,3.06,1.61,1025.7,677.6,16.87,8.27,233.2,4.2,87.0,48.6,Brazil,USDA,2021
323,Mushroom,Legumes,601.0,20.31,76.45,6.07,7.64,26.39,1319.9,729.4,194.11,2.02,85.8,86.8,101.0,278.4,USA,USDA,2019
3842,Tomato (AW),Dairy,48.7,42.7,40.97,114.47,1.6,38.35,67.9,497.1,145.07,14.97,280.4,89.0,86.0,78.0,Mexico,OpenFoodFacts,2024
1438,Pasta (VN),Dairy,640.1,5.83,74.43,84.49,16.1,31.29,592.1,45.9,74.74,17.28,14.8,95.5,77.0,281.7,Mexico,FAO,2020
2358,Kale (TR),Vegetables,,47.29,61.89,,2.63,0.72,298.1,373.6,176.54,19.25,240.4,67.9,98.0,209.9,UK,FAO,2020.
1633,Mango,Vegetables,605.1,33.32,57.25,,14.68,37.82,152.2,1049.0,36.68,5.61,80.1,7.9,89.0,64.7,Brazil,FAO,2023
3606,STRAWBERRY,Vegetables,180.9,20.46,11.84,75.93,,57.7,,823.8,,13.35,175.9,19.6,38.0,203.0,Nigeria,NutritionData.self.com,2024
3095,Greek Yogurt (YL),Vegetables,,26.66,72.54,65.64,4.49,,38.1,534.1,187.3,3.25,153.6,48.9,34.0,44.3,Germany,OpenFoodFacts,2020
1768,Beef (Lean),Legumes,438.9,11.69,4.17,28.88,15.49,22.02,52.7,294.1,0.7,16.37,,44.2,53.0,152.6,Nigeria,USDA,2020
3152,Avocado (JC),Seafood,,41.21,3.62,,9.0,27.0,277.2,10.1,20.18,9.59,406.6,19.0,18.0,233.6,Canada,USDA,2018
4141,Carrot,Vegetables,321.6,,,116.5,11.87,52.49,333.3,657.5,193.19,6.98,386.7,55.6,57.0,149.0,Nigeria,NutritionData.self.com,2020
880,Tomato,Oils,215.3,24.45,74.57,26.8,5.0,36.55,,1112.1,9.47,1.61,127.8,23.2,23.0,71.9,UK,FAO,2022
292,Cottage Cheese,Oils,,9.3,0.58,99.96,16.28,14.22,,887.1,87.65,7.97,400.6,95.2,98.0,186.4,China,NutritionData.self.com,2023
1542,CHEDDAR CHEESE (ZJ),Nuts & Seeds,114.1,40.27,9.72,54.07,9.78,44.01,393.1,926.4,159.42,0.63,162.2,37.1,84.0,257.1,USA,FAO,2021
4319,Apple,Fruits,376.8,32.46,70.24,117.66,1.85,1.24,626.6,371.0,55.07,7.97,152.3,33.3,36.0,205.7,Mexico,USDA,2023
534,Blueberries,Oils,0.0,39.77,4.33,11.19,4.12,,1002.3,38.0,72.81,13.78,136.7,43.9,61.0,254.6,Germany,OpenFoodFacts,2022
1703,Peas (BW),Nuts & Seeds,294.4,19.01,8.53,17.85,,,404.6,947.7,145.96,6.87,452.9,31.9,61.0,289.5,Nigeria,Kaggle FoodDB,2022
3997,Corn,Dairy,314.3,8.35,73.26,27.29,8.57,,1501.6,1096.1,84.75,18.44,231.9,70.6,N/A,31.8,Australia,Kaggle FoodDB,2019.
1861,Beef (Lean) (OS),legumes,703.3,3.69,72.85,53.53,13.03,45.92,1054.4,530.2,9.52,4.62,110.3,59.2,58.0,28.8,Canada,FAO,2024
1621,Olive Oil (LD),Vegetables,429.4,5.75,44.14,69.74,1.91,49.99,1207.4,314.3,199.33,1.18,32.6,70.8,51.0,112.5,India,OpenFoodFacts,2019
1836,Salmon,Vegtables,597.7,7.91,8.01,15.74,19.5,23.56,1591.2,921.1,130.05,13.17,467.7,31.0,47.0,15.6,Nigeria,FAO,2022
658,Peas,Dairy,339.5,42.94,43.11,117.98,9.74,31.08,406.1,630.4,183.5,13.91,188.6,32.0,25.0,285.8,Mexico,Kaggle FoodDB,2024
2703,Turkey Breast (DE),Oils,130.5,32.27,60.36,45.73,14.71,,1504.2,928.7,11.8,13.49,361.3,76.2,100.0,140.9,Mexico,FAO,2023
1724,Pork Loin,dairy ,108.9,21.44,45.77,91.5,15.37,15.71,1485.3,292.5,11.52,11.76,39.2,92.1,106.0,206.7,Canada,NutritionData.self.com,2019
3440,Oats,Dairy,837.6,20.75,34.85,,13.03,36.01,848.0,30.6,171.93,,443.3,97.5,61.0,233.4,Brazil,USDA,2022
1534,Mushroom,Nuts & Seeds,259.9,0.55,10.09,19.31,18.38,47.4,1905.0,441.3,52.12,13.37,262.5,71.6,47.0,49.3,USA,USDA,2021
429,Orange,Proteins,328.8,34.1,8.29,103.74,1.39,20.93,1401.6,85.3,106.59,1.24,180.5,98.6,43.0,99.1,India,OpenFoodFacts,2022
1891,Pasta,Dairy,107.3,23.08,53.97,,19.03,27.78,337.8,1158.2,56.93,0.32,195.8,0.5,57.0,274.8,Brazil,Kaggle FoodDB,2018
3218,Watermelon (ES),Vegetables,21.8,15.74,53.21,6.26,9.74,31.16,85.9,347.7,23.83,16.23,9.6,13.0,1.0,244.3,Canada,Kaggle FoodDB,2019.
2988,Turkey Breast,Fruits,464.2,22.72,0.49,102.17,1.17,,1051.4,126.6,70.09,14.73,6.7,3.5,86.0,286.1,UK,USDA,2020
3624,Pasta (JN),Grainss,789.2,42.44,48.17,58.39,1.44,25.41,1140.3,390.9,74.21,12.82,412.8,54.6,91.0,169.8,Mexico,Kaggle FoodDB,2020.
4719,Peanut Butter,Fruits,403.0,8.57,,109.95,10.85,36.07,764.1,627.9,161.95,8.3,,89.9,58.0,33.0,Canada,USDA,2024
2926,Banana (QQ),Grains,,13.11,28.67,93.84,8.69,12.96,916.7,1066.2,63.13,17.91,292.0,41.5,32.0,200.8,India,USDA,2021
734,Zucchini,nuts & seeds,480.3,26.91,48.84,45.14,8.98,,995.9,846.0,8.95,0.66,405.5,65.4,92.0,48.6,Australia,OpenFoodFacts,2021
806,Onion,Fruits,668.1,,7.09,13.44,,25.02,684.1,80.7,179.34,13.0,316.1,56.1,55.0,250.7,USA,Kaggle FoodDB,2021
2535,Chicken Breast,PROTEINS,669.3,42.04,11.95,111.68,12.23,52.99,1433.1,270.8,138.58,1.57,280.8,4.9,71.0,281.4,Canada,Kaggle FoodDB,2020
4333,Oats (UC),Grains,407.1,22.12,9.13,70.93,15.52,23.29,822.9,300.7,143.99,,106.7,38.0,57.0,228.4,Nigeria,USDA,2024
2510,Watermelon,Grains,805.9,46.53,69.12,,6.1,49.17,613.3,412.4,9.63,7.7,52.7,25.7,91.0,29.2,USA,OpenFoodFacts,2024
732,Kale,Grains,736.8,17.77,68.19,94.12,,37.87,157.8,297.8,64.91,12.47,425.1,70.7,85.0,252.2,Germany,NutritionData.self.com,2022.
3586,Carrot,Legumes,308.8,23.57,1.71,,1.75,27.98,1235.3,1149.4,74.19,16.83,127.6,90.1,3.0,13.5,Nigeria,USDA,2021
1841,Egg,nuts & seeds,347.5,45.75,0.98,,8.34,13.83,790.5,1090.7,183.9,9.53,25.4,92.1,29.0,194.1,Nigeria,FAO,2022
3480,MILK (WHOLE) (LM),Seafood,,47.82,69.18,69.11,15.7,4.23,1833.2,685.9,51.42,7.26,203.8,81.0,93.0,163.2,USA,USDA,2020
2906,Peanut Butter (TK),Dairy,68.1,49.61,47.7,111.74,16.19,11.53,668.3,483.2,21.2,7.06,,55.0,N/A,285.9,Canada,NutritionData.self.com,2023
4665,Pasta,Proteins,750.0,15.34,10.97,72.13,8.88,,300.0,297.5,180.74,15.34,494.9,55.8,82.0,80.8,Nigeria,NutritionData.self.com,2020
2296,Spinach,Seafood,26.7,48.92,71.3,73.1,3.18,41.97,1060.5,759.3,118.03,19.84,167.1,94.9,36.0,291.6,Mexico,FAO,2021
1176,Greek Yogurt,Fruits,495.2,26.4,44.36,33.86,14.51,46.92,362.7,726.4,199.46,19.79,456.2,5.1,63.0,125.3,India,FAO,2020
1339,Peanut Butter,Grains,83.5,23.09,68.73,65.16,1.08,35.98,1845.3,313.7,168.23,3.32,88.1,57.2,85.0,54.1,Germany,Kaggle FoodDB,2020
4548,Sweet Potato,Proteins,591.5,1.77,47.97,50.42,13.31,32.68,1479.5,17.0,25.41,4.79,423.1,68.0,N/A,28.4,UK,USDA,2022
2342,Olive Oil,Dairy,82.5,,25.89,83.21,7.89,11.28,1445.1,1196.4,182.61,9.54,241.1,67.7,94.0,296.7,China,FAO,2018
4387,Kale,Nuts & Seeds,864.6,45.63,65.16,53.4,12.85,20.12,507.6,290.9,68.22,10.65,487.2,54.0,37.0,272.9,UK,FAO,2022
3434,Mushroom,Legumes,409.2,43.14,41.65,91.87,1.29,53.36,1134.0,509.5,82.58,11.74,161.6,3.4,63.0,295.9,China,OpenFoodFacts,2021
4645,Oats (DW),Vegtables,640.4,18.88,62.96,82.74,7.22,14.95,1887.8,549.9,58.59,14.07,,55.2,8.0,63.5,USA,Kaggle FoodDB,2020
2901,Almonds,Legumes,132.5,28.89,70.9,6.84,2.27,,704.2,1114.9,114.33,17.89,,65.8,31.0,271.7,Germany,FAO,2022
3359,Sweet Potato (DE),Nuts & Seeds,743.2,2.68,69.81,18.69,,9.49,1188.0,86.1,121.15,3.55,,48.1,43.0,215.6,USA,Kaggle FoodDB,2021
3321,Tofu,Seafood,502.6,6.63,54.52,28.46,,44.21,1119.2,472.5,100.71,2.5,80.6,11.3,74.0,61.7,Brazil,Kaggle FoodDB,2024
1116,Chicken Breast,Fruits,530.5,,70.13,106.07,3.01,3.45,1532.4,876.5,99.25,0.63,,97.1,11.0,293.7,Australia,FAO,2020
103,Bread (Whole Wheat),Legumes,296.6,28.59,78.51,22.37,6.17,36.11,232.4,461.6,131.01,1.38,467.8,82.7,60.0,119.9,India,USDA,2021
4877,Mushroom,Vegetables,548.8,3.0,1.81,16.67,19.63,47.14,114.0,6.0,165.99,14.68,376.1,64.5,N/A,232.0,China,NutritionData.self.com,2019
1877,Avocado (VJ),nuts & seeds,539.5,9.72,64.25,10.96,13.64,,1521.4,599.4,42.34,7.72,489.3,33.4,55.0,134.5,India,FAO,2018
4858,Pineapple,Nuts & Seeds,845.5,28.07,54.68,,2.13,4.33,1117.1,494.2,,,127.0,71.1,35.0,284.8,India,Kaggle FoodDB,2020
1871,Salmon,Fruits,739.7,25.2,78.95,80.44,11.94,23.38,962.9,1099.5,171.44,5.91,241.8,57.3,4.0,275.1,USA,OpenFoodFacts,2023
1859,Brown Rice,seafood,761.0,45.49,63.38,99.24,10.29,19.58,405.6,464.7,76.57,14.49,101.6,65.6,94.0,168.7,USA,Kaggle FoodDB,2020
2296,SPINACH,Seafood,26.7,48.92,71.3,73.1,3.18,41.97,1060.5,759.3,118.03,19.84,167.1,94.9,36.0,291.6,Mexico,FAO,2021
71,Pork Loin,Nuts & Seeds,699.6,27.69,74.91,111.97,,14.29,235.6,762.4,176.24,12.11,434.5,95.7,58.0,130.9,India,Kaggle FoodDB,2021
3209,Orange,Nuts & Seeds,406.5,15.34,11.86,66.04,9.82,9.29,,750.6,60.99,12.94,78.6,28.0,10.0,137.1,USA,NutritionData.self.com,2019
1925,Watermelon  ,Grainss,718.9,30.82,23.68,51.01,14.38,30.48,157.6,680.6,0.37,9.54,415.6,21.7,97.0,203.3,USA,OpenFoodFacts,2022.
2237,Strawberry (EH),Proteins,805.2,30.7,61.74,25.9,17.8,56.39,216.8,200.1,182.86,17.28,,69.9,N/A,144.1,Nigeria,NutritionData.self.com,2024
2174,Spinach,Grainss,773.0,37.51,79.04,,1.08,54.22,170.6,918.1,23.07,14.59,390.1,21.5,23.0,252.6,Mexico,USDA,2022.
4063,Garlic (KF),Grains,,38.77,41.15,107.79,13.02,26.31,,112.4,130.9,17.41,277.9,79.3,90.0,148.1,Canada,OpenFoodFacts,2018
3935,Pork Loin,Vegetables,290.4,30.51,49.3,26.26,0.79,43.16,717.2,1152.5,117.87,,284.7,59.9,25.0,145.9,UK,NutritionData.self.com,2020
2243,Carrot (VT),Fruits,532.9,6.08,68.45,37.5,18.45,4.9,104.9,1142.6,164.38,5.19,22.0,91.6,17.0,90.1,USA,Kaggle FoodDB,2020
3521,Mushroom,Grainss,221.8,22.67,32.91,,9.46,40.16,1383.9,1028.5,5.77,17.31,166.3,16.4,14.0,43.5,USA,Kaggle FoodDB,2023
3231,Milk (Whole) (QD)  ,Seafood,476.9,10.23,3.73,23.1,,12.58,181.1,34.8,175.61,3.87,328.3,68.7,41.0,83.9,Brazil,FAO,2023
3564,Cucumber,Grainss,388.4,44.1,44.49,,18.28,39.13,1131.7,862.6,197.35,,488.4,38.4,N/A,173.4,Canada,Kaggle FoodDB,2022
3464,Brown Rice,Oils,547.4,40.2,60.23,16.25,,,836.5,1131.8,97.36,16.48,320.4,94.0,48.0,56.2,Germany,NutritionData.self.com,2023
4758,Greek Yogurt,Fruits,,49.58,48.78,62.58,3.17,,1748.2,795.9,161.48,16.85,,53.9,88.0,105.6,Brazil,Kaggle FoodDB,2021.
766,OLIVE OIL,Grains,521.5,36.9,50.46,21.73,4.71,20.34,1875.9,1160.9,97.93,,,12.0,9.0,89.1,USA,OpenFoodFacts,2024
1556,Spinach,Seafood,206.6,35.68,45.19,,5.62,22.32,1061.5,1163.5,110.45,1.98,405.6,86.1,101.0,221.1,USA,OpenFoodFacts,2019
1619,Cucumber,Vegetables,510.8,25.13,73.42,5.91,0.31,45.62,905.5,813.7,115.58,0.19,64.2,1.0,88.0,185.4,Nigeria,Kaggle FoodDB,2021
743,Milk (Whole),Proteins,,41.64,18.32,110.14,15.27,4.77,1045.8,1125.0,3.83,15.47,478.2,85.2,54.0,113.2,Mexico,FAO,2021
3999,Apple,Proteins,486.3,5.49,31.91,46.4,4.63,7.73,1513.9,441.9,119.8,0.07,171.2,20.4,81.0,173.4,Brazil,OpenFoodFacts,2023
1434,Peanut Butter,dairy ,606.8,25.81,37.15,31.19,,1.71,72.8,1049.3,189.98,15.92,330.5,3.1,21.0,200.5,Nigeria,USDA,2019
1293,Onion,Vegetables,519.4,47.59,44.31,97.57,6.6,40.89,1934.2,145.8,64.08,10.97,,74.1,78.0,89.8,India,FAO,2019
1035,Milk (Whole),Grains,87.7,32.0,63.9,90.04,,27.8,848.4,281.9,117.97,19.32,470.3,49.0,36.0,47.8,Germany,NutritionData.self.com,2024
4211,Pork Loin,Grains,112.8,,4.12,4.25,11.05,25.95,730.5,829.6,194.94,5.87,448.8,54.4,23.0,181.6,USA,Kaggle FoodDB,2019
2221,Apple,Dairy,639.2,47.31,6.02,3.69,,12.99,1675.5,292.3,10.95,11.7,198.3,83.1,40.0,23.3,India,USDA,2019
812,Shrimp,Dairy,758.2,,60.6,6.41,11.17,52.86,1809.3,139.8,150.48,2.76,418.7,90.8,93.0,165.0,India,FAO,2022
908,Milk (Whole) (HS),Oils,320.8,38.92,33.16,,13.06,46.71,1460.6,733.8,78.66,7.69,25.0,26.9,7.0,287.8,China,OpenFoodFacts,2020
890,Brown Rice,oils,234.0,22.61,6.39,112.06,8.02,25.12,786.9,20.7,87.19,,324.4,55.7,10.0,138.4,Mexico,FAO,2019
2145,Egg,Nuts & Seeds,,46.69,,101.91,19.43,32.3,1664.8,623.5,65.89,3.33,258.7,2.7,91.0,281.4,Canada,NutritionData.self.com,2020
4870,Bell Pepper,Seafood,736.7,8.81,33.59,74.44,19.72,6.26,1277.0,482.9,50.54,12.59,370.8,52.1,87.0,238.9,Germany,USDA,2022
2576,Onion,Dairy,583.6,8.51,27.59,94.51,6.44,,12.2,932.0,150.34,0.94,,73.5,67.0,230.4,USA,USDA,2020
382,White Rice (AB),Dairy,633.1,25.27,56.64,38.66,6.01,51.88,329.8,1034.8,101.21,15.89,408.4,67.2,41.0,35.7,India,USDA,2021
3575,STRAWBERRY (ZJ),Grainss,802.8,43.07,43.03,19.23,18.75,10.59,1442.4,1099.6,122.84,7.14,73.4,90.9,73.0,289.7,Australia,Kaggle FoodDB,2020
1752,Bread (Whole Wheat),Proteins,209.4,27.94,68.64,73.44,11.19,32.5,607.1,427.4,47.56,11.92,173.9,52.1,99.0,233.4,Brazil,NutritionData.self.com,2023
2595,Garlic,Nuts & Seeds,145.7,,6.03,93.89,10.15,43.98,394.9,1050.9,104.69,18.8,234.3,10.0,75.0,98.9,India,NutritionData.self.com,2021
2534,Egg,Grains,32.6,25.06,25.07,,12.22,21.59,1986.9,991.7,110.42,2.29,,84.2,25.0,12.7,Mexico,FAO,2021
2651,Sweet Potato (YE),Grains,203.8,3.7,31.57,,1.19,30.82,,327.3,119.95,3.86,38.8,49.4,76.0,115.5,Mexico,NutritionData.self.com,2021
1965,Garlic (KJ),Nuts & Seeds,523.2,14.98,43.85,99.27,16.14,19.76,1515.1,924.8,162.92,18.58,4.5,39.1,82.0,201.4,Canada,OpenFoodFacts,2021
3952,Milk (Whole) (GY),Vegtables,754.8,41.22,60.27,15.56,15.77,41.86,773.1,1144.1,94.52,18.44,366.3,19.8,51.0,190.8,Nigeria,OpenFoodFacts,2020
3835,Bell Pepper,Fruits,,47.18,31.65,64.98,5.89,39.13,816.7,745.9,,13.07,36.2,50.3,73.0,33.0,Brazil,NutritionData.self.com,2021
1414,Lentils  ,Vegetables,70.2,19.86,7.9,93.44,14.73,2.02,745.4,502.8,163.86,1.9,17.5,67.7,6.0,292.6,Mexico,FAO,2023
234,Salmon,Vegetables,453.4,20.6,37.9,55.65,15.38,25.51,,669.5,192.11,7.18,431.3,67.7,88.0,129.5,UK,FAO,2019
2688,Turkey Breast,Vegtables,384.0,15.65,13.83,102.35,3.94,17.47,645.0,699.4,15.76,8.25,235.0,51.8,99.0,60.2,Brazil,FAO,2024
3802,White Rice (AY),Vegetables,845.7,12.99,0.93,99.69,7.72,21.6,,939.5,2.78,7.61,53.3,65.7,85.0,220.0,Australia,Kaggle FoodDB,2018
4706,White Rice,Legumes,391.5,8.71,40.48,51.22,8.44,54.07,,422.9,182.53,15.34,257.8,7.5,38.0,56.1,China,NutritionData.self.com,2018
2252,Pineapple (GO),Grains,820.5,45.73,,71.35,0.87,41.39,99999.0,1113.1,113.45,7.11,75.8,75.4,N/A,236.1,India,OpenFoodFacts,2020
634,Milk (Whole),nuts & seeds,488.3,9.49,29.46,,12.01,25.43,1245.3,316.5,,10.09,99.8,64.1,38.0,188.8,Australia,Kaggle FoodDB,2020
4933,Avocado (OD),Proteins,866.2,11.45,44.9,,5.33,55.54,785.7,1120.1,114.52,10.41,268.5,39.3,N/A,117.5,Brazil,Kaggle FoodDB,2024
416,KALE,nuts & seeds,414.6,19.38,66.05,90.35,4.17,12.59,266.4,921.0,156.25,5.74,200.5,24.2,84.0,202.5,USA,OpenFoodFacts,2024
1500,Garlic,oils,779.7,39.05,79.95,106.37,18.1,56.5,506.3,1181.6,29.17,15.84,127.7,32.0,33.0,11.1,Brazil,Kaggle FoodDB,2019
3716,Pineapple (QJ)  ,Proteins,294.5,,16.92,85.59,19.37,7.32,1177.8,963.2,99.46,18.38,447.7,33.3,59.0,38.2,Mexico,Kaggle FoodDB,2022
1996,CARROT (WF),Grains,598.1,29.03,0.37,38.05,9.16,19.72,1116.2,173.9,175.1,16.81,469.9,62.9,100.0,148.0,Australia,USDA,2021.
4553,Salmon,Seafood,155.3,36.69,60.86,105.58,12.93,7.5,1959.0,313.3,98.95,,143.9,48.5,74.0,224.6,Australia,OpenFoodFacts,2020
4020,Celery,Legumes,222.4,32.98,11.94,14.57,3.84,8.47,1537.7,867.7,4.53,19.16,482.3,35.7,60.0,187.1,Mexico,Kaggle FoodDB,2021
4051,Bread (Whole Wheat) (DP)  ,Seafood,842.3,40.97,52.27,17.83,3.21,10.65,1129.9,564.3,43.23,10.42,136.2,27.7,54.0,221.3,India,OpenFoodFacts,2018
4499,Chicken Breast,Nuts & Seeds,250.0,47.81,27.68,50.26,12.72,30.94,1311.6,15.3,125.15,7.08,311.9,26.6,67.0,235.9,Canada,OpenFoodFacts,2019
3691,Green Beans,Oils,747.6,21.46,39.24,66.06,7.44,,1611.9,503.6,190.39,7.77,,51.5,N/A,166.9,Mexico,NutritionData.self.com,2018
18,Almonds (JO),Seafood,481.8,16.17,19.21,,19.44,31.71,,172.2,70.89,,,61.2,40.0,297.5,Germany,NutritionData.self.com,2018
3558,Cottage Cheese,Proteins,449.3,29.73,60.72,70.83,4.62,29.91,693.3,214.2,83.32,6.92,36.2,74.4,N/A,42.1,India,USDA,2024
4518,CUCUMBER,Dairy,809.0,36.04,37.71,1.16,,17.17,913.2,1066.2,,15.58,240.4,73.9,23.0,142.8,Australia,OpenFoodFacts,2022
2313,Olive Oil,Proteins,454.3,15.23,28.1,93.26,2.45,7.94,1716.1,377.5,134.05,14.36,164.8,65.9,7.0,108.4,UK,Kaggle FoodDB,2020.
4505,Broccoli,Seafood,456.7,18.96,2.63,42.91,19.13,29.1,1847.0,569.2,189.8,6.82,291.4,13.6,71.0,162.6,UK,USDA,2023
597,Tofu,Nuts & Seeds,607.5,17.83,43.82,15.54,8.09,8.98,1161.7,433.8,49.92,12.52,296.8,11.7,69.0,212.7,India,FAO,2024
1435,Strawberry,Vegetables,142.9,38.76,65.4,36.07,6.51,52.62,992.0,665.0,10.77,19.14,447.8,86.5,78.0,200.4,USA,FAO,2018
2289,Tofu,Nuts & Seeds,444.2,47.43,6.51,86.24,17.1,52.66,938.8,1028.1,124.46,5.76,62.3,70.0,100.0,24.9,Germany,OpenFoodFacts,2020
1567,Lamb,Seafood,607.4,34.88,0.31,62.87,12.15,46.98,498.5,18.4,,11.45,427.3,86.7,23.0,83.4,UK,NutritionData.self.com,2020
2352,Shrimp,Grains,823.7,2.21,68.39,86.48,18.35,32.52,1533.2,579.0,85.9,4.6,107.0,24.1,17.0,80.6,Nigeria,OpenFoodFacts,2024
1570,Banana (WS),Dairy,417.6,21.07,60.35,35.86,17.27,42.03,599.2,879.7,162.42,1.69,402.4,9.8,81.0,38.2,UK,FAO,2021
1322,Mango,Dairy,160.4,25.52,46.33,109.28,6.3,27.15,294.9,1145.4,22.82,13.96,280.0,51.9,88.0,225.4,UK,USDA,2023
372,Chicken Breast,Vegetables,36.0,17.41,72.36,74.93,8.32,47.37,840.9,886.6,119.78,13.78,,25.9,52.0,272.5,Brazil,NutritionData.self.com,2018
2119,Shrimp,Fruits,93.4,,63.12,,19.25,54.25,916.8,116.9,,14.05,122.7,97.3,11.0,203.3,Mexico,NutritionData.self.com,2019
1972,Brown Rice,Legumes,751.9,30.12,25.66,96.23,12.16,12.51,202.9,1058.6,26.13,9.92,104.3,2.2,N/A,224.7,India,USDA,2022
653,Turkey Breast (ME),Seafood,536.4,10.37,67.55,92.9,7.49,5.59,795.5,583.8,101.51,,253.8,70.7,20.0,281.3,China,OpenFoodFacts,2018
599,Green Beans,Oils,189.2,33.15,7.29,89.63,19.31,16.78,625.2,614.6,36.68,13.05,346.7,15.8,35.0,22.7,Nigeria,FAO,2020.
677,Broccoli,Oils,,,70.0,36.61,7.34,13.83,1970.3,417.9,112.96,11.72,317.4,14.1,3.0,195.1,Brazil,NutritionData.self.com,2019
239,Banana,PROTEINS,588.0,2.02,66.51,52.64,16.73,7.95,39.4,77.5,184.61,4.73,439.1,71.5,11.0,96.5,Brazil,USDA,2021
3627,Olive Oil,Proteins,20.6,13.92,39.78,13.27,14.05,38.18,81.4,615.5,,7.04,487.2,33.0,34.0,181.8,Nigeria,NutritionData.self.com,2024.
4917,Greek Yogurt,Grains,,6.21,62.46,,12.35,46.18,1673.9,1092.3,31.52,14.44,240.9,26.6,50.0,269.4,Nigeria,OpenFoodFacts,2024
2827,Strawberry,Dairy,661.4,47.21,61.17,26.13,12.42,,,735.9,129.95,13.68,454.8,98.0,24.0,264.8,Nigeria,OpenFoodFacts,2020
1264,Peanut Butter,Vegetables,420.6,48.74,35.07,71.92,,39.62,1353.9,1000.9,59.3,0.39,228.5,5.5,23.0,144.3,Brazil,USDA,2022
3768,Lentils,Grains,401.8,6.45,47.4,40.57,7.74,,489.6,991.3,31.19,13.18,384.6,30.5,100.0,281.5,Nigeria,OpenFoodFacts,2020
76,Bell Pepper,Fruits,661.5,25.95,21.93,62.76,9.87,22.14,643.2,95.9,136.6,2.02,292.3,42.3,28.0,127.0,Nigeria,Kaggle FoodDB,2023
3903,Bread (Whole Wheat) (EH),Vegetables,825.3,39.05,49.49,110.62,2.36,24.06,1889.6,778.1,58.35,4.3,427.7,46.9,54.0,176.2,Germany,NutritionData.self.com,2018
1319,Egg,Nuts & Seeds,91.8,32.42,,29.09,15.19,40.41,152.0,170.6,99.32,0.11,347.4,89.3,22.0,237.2,UK,FAO,2021
3694,Zucchini,fruits,226.3,0.7,13.49,61.86,19.48,22.65,1040.9,166.4,57.54,9.72,,61.3,103.0,216.2,China,Kaggle FoodDB,2021
3310,Turkey Breast (WQ),Seafood,428.5,25.48,41.02,34.49,12.94,47.04,647.7,617.0,53.37,11.64,299.4,62.6,83.0,40.6,Canada,FAO,2023
2930,Cheddar Cheese,Oils,366.0,8.52,64.06,102.44,9.95,17.12,,1057.1,93.81,16.08,100.1,95.3,42.0,113.9,Nigeria,NutritionData.self.com,2024
1058,Salmon,Seafood,373.7,24.57,,119.61,11.04,,1360.5,509.4,22.47,14.03,175.8,96.7,49.0,115.3,USA,Kaggle FoodDB,2020
4247,Milk (Whole),Dairy,240.8,24.51,3.22,102.91,10.56,36.98,1285.9,652.0,76.27,16.68,198.6,88.0,6.0,276.9,India,NutritionData.self.com,2020
3888,Milk (Whole),Oils,579.2,34.94,1.08,88.12,,16.49,666.0,1054.6,191.01,4.96,20.2,5.3,74.0,251.1,UK,NutritionData.self.com,2019
4922,Lamb,Oils,669.4,43.51,72.58,42.58,9.13,19.42,1056.1,744.1,186.93,2.57,366.6,65.5,63.0,64.1,India,Kaggle FoodDB,2019
1741,Celery,Dairy,748.2,8.64,25.79,62.02,0.54,39.57,761.6,474.3,188.77,2.53,469.4,15.9,45.0,240.6,Australia,Kaggle FoodDB,2022
4386,Salmon,Nuts & Seeds,510.9,43.84,66.92,105.93,15.59,29.72,436.0,582.9,29.16,19.32,442.4,88.1,23.0,62.3,Nigeria,NutritionData.self.com,2023
2989,Lentils,Legumes,652.2,39.63,37.13,85.03,8.02,27.42,362.9,534.4,83.32,5.76,,42.2,109.0,279.2,UK,NutritionData.self.com,2024
3535,ONION,Vegetables,224.6,27.11,36.85,85.51,2.18,3.46,563.8,1138.6,60.2,19.69,454.0,17.0,57.0,57.9,Canada,USDA,2023.
97,Avocado,Dairy,,42.22,47.13,36.42,8.43,29.9,1439.3,628.6,75.79,3.85,74.1,40.1,N/A,286.5,Brazil,USDA,2021
3840,Shrimp,Vegetables,621.8,2.55,59.0,29.96,,2.12,1727.4,826.6,70.91,13.7,336.6,63.0,96.0,188.9,Canada,USDA,2020
3843,Garlic,Vegetables,438.5,12.17,22.32,,16.8,11.96,1417.3,675.4,118.86,4.26,129.1,52.9,104.0,197.2,Germany,NutritionData.self.com,2020
2555,ALMONDS,Vegetables,83.6,31.57,49.05,110.55,16.28,42.97,23.6,80.6,164.52,5.35,324.7,25.9,103.0,114.5,Brazil,Kaggle FoodDB,2019
4688,Salmon (ZT),Seafood,29.4,14.97,60.9,49.22,17.02,54.57,470.4,16.1,78.99,4.96,128.1,46.6,61.0,178.6,Mexico,Kaggle FoodDB,2019
622,Milk (Whole),Dairy,204.2,45.56,23.26,101.11,17.68,32.78,302.6,1099.2,42.65,11.71,304.9,84.7,69.0,66.4,Australia,Kaggle FoodDB,2019
2448,Watermelon,Seafood,191.3,12.88,79.86,61.51,,17.74,441.7,391.0,123.84,18.89,67.7,78.0,5.0,24.8,USA,FAO,2020
3871,PASTA,Seafood,367.8,45.86,62.6,2.77,7.43,52.57,430.7,1082.5,108.79,12.09,40.6,72.0,22.0,287.1,Canada,OpenFoodFacts,2021
567,Tofu,Nuts & Seeds,365.2,,68.02,61.8,13.61,16.98,1921.9,431.1,88.61,8.44,469.1,31.4,101.0,153.2,Mexico,FAO,2024
3894,BEEF (LEAN),Oils,397.0,24.74,74.48,65.06,6.17,24.96,1659.2,177.4,199.66,1.3,392.1,11.1,65.0,179.1,Mexico,Kaggle FoodDB,2020.
3197,Celery,Nuts & Seeds,848.2,33.9,79.68,92.25,7.05,32.39,342.2,404.9,84.28,12.16,142.9,64.0,86.0,289.6,Australia,Kaggle FoodDB,2023
4353,Olive Oil,Fruits,384.4,43.83,21.74,9.24,15.98,12.43,1382.9,571.0,163.27,,356.1,58.0,N/A,124.3,China,Kaggle FoodDB,2018
749,WHITE RICE (MC),Proteins,817.7,49.28,36.09,11.48,8.07,58.39,1687.7,245.9,42.61,14.8,324.3,76.2,56.0,60.2,China,USDA,2020
3866,SWEET POTATO,Dairy,332.3,34.79,53.58,22.38,5.98,46.43,1070.0,1025.1,121.55,4.73,233.2,78.8,4.0,49.2,China,USDA,2023
52,Bread (Whole Wheat) (NC),Seafood,702.1,40.28,36.82,93.1,15.32,35.76,1965.4,1090.1,21.58,10.74,345.6,74.2,95.0,66.0,Australia,OpenFoodFacts,2024
3679,Black Beans (ML),seafood,725.3,26.73,36.25,82.05,17.46,57.39,49.9,934.7,,12.49,40.0,14.6,13.0,140.2,Canada,NutritionData.self.com,2018
1757,Shrimp,Nuts & Seeds,864.4,41.86,64.82,51.27,16.79,37.88,1411.8,171.4,110.18,17.77,387.9,93.6,53.0,135.1,Nigeria,OpenFoodFacts,2021
1376,Lamb,Fruits,786.3,2.07,36.01,24.23,12.78,25.49,1013.9,1033.3,110.89,18.82,176.5,83.3,N/A,124.8,USA,FAO,2019
2742,Egg,Seafood,218.3,8.28,46.62,2.77,1.98,34.18,388.7,1055.8,60.95,7.15,,8.2,71.0,11.4,China,NutritionData.self.com,2023
535,Blueberries (TH),Grainss,696.7,8.25,47.75,31.62,8.47,34.95,1925.6,278.6,121.4,16.29,30.1,6.1,84.0,186.1,Canada,USDA,2023
746,Black Beans (WK),Oils,811.6,34.62,,93.5,19.65,33.56,1890.1,1044.7,199.04,9.77,484.2,65.7,85.0,264.3,USA,FAO,2020.
4651,Onion,Proteins,67.2,,17.48,35.66,5.1,23.33,,1120.8,170.84,13.94,495.7,40.6,72.0,11.6,UK,FAO,2024
4409,Pork Loin (MF),Grains,356.3,10.02,64.49,60.9,8.2,16.45,282.8,436.1,7.18,5.52,47.0,96.9,5.0,99.2,India,USDA,2021
444,Beef (Lean),Nuts & Seeds,346.2,47.67,77.83,71.66,13.41,22.26,652.4,264.5,,19.38,297.6,13.9,37.0,155.9,Nigeria,Kaggle FoodDB,2022
2196,Tofu (HE),Fruits,,27.13,35.97,48.6,13.17,23.31,,130.3,157.7,16.1,320.2,76.8,81.0,107.4,Nigeria,NutritionData.self.com,2020
196,Almonds,Legumes,327.3,39.92,74.34,45.44,16.12,24.88,1625.8,189.4,156.19,9.66,,65.6,78.0,216.4,Canada,FAO,2020.
2239,Pineapple,Vegetables,89.5,33.13,,93.14,15.86,29.78,1214.1,1187.9,164.24,7.32,15.0,51.5,56.0,298.4,Brazil,FAO,2020
1540,Greek Yogurt,Grains,482.1,,56.65,97.65,,19.19,,76.8,176.79,6.55,181.2,24.1,2.0,138.3,Mexico,Kaggle FoodDB,2021
803,Tofu (SR),Proteins,527.1,13.66,5.34,68.25,0.06,31.6,357.4,140.5,68.17,1.82,,8.5,88.0,230.4,Canada,OpenFoodFacts,2023
1222,Banana,Nuts & Seeds,152.9,-1.0,32.12,43.16,15.02,23.55,806.9,1062.8,0.74,6.26,326.5,8.4,1.0,270.9,USA,OpenFoodFacts,2019
3968,Garlic (CE),Proteins,55.4,36.84,74.46,25.43,0.82,,85.1,176.9,76.54,10.6,95.8,80.1,30.0,14.7,India,FAO,2024
4961,Chicken Breast,Fruits,500.2,29.45,40.26,62.65,1.76,3.71,360.0,104.9,56.78,0.51,165.6,54.7,83.0,208.4,UK,FAO,2019
1745,MANGO,Vegetables,,23.91,65.12,26.19,5.85,29.94,342.7,872.2,,17.65,161.8,29.7,43.0,194.4,USA,OpenFoodFacts,2018.
3162,Kale,Grainss,,6.42,47.45,87.81,6.32,,99999.0,139.5,101.92,3.49,365.2,72.3,2.0,256.2,Germany,Kaggle FoodDB,2023
2882,Green Beans (GW),Fruits,772.4,22.92,64.3,96.9,13.74,38.18,221.3,337.4,126.64,4.53,128.7,59.2,96.0,60.1,China,Kaggle FoodDB,2024
3113,Banana,dairy ,648.4,48.69,7.3,5.58,17.3,40.87,903.4,316.9,110.8,15.88,180.3,61.5,80.0,165.5,Canada,OpenFoodFacts,2020
4843,Tuna (Canned),Nuts & Seeds,,14.77,18.43,92.96,17.39,30.47,1437.4,782.0,9.16,14.66,,92.7,N/A,73.2,Australia,USDA,2021.
645,Cucumber (BK),Fruits,125.4,,17.16,29.88,3.86,,1293.2,798.9,,2.4,443.2,30.7,64.0,299.1,Brazil,FAO,2019
3735,Bell Pepper (EP),dairy ,,19.35,57.92,60.01,,21.1,1110.9,539.0,172.55,9.81,280.0,1.8,41.0,236.7,Brazil,NutritionData.self.com,2023
3752,Avocado,Oils,,9.9,22.15,66.42,3.67,,514.8,1165.0,157.29,15.01,177.1,26.5,15.0,179.5,China,Kaggle FoodDB,2023
2016,Beef (Lean),legumes,381.8,43.3,49.94,116.26,11.31,23.04,616.6,256.9,15.81,18.56,287.9,91.7,74.0,191.9,Mexico,USDA,2023
4540,Tofu (UH),Fruits,97.3,29.7,,,15.29,29.67,1608.5,1.6,49.29,15.29,0.7,94.5,69.0,232.2,USA,Kaggle FoodDB,2019.
121,Celery,Vegetables,730.5,,1.64,68.29,13.92,18.45,,816.7,148.04,6.6,335.4,19.8,94.0,22.3,China,OpenFoodFacts,2019.
4023,Tuna (Canned),Oils,611.7,24.3,28.06,70.26,17.48,14.64,607.7,1136.3,102.25,12.23,280.0,22.9,33.0,37.0,Nigeria,FAO,2021
2689,Apple,Legumes,453.7,15.38,54.62,84.31,3.2,14.71,797.1,841.6,27.13,2.01,132.9,29.2,90.0,59.6,UK,Kaggle FoodDB,2018
4149,Strawberry,Dairy,661.5,20.52,,20.76,2.58,31.34,,320.4,176.91,,84.3,74.2,34.0,243.4,Mexico,NutritionData.self.com,2020
2043,Garlic,Seafood,480.6,32.34,67.55,25.83,14.28,32.17,1351.8,952.3,137.65,13.11,305.7,58.5,27.0,289.2,Australia,NutritionData.self.com,2019
1706,Black Beans (LK),Dairy,113.0,40.92,50.88,9.15,15.05,25.11,1976.4,108.4,168.56,,244.0,55.4,81.0,189.0,Germany,NutritionData.self.com,2024
3427,Orange,seafood,515.8,5.93,27.72,71.82,1.03,19.61,1250.9,1128.3,172.76,0.39,364.3,13.5,16.0,109.6,Mexico,OpenFoodFacts,2020
3092,Olive Oil (UU),Fruits,862.7,22.22,28.49,68.87,0.38,12.51,275.8,1034.6,70.4,18.97,86.6,69.8,83.0,272.3,Germany,NutritionData.self.com,2022
1505,Peas (DL),Fruits,354.6,4.33,43.48,28.68,16.64,50.19,,296.3,91.28,8.41,340.0,24.1,83.0,140.1,Nigeria,USDA,2019
2388,LAMB,Nuts & Seeds,548.9,,36.11,57.12,4.86,37.27,,1136.9,157.05,11.68,442.3,7.5,70.0,189.4,Brazil,Kaggle FoodDB,2022
135,Mango,Grainss,849.8,48.19,3.16,92.49,1.26,6.77,1835.2,202.4,194.46,18.02,25.2,45.4,51.0,81.8,Brazil,OpenFoodFacts,2019
2621,Orange (HY),Grains,714.3,43.07,58.83,3.95,,39.13,577.4,701.9,180.98,14.07,376.1,43.6,104.0,178.6,Brazil,Kaggle FoodDB,2024.
3495,Avocado (JG),Grains,600.0,9.37,56.98,62.02,19.69,23.54,258.6,989.5,139.48,15.24,466.5,5.1,106.0,266.6,Nigeria,USDA,2021.
2785,Cheddar Cheese,Seafood,771.3,47.24,43.42,28.32,5.89,36.03,1440.2,317.7,63.64,3.91,169.8,15.2,25.0,202.1,Canada,NutritionData.self.com,2023
3519,Zucchini (UD),Oils,82.5,22.92,20.59,,11.75,17.49,444.1,667.4,87.36,13.3,446.4,44.1,84.0,156.8,Canada,OpenFoodFacts,2019
185,Chicken Breast,Nuts & Seeds,247.0,37.6,51.2,1.27,9.94,23.19,1246.1,886.7,,15.63,33.7,83.9,19.0,254.7,Australia,Kaggle FoodDB,2021
2950,Milk (Whole),Seafood,841.0,14.02,6.83,31.63,16.95,,82.8,697.9,145.06,19.24,73.7,37.1,60.0,33.9,USA,Kaggle FoodDB,2021
1838,Pineapple,Fruits,317.7,30.99,62.27,80.67,8.13,26.03,1762.6,726.0,98.62,5.88,156.8,42.7,N/A,226.5,Canada,Kaggle FoodDB,2022
512,Peas,Fruits,388.1,46.39,44.48,93.38,13.14,20.47,891.3,791.3,90.84,,287.5,37.8,104.0,192.7,Nigeria,NutritionData.self.com,2021.
2961,Chicken Breast (MZ),Grains,191.8,43.96,0.28,29.48,6.41,37.98,1546.5,753.6,193.62,10.39,338.5,82.6,20.0,147.0,Nigeria,Kaggle FoodDB,2022
63,Bell Pepper,dairy ,749.3,25.17,46.66,11.05,14.91,44.5,1386.9,931.1,1.09,0.32,379.6,3.7,10.0,186.4,UK,FAO,2023
2233,Tomato,Grains,814.5,2.4,8.91,87.45,3.66,1.54,1344.1,375.0,62.04,9.84,214.0,46.6,23.0,298.7,Mexico,NutritionData.self.com,2023.
3347,Kale,Grains,258.4,40.58,,90.13,7.17,15.82,220.3,738.7,106.91,4.68,390.2,93.5,14.0,113.8,Brazil,USDA,2019
2844,Blueberries  ,Grainss,,23.29,11.97,40.97,16.38,,1280.7,761.3,116.96,12.47,,35.5,108.0,122.2,UK,Kaggle FoodDB,2023
3959,Mushroom,Oils,,30.5,51.73,46.66,13.11,8.27,1453.7,717.6,185.29,9.97,,41.8,91.0,87.6,China,OpenFoodFacts,2020
4398,Orange,Proteins,87.9,,2.53,92.29,8.78,4.39,,860.1,29.78,13.86,189.6,60.4,64.0,248.1,USA,Kaggle FoodDB,2021
2288,Tofu,Legumes,311.6,14.25,23.4,27.86,14.44,35.86,1429.7,800.5,,3.84,268.7,22.1,66.0,228.3,Nigeria,USDA,2020
252,Almonds (OB),Legumes,358.9,48.34,20.23,,7.63,57.76,197.5,19.0,46.3,17.56,398.0,17.9,14.0,249.6,UK,NutritionData.self.com,2019
626,Spinach,Fruits,344.6,,,38.87,0.58,8.79,1024.0,1106.9,177.41,7.46,27.0,49.0,N/A,92.5,UK,USDA,2023
3168,Pasta,Grains,112.7,34.31,15.09,68.29,17.96,57.3,1875.5,637.3,100.28,,423.0,14.4,N/A,245.1,UK,OpenFoodFacts,2021
4934,Bell Pepper,Grains,411.5,0.26,27.02,88.51,,,1413.3,101.5,198.82,16.48,401.8,53.7,36.0,109.2,Australia,OpenFoodFacts,2020
2776,Oats,Fruits,400.9,1.38,33.55,86.08,18.06,23.07,1495.7,1100.0,106.31,15.81,17.1,84.0,32.0,113.0,China,Kaggle FoodDB,2019
3553,Onion,Vegtables,531.0,32.45,,60.76,7.44,10.63,1478.8,382.1,15.44,0.49,28.0,36.6,76.0,286.4,Australia,OpenFoodFacts,2021
123,Spinach,Dairy,299.8,2.91,71.25,61.62,19.26,56.09,1498.5,776.9,83.05,4.75,,20.6,3.0,113.8,Canada,NutritionData.self.com,2024
1910,Onion,Vegetables,151.0,24.21,0.88,4.55,15.93,53.07,535.1,811.1,59.18,4.77,248.8,88.0,12.0,109.6,Germany,OpenFoodFacts,2021
4014,Strawberry,Fruits,,2.71,61.8,9.29,11.64,26.95,70.9,357.6,36.49,3.06,5.0,79.7,58.0,287.4,UK,USDA,2021
4289,Carrot,Legumes,324.0,20.27,62.22,104.89,6.92,39.21,583.6,1124.1,170.98,4.86,406.5,8.3,47.0,32.8,China,USDA,2018
2615,Almonds,Nuts & Seeds,298.3,12.34,72.75,85.82,10.1,18.11,1567.3,567.7,190.49,6.76,348.6,49.6,100.0,12.2,India,Kaggle FoodDB,2024
2378,Black Beans (RD),Seafood,714.3,20.2,57.17,57.59,4.94,23.27,,511.6,33.53,2.0,145.4,56.2,72.0,152.3,Germany,NutritionData.self.com,2021.
3489,Shrimp,legumes,47.9,11.66,18.99,92.88,14.73,34.14,753.1,799.2,134.34,15.05,187.2,46.0,6.0,168.9,USA,FAO,2023.
568,Chicken Breast,Fruits,405.0,36.29,34.73,38.62,6.79,26.66,63.4,1129.7,16.25,1.24,454.8,97.2,N/A,276.9,Canada,USDA,2019
2847,Tofu,Grains,,41.62,75.45,56.58,,1.29,1060.0,654.0,,0.55,62.1,90.9,61.0,139.8,China,USDA,2021
1880,Bell Pepper,Proteins,517.2,13.35,68.5,30.51,2.98,37.88,40.0,1117.3,112.34,7.94,75.0,95.8,96.0,88.0,China,Kaggle FoodDB,2024
3397,Lentils (CB),Vegetables,746.4,29.53,43.9,45.05,8.03,33.36,1796.8,803.3,58.87,17.54,406.3,16.0,N/A,280.3,UK,NutritionData.self.com,2020
694,Garlic,seafood,233.3,29.72,15.44,9.98,19.65,30.22,1046.9,687.0,174.66,18.49,442.2,60.9,9.0,171.5,Canada,NutritionData.self.com,2018
865,Peanut Butter (LR),Seafood,372.7,35.93,6.86,67.65,3.51,14.67,27.6,758.0,50.32,,,54.6,96.0,101.1,China,FAO,2019.
3741,Almonds,Oils,815.8,30.01,21.78,60.41,,22.07,205.1,1105.2,65.39,11.58,,61.7,32.0,232.8,UK,NutritionData.self.com,2023
3265,GARLIC,Nuts & Seeds,717.6,40.86,46.49,65.82,14.9,45.41,695.2,803.6,2.0,17.02,172.6,19.8,20.0,132.5,China,NutritionData.self.com,2019
1989,Green Beans (KZ),Nuts & Seeds,,7.95,61.98,106.8,8.69,42.89,1038.8,276.3,43.79,3.86,132.2,58.5,44.0,231.8,USA,OpenFoodFacts,2023
857,Spinach,nuts & seeds,52.2,7.28,56.7,102.11,,32.1,1047.8,1189.2,149.56,1.62,352.3,5.5,16.0,51.6,Mexico,USDA,2019
4223,Carrot (VL),Proteins,810.2,26.65,35.32,,6.05,12.54,818.9,774.0,164.03,13.12,457.2,60.1,69.0,123.7,Mexico,USDA,2018
3805,White Rice,Dairy,,34.36,,30.4,6.65,54.31,559.2,720.4,42.2,3.41,417.1,75.5,36.0,53.3,Mexico,FAO,2023
1150,Apple (LZ),Dairy,783.2,47.31,68.34,106.49,5.42,32.29,214.1,319.5,157.72,,361.0,48.1,40.0,242.4,Brazil,USDA,2023
3040,TURKEY BREAST,Dairy,476.5,48.65,66.21,79.47,17.8,56.66,61.6,985.1,121.38,18.62,481.5,61.6,75.0,245.1,India,USDA,2023
721,Garlic  ,Proteins,845.7,5.32,54.3,48.21,16.84,,1145.4,230.4,15.1,2.46,354.5,62.5,63.0,243.1,UK,OpenFoodFacts,2021
2886,Blueberries,Oils,847.9,41.15,6.72,64.02,15.58,,1723.9,135.7,184.31,19.4,17.8,97.2,40.0,66.1,Mexico,NutritionData.self.com,2023
3255,Celery,Nuts & Seeds,316.7,20.7,16.92,99.73,1.47,12.89,682.9,677.4,59.97,1.76,489.4,42.2,26.0,257.4,India,FAO,2023
4727,Zucchini,oils,825.2,41.07,46.39,15.18,13.67,,222.9,1070.3,101.05,3.46,452.6,21.2,63.0,295.6,Mexico,USDA,2018
1947,Peanut Butter (MW),Grains,407.4,6.91,26.73,104.44,18.64,37.39,1135.2,477.9,139.82,15.13,169.6,41.9,62.0,17.4,India,OpenFoodFacts,2018
3407,Mango (AR),oils,775.1,0.29,51.92,,13.26,54.92,157.9,984.9,62.66,18.52,175.9,56.8,76.0,213.9,China,USDA,2023
603,Olive Oil (QP),Grains,175.8,6.35,52.9,71.3,19.28,36.42,1580.9,806.9,103.38,7.26,439.4,87.1,57.0,29.0,Australia,Kaggle FoodDB,2022
2171,Shrimp (VQ),Dairy,624.0,24.2,29.2,51.29,6.15,27.77,113.7,207.7,4.22,12.49,,31.8,2.0,163.7,UK,NutritionData.self.com,2022
4681,Avocado,Proteins,258.1,25.46,41.98,101.38,6.83,7.41,32.1,59.8,,5.03,272.6,68.9,33.0,153.2,Brazil,FAO,2024
3436,Brown Rice (KF),Legumes,362.5,12.41,76.79,1.17,13.48,,1719.7,896.0,167.04,17.92,297.2,98.0,7.0,271.9,UK,Kaggle FoodDB,2024
1056,Banana,Legumes,328.6,,27.71,91.42,11.02,13.17,1985.1,875.6,134.85,14.82,433.0,42.9,51.0,139.7,Mexico,FAO,2018
2866,Milk (Whole),Dairy,530.5,48.66,,7.45,10.94,1.56,774.0,902.7,142.59,18.05,176.1,21.9,92.0,54.8,China,FAO,2018
1722,Lamb (WY),Grains,126.8,3.87,69.17,44.91,6.63,56.8,1643.6,403.5,173.26,7.76,278.2,91.8,27.0,80.3,Brazil,NutritionData.self.com,2019.
3685,Garlic,Grainss,616.1,16.91,63.16,13.58,4.46,39.73,1501.4,570.1,191.8,14.8,448.2,31.6,88.0,105.9,Australia,FAO,2018
319,Sweet Potato (VB),Grains,,7.23,56.45,90.88,2.57,6.21,934.2,17.8,176.75,17.94,179.2,6.8,15.0,247.1,Nigeria,FAO,2020
3027,Mango,Vegetables,851.1,41.33,3.2,54.36,14.27,14.61,1524.6,749.0,102.79,14.47,181.6,79.6,33.0,94.6,Canada,FAO,2019
2551,Watermelon (TB),Proteins,327.0,,38.91,49.4,,43.02,377.7,702.4,,6.5,67.7,31.3,4.0,56.2,Australia,OpenFoodFacts,2020
275,Mango,Legumes,470.0,23.63,73.78,45.02,15.74,28.21,816.4,84.2,135.63,13.65,481.4,75.4,47.0,230.9,India,OpenFoodFacts,2018.
4446,Bread (Whole Wheat),Oils,,2.32,32.01,51.69,16.07,19.75,1760.3,987.8,99.34,,318.3,61.2,22.0,173.6,Mexico,Kaggle FoodDB,2024
550,Salmon,legumes,699.6,6.87,12.74,97.05,,33.17,1885.8,358.9,50.93,6.62,449.0,69.9,87.0,232.5,Canada,OpenFoodFacts,2019
1882,Cottage Cheese,Proteins,788.5,10.37,17.33,97.49,11.35,14.1,1051.6,279.5,82.05,3.37,66.7,75.1,101.0,80.0,Canada,FAO,2023
1002,Strawberry,Vegetables,496.9,8.7,11.03,0.04,9.62,12.19,83.9,1140.3,,8.63,305.3,97.5,55.0,149.0,USA,OpenFoodFacts,2018
1398,Pork Loin  ,Grains,238.9,16.54,55.04,,,30.79,192.9,286.6,48.4,15.12,157.2,77.4,14.0,297.2,USA,FAO,2021
3126,Sweet Potato (LF),Nuts & Seeds,553.9,0.11,1.79,21.8,7.01,25.81,1144.0,486.6,120.78,6.98,193.9,43.0,67.0,71.8,China,OpenFoodFacts,2024
606,Shrimp,Fruits,425.5,29.92,16.62,25.21,14.03,46.42,1273.8,366.5,53.08,1.23,19.9,77.7,89.0,155.4,China,OpenFoodFacts,2023
1439,Oats  ,Proteins,,6.39,71.2,81.92,6.22,35.97,954.7,255.8,17.86,16.89,5.7,76.2,35.0,113.2,Brazil,OpenFoodFacts,2019
528,TOMATO,Dairy,260.6,4.16,5.68,85.18,19.71,53.59,752.6,709.8,66.85,4.5,463.7,30.2,101.0,294.6,Nigeria,Kaggle FoodDB,2024
1874,Blueberries (GY),Seafood,759.8,,49.95,102.36,1.95,49.58,634.3,863.6,,7.26,298.5,61.2,69.0,45.6,Australia,USDA,2022
2500,Celery,Vegetables,-999.0,33.47,67.21,112.13,6.51,55.61,971.4,929.5,103.27,0.5,325.4,49.2,59.0,74.7,Brazil,USDA,2020
4867,BANANA,Oils,333.2,21.45,54.06,43.33,11.39,0.92,606.0,965.9,60.77,,471.3,71.2,20.0,167.2,Mexico,OpenFoodFacts,2024
830,Corn (YW),Oils,418.0,26.79,41.94,,19.87,16.61,1122.5,3.6,36.33,0.94,0.3,24.7,97.0,10.7,USA,NutritionData.self.com,2024
4274,Bell Pepper,Dairy,440.1,19.12,28.65,28.12,2.96,34.08,1267.7,1105.8,152.38,6.89,220.5,39.6,12.0,70.2,India,FAO,2023
4974,Zucchini,Seafood,642.4,3.12,13.03,104.28,1.29,,920.9,783.8,9.89,1.03,80.2,29.3,36.0,58.0,Canada,Kaggle FoodDB,2024
2023,Turkey Breast,Nuts & Seeds,844.4,47.98,68.39,56.27,9.72,17.61,51.0,440.5,95.61,,470.8,10.3,65.0,84.8,Nigeria,USDA,2023
2175,Peas (QP)  ,Fruits,219.9,4.93,53.15,0.49,15.58,,1316.8,1036.3,,12.82,138.9,63.4,63.0,299.8,Germany,USDA,2020.
2465,Egg,legumes,566.2,18.73,23.67,55.77,19.28,39.45,952.3,184.4,157.17,0.46,,90.1,105.0,238.7,India,Kaggle FoodDB,2023
299,Sweet Potato (YC),Oils,568.1,21.47,3.64,,17.09,20.05,829.9,236.4,51.46,6.05,219.9,94.8,49.0,19.3,USA,FAO,2018
69,Milk (Whole),legumes,85.6,46.03,40.29,16.88,8.31,51.35,1266.7,732.5,85.45,2.83,199.2,98.5,10.0,139.1,India,FAO,2023
2701,Cheddar Cheese,Grains,478.7,49.83,39.06,94.18,,26.83,1375.4,30.0,99.99,17.5,460.2,52.5,45.0,167.2,Canada,FAO,2021
2405,Olive Oil,Grainss,615.9,18.24,79.9,92.97,6.02,29.92,1291.9,33.9,158.37,2.65,217.2,74.4,36.0,84.5,Australia,NutritionData.self.com,2019
2300,PINEAPPLE (IX),Nuts & Seeds,318.2,32.01,30.63,90.38,16.94,5.24,446.7,545.2,95.69,19.39,9.5,42.0,2.0,102.1,India,FAO,2020.
3971,Watermelon,Fruits,876.9,5.91,16.34,60.18,19.79,8.92,1031.1,437.2,49.87,,385.9,10.4,63.0,12.1,Canada,Kaggle FoodDB,2021.
2460,Cucumber,Fruits,373.6,12.93,23.11,46.58,19.41,51.88,148.8,1097.5,145.43,17.65,,62.1,6.0,281.5,UK,FAO,2024
1740,Tomato (MC),Oils,384.4,46.93,23.41,64.51,2.1,41.48,1530.9,1079.3,175.54,10.47,55.5,37.2,79.0,124.2,Germany,NutritionData.self.com,2022
1484,Corn,Fruits,25.1,0.6,46.14,51.81,14.35,14.67,1449.3,552.0,193.71,11.49,,48.8,N/A,263.4,Mexico,NutritionData.self.com,2020
151,Brown Rice (HQ),Proteins,,15.55,71.1,84.57,1.56,32.07,586.6,883.2,51.31,8.31,11.1,4.9,70.0,124.2,Canada,USDA,2022
757,Cheddar Cheese (TJ),Vegtables,565.7,31.57,14.61,79.81,11.54,52.99,1537.3,933.1,197.58,6.69,58.2,58.5,20.0,37.9,Mexico,Kaggle FoodDB,2021
3478,White Rice,Proteins,,32.54,54.87,31.43,1.59,38.87,706.3,380.3,31.13,18.99,261.7,25.9,100.0,153.4,UK,Kaggle FoodDB,2019
2634,Celery (MR),seafood,166.9,49.18,43.03,76.75,18.73,22.59,341.3,253.1,173.39,,482.0,13.6,77.0,151.5,Germany,Kaggle FoodDB,2019
1481,Cottage Cheese (RN),Dairy,739.7,29.67,48.27,44.69,8.98,58.27,1251.8,1116.6,40.03,8.85,277.8,93.7,63.0,261.9,Brazil,OpenFoodFacts,2020
2706,Pasta,Proteins,730.3,1.65,70.16,116.68,7.65,29.13,922.7,635.2,118.49,10.97,62.0,42.9,23.0,89.2,Australia,OpenFoodFacts,2019.
2844,Blueberries,Grains,,23.29,11.97,40.97,16.38,,1280.7,761.3,116.96,12.47,,35.5,108.0,122.2,UK,Kaggle FoodDB,2023
2421,Egg (WI),Dairy,,9.89,78.23,,0.47,9.61,1310.5,537.8,179.38,7.89,493.0,38.3,98.0,262.4,Germany,Kaggle FoodDB,2021
2977,Black Beans,fruits,,46.09,,,16.14,54.33,489.1,843.1,155.62,9.31,372.8,85.2,84.0,140.5,UK,OpenFoodFacts,2022
2556,Milk (Whole) (PI),Legumes,,22.53,42.48,30.2,14.9,6.12,1975.5,495.4,140.58,14.99,412.8,27.3,6.0,157.2,UK,USDA,2023
377,Celery (BU),Vegtables,763.5,28.87,14.27,101.04,11.63,48.0,427.6,617.8,29.21,12.22,14.9,96.8,63.0,232.2,Nigeria,USDA,2020.
1129,Peas (XZ),Nuts & Seeds,348.0,7.65,35.84,109.02,4.24,37.12,583.4,818.9,19.49,15.24,31.3,77.0,8.0,142.4,Nigeria,OpenFoodFacts,2018
1169,Zucchini  ,Legumes,25.6,2.89,38.87,52.75,,26.18,1015.5,595.0,110.54,1.24,225.1,80.2,41.0,185.9,USA,OpenFoodFacts,2020
860,Blueberries (RP)  ,seafood,77.8,29.37,48.49,,13.77,51.08,1074.5,913.2,125.51,15.04,58.3,81.2,95.0,206.1,Germany,NutritionData.self.com,2018
4950,Greek Yogurt,Dairy,763.6,22.06,24.05,55.62,18.25,28.51,1236.8,655.7,118.11,,67.5,10.4,76.0,219.7,USA,NutritionData.self.com,2024
3964,Quinoa,Legumes,533.3,0.68,2.8,22.96,4.2,,1247.3,465.2,92.2,13.32,276.5,36.5,67.0,14.7,Canada,FAO,2024
2603,Carrot (CJ),Nuts & Seeds,678.8,29.05,37.66,14.9,5.56,14.24,265.2,712.5,197.25,14.69,,35.7,96.0,270.1,UK,NutritionData.self.com,2019
3640,Kale (VA),seafood,202.6,30.25,55.06,99.94,3.83,4.85,1626.4,877.2,69.44,15.82,218.3,49.2,69.0,299.7,Nigeria,Kaggle FoodDB,2022
3182,Pork Loin,Oils,274.5,7.73,3.67,12.91,8.32,53.97,536.6,31.8,176.08,16.44,60.7,41.2,35.0,127.5,Brazil,Kaggle FoodDB,2023
379,MUSHROOM,Dairy,736.7,40.52,65.12,99.59,6.17,41.66,858.9,1195.3,84.53,13.33,65.6,96.1,79.0,268.0,China,USDA,2019.
4603,Carrot (RB),Seafood,820.1,,7.12,65.52,10.36,21.34,213.2,937.2,38.85,,79.7,19.8,N/A,108.6,Germany,NutritionData.self.com,2021
3656,Peas (SC),Seafood,199.9,22.5,77.76,74.85,16.6,47.14,1418.9,862.2,37.2,6.21,312.2,59.5,35.0,168.8,Brazil,OpenFoodFacts,2018
3246,Blueberries,Grains,171.1,33.5,53.94,79.16,18.1,59.13,856.2,935.9,164.59,,112.5,6.8,97.0,32.7,UK,NutritionData.self.com,2021
1039,MUSHROOM,oils,77.5,6.43,73.93,70.14,15.26,19.77,1585.5,339.2,165.7,10.17,450.3,57.0,15.0,106.1,Brazil,USDA,2024
2956,Egg,Dairy,631.2,26.54,56.54,90.63,9.51,17.93,1608.7,704.0,134.93,15.14,142.3,2.2,37.0,68.0,UK,NutritionData.self.com,2020
1477,Cucumber (PZ),Oils,730.9,25.9,,,6.37,38.62,1372.8,413.5,176.82,0.69,226.0,86.0,109.0,292.4,Germany,OpenFoodFacts,2022
4246,Peanut Butter,Nuts & Seeds,842.6,45.75,7.81,119.53,10.56,53.38,147.3,309.9,8.97,11.28,367.3,98.7,36.0,13.0,Germany,OpenFoodFacts,2019
4490,Beef (Lean),Seafood,516.2,18.23,26.26,28.76,19.41,,963.5,726.5,23.14,14.52,194.2,63.4,64.0,144.5,Australia,USDA,2022
1406,Peas,legumes,437.7,44.44,47.22,107.51,,53.28,1096.9,1087.4,199.55,,443.7,43.3,91.0,213.9,China,Kaggle FoodDB,2021.
2111,Green Beans,Grains,,,8.88,,7.43,56.3,104.5,1033.4,68.82,0.56,386.0,17.4,45.0,245.7,UK,USDA,2018
4502,BLUEBERRIES,Vegtables,472.1,36.83,72.18,,17.85,8.73,627.3,757.2,69.47,12.56,446.6,57.8,109.0,225.4,Brazil,Kaggle FoodDB,2019
2660,Banana,Legumes,598.5,32.15,,109.71,9.14,34.88,160.4,268.2,27.77,4.33,106.2,0.7,80.0,184.7,USA,FAO,2019
3183,Chicken Breast,Vegtables,,3.54,8.93,4.56,3.24,54.18,315.0,875.3,113.81,17.97,300.9,12.5,53.0,69.1,India,Kaggle FoodDB,2021
795,Egg,Legumes,35.9,25.19,13.87,18.86,14.42,20.48,,73.5,184.13,12.28,95.0,71.4,37.0,294.3,Brazil,OpenFoodFacts,2024
3312,Zucchini (LI),dairy ,,13.61,36.77,103.09,14.34,35.7,157.6,155.4,26.54,3.71,233.1,32.2,8.0,246.3,USA,FAO,2019
842,Watermelon (XV),Grainss,603.9,7.3,37.71,112.07,17.55,32.09,198.1,95.0,,16.97,,14.7,42.0,95.8,China,USDA,2023
3633,Mushroom,legumes,423.3,1.84,11.49,89.02,9.22,22.97,1647.8,306.8,18.72,18.43,208.1,6.5,15.0,57.4,India,USDA,2022
1651,Watermelon (WL),Proteins,51.8,4.53,,3.66,1.65,40.32,1760.0,567.1,96.31,1.61,202.5,12.6,30.0,251.8,USA,NutritionData.self.com,2022
176,Shrimp,Vegetables,173.4,40.85,,85.72,2.62,52.95,668.4,708.2,170.07,18.0,122.5,79.2,31.0,170.7,Canada,NutritionData.self.com,2018
3207,Garlic (PC),Dairy,775.7,6.44,,68.63,4.43,15.94,1629.1,1187.0,,,347.7,70.8,58.0,261.8,UK,USDA,2020
2918,Garlic (VT),Oils,766.6,6.15,49.05,97.05,18.76,40.15,1422.8,885.3,16.78,19.18,109.4,85.3,78.0,201.0,UK,USDA,2020
928,White Rice,Grainss,496.6,33.7,33.62,103.38,0.77,25.41,919.6,757.2,56.41,0.34,350.1,34.2,50.0,55.5,Nigeria,Kaggle FoodDB,2023
3803,Zucchini,Fruits,740.5,24.09,77.27,51.27,6.12,46.92,398.1,714.5,115.8,7.34,197.8,29.6,89.0,116.2,Germany,NutritionData.self.com,2019
46,Turkey Breast  ,fruits,603.0,30.16,49.55,,,9.37,1271.2,312.4,189.85,12.02,,98.7,87.0,198.1,Canada,FAO,2021
2933,Garlic,Fruits,89.0,29.88,42.7,68.66,17.52,31.28,1432.7,1096.9,18.26,6.51,,37.6,85.0,122.0,Brazil,OpenFoodFacts,2020
3261,Carrot (LF)  ,Grains,199.8,4.37,59.74,49.01,19.56,19.6,388.9,277.4,186.96,0.01,,37.7,N/A,189.9,China,USDA,2024
1198,Mango,Vegetables,872.6,42.13,26.17,6.75,15.15,36.57,1702.0,1058.0,16.14,12.64,136.0,64.7,47.0,28.3,UK,NutritionData.self.com,2022
3013,OLIVE OIL (RQ),Nuts & Seeds,290.0,31.87,59.15,98.81,5.76,,905.1,735.2,116.83,9.24,149.1,31.7,44.0,286.5,USA,FAO,2023
897,LAMB,Seafood,278.0,45.75,,81.63,16.28,23.19,1582.0,178.8,196.83,1.72,455.2,77.1,50.0,186.0,Canada,FAO,2022
2851,Bell Pepper (EA),Grains,597.8,15.23,18.0,89.57,14.28,38.47,460.1,1006.4,39.14,,,1.5,30.0,22.5,Canada,Kaggle FoodDB,2020
3965,Tuna (Canned),Oils,29.9,,61.54,49.43,17.51,20.94,1915.2,681.3,195.52,4.96,112.9,15.2,79.0,217.4,China,OpenFoodFacts,2023
2863,Strawberry,Proteins,856.4,0.56,41.61,35.08,6.53,48.2,1010.8,769.8,147.8,12.98,338.3,14.7,39.0,71.0,China,USDA,2020
2285,Almonds (TS),Proteins,143.2,10.47,23.35,38.9,16.47,2.36,15.1,805.6,116.28,4.4,385.7,21.2,88.0,55.0,USA,NutritionData.self.com,2022
4945,Cottage Cheese,Grains,718.7,14.54,11.0,52.3,7.14,,1316.3,222.0,105.92,3.54,435.3,65.3,53.0,60.4,USA,OpenFoodFacts,2019
1875,Zucchini (ET),Proteins,664.9,,,62.52,9.37,2.93,8.7,36.3,10.9,15.23,39.1,64.5,76.0,203.2,China,USDA,2024
4996,Kale,Proteins,809.7,42.9,52.07,105.24,6.55,57.14,868.8,904.8,38.68,12.45,260.2,95.6,8.0,116.2,Brazil,Kaggle FoodDB,2019.
2743,Banana,Dairy,192.3,36.82,39.04,80.22,13.28,52.81,1827.7,511.2,88.26,2.78,361.9,31.7,4.0,61.9,India,NutritionData.self.com,2018
3695,Tomato (KN),Vegetables,323.7,25.99,50.52,55.72,13.9,32.46,621.5,284.3,117.76,19.23,,29.2,104.0,206.7,Germany,NutritionData.self.com,2024
284,Mango (NH),Dairy,102.7,,66.31,53.9,,16.76,887.0,1145.3,,18.53,464.0,57.5,65.0,128.0,China,Kaggle FoodDB,2018
3114,Green Beans,Proteins,100.4,33.2,34.92,62.38,17.15,56.86,1990.0,407.7,,17.0,170.3,41.6,11.0,191.2,Australia,Kaggle FoodDB,2020
4998,Chicken Breast,Vegtables,308.5,47.34,4.1,36.44,18.47,1.17,1059.3,323.5,70.68,14.98,411.3,30.2,5.0,11.5,Mexico,Kaggle FoodDB,2021
2909,Strawberry (IK),Vegetables,287.7,19.8,62.9,69.43,15.75,33.14,1400.4,1189.2,34.95,6.46,125.0,89.2,96.0,52.6,India,FAO,2019
2608,Cottage Cheese (TW)  ,Seafood,263.0,31.28,71.64,57.02,19.97,41.73,746.1,159.4,129.95,12.47,294.9,62.5,37.0,200.4,Germany,USDA,2023
1789,Onion (VY),Legumes,78.7,42.54,34.39,105.39,14.14,9.44,1977.5,638.3,173.85,5.88,150.9,84.4,35.0,223.9,Germany,Kaggle FoodDB,2018
4573,Zucchini (CG),Seafood,230.4,3.17,42.59,101.54,7.95,34.14,1588.9,1104.6,79.41,16.13,249.4,96.8,30.0,235.8,India,FAO,2019
3614,Strawberry,Dairy,722.0,5.39,10.68,48.47,2.21,53.84,,750.3,,11.65,,1.3,19.0,186.9,Nigeria,OpenFoodFacts,2022
4586,Watermelon,PROTEINS,869.8,40.23,28.4,88.24,14.12,52.48,233.5,1043.8,18.95,16.87,179.5,91.4,42.0,40.9,Mexico,OpenFoodFacts,2022.
2104,Green Beans,Oils,632.4,30.71,63.78,42.3,14.44,53.25,72.9,1108.3,108.95,16.99,263.6,69.4,69.0,192.8,India,FAO,2021
3358,WATERMELON (WB),Vegtables,356.9,26.59,79.79,,0.03,11.51,1206.4,352.5,9.63,3.13,292.4,48.0,106.0,230.1,Australia,Kaggle FoodDB,2022
1362,Quinoa,Proteins,205.4,23.34,34.31,31.26,6.62,30.2,1069.6,491.4,190.71,10.29,455.5,27.8,23.0,63.7,Canada,FAO,2018
2789,Brown Rice,Dairy,857.3,1.32,36.39,29.09,13.71,45.32,1287.7,458.5,82.93,6.72,30.9,2.1,103.0,46.1,Mexico,OpenFoodFacts,2021
1868,Quinoa (KJ),Proteins,165.0,9.06,1.67,35.65,2.32,,963.9,375.3,14.77,16.27,174.3,18.5,98.0,81.4,Germany,Kaggle FoodDB,2024
2868,Banana,Vegtables,687.7,17.36,14.3,35.82,11.51,25.24,1774.6,1088.5,40.34,,323.8,37.4,85.0,26.1,China,OpenFoodFacts,2018
1630,Mushroom,PROTEINS,416.3,35.01,,32.59,18.25,0.57,1290.0,840.6,78.21,0.04,172.9,91.9,101.0,143.6,India,USDA,2022
4699,Spinach,Grains,141.8,26.65,16.29,30.62,16.2,53.83,1609.2,943.0,149.46,14.01,84.8,39.6,79.0,27.2,USA,NutritionData.self.com,2024
2022,Cheddar Cheese,Legumes,512.9,40.86,46.15,35.72,,43.95,603.6,897.6,26.83,0.84,225.8,63.4,104.0,86.8,Australia,OpenFoodFacts,2019
2630,Black Beans,Grains,361.1,37.56,59.06,104.88,1.22,16.58,919.7,666.7,195.44,12.27,292.5,53.5,26.0,68.9,China,NutritionData.self.com,2024
100,PEANUT BUTTER,Grains,114.9,2.09,13.45,3.2,3.86,51.33,1315.6,192.6,97.54,16.22,493.5,85.9,76.0,127.8,India,OpenFoodFacts,2020
2474,Lentils,legumes,655.5,25.69,26.42,46.62,12.06,34.62,482.8,1185.2,47.23,2.15,,90.9,35.0,127.6,USA,Kaggle FoodDB,2020
1352,Corn,Fruits,529.2,25.96,0.35,90.66,13.63,,1909.9,325.2,151.56,,153.7,22.9,102.0,140.2,USA,Kaggle FoodDB,2018
3382,Carrot,Proteins,400.5,8.62,12.86,26.16,10.94,21.36,362.4,992.3,,18.63,391.6,77.5,47.0,221.4,Nigeria,NutritionData.self.com,2023
1145,Lamb  ,Oils,255.0,39.18,1.62,57.44,12.07,16.88,1475.5,496.3,61.37,4.03,253.4,62.8,35.0,252.7,Germany,USDA,2023
3470,Shrimp,Grains,169.4,0.86,,29.12,5.04,6.48,1180.7,727.0,26.55,11.99,85.5,47.5,7.0,116.7,Canada,USDA,2023
3677,Orange,Dairy,172.7,7.27,29.86,115.92,5.73,30.99,1800.9,921.6,199.99,2.65,159.6,43.5,74.0,27.0,Australia,Kaggle FoodDB,2023.
367,Avocado (GJ),Legumes,,30.61,65.48,103.4,18.72,59.11,395.4,177.4,104.21,14.59,92.3,22.0,13.0,38.3,Mexico,FAO,2022
2210,Garlic,Vegetables,821.5,39.75,18.61,99.9,10.46,43.72,180.6,127.0,62.81,16.12,245.0,51.5,107.0,175.2,India,USDA,2020
1254,MILK (WHOLE),fruits,130.2,,72.14,28.31,,,841.7,1094.7,138.18,17.25,185.3,80.3,40.0,126.6,Brazil,Kaggle FoodDB,2023
2705,Kale (JH),Grains,697.7,2.55,11.27,50.08,15.38,43.21,,881.6,130.12,19.41,,62.8,N/A,169.8,Canada,OpenFoodFacts,2019
950,APPLE,Legumes,545.7,41.29,79.97,92.64,5.78,27.36,71.9,221.0,121.44,9.38,66.7,57.0,69.0,150.2,Nigeria,NutritionData.self.com,2022
2768,Brown Rice (UY),Oils,232.9,18.96,74.82,92.19,0.22,19.27,1802.2,79.3,70.01,7.89,256.4,33.0,107.0,260.5,USA,NutritionData.self.com,2020
20,Carrot  ,Vegetables,276.3,42.91,20.82,82.61,4.83,48.66,582.5,805.8,163.19,,158.5,66.5,43.0,295.2,India,USDA,2021
1472,Pasta (XU),Fruits,669.8,,17.24,68.09,,38.51,1349.8,366.2,92.22,11.99,490.9,8.5,42.0,203.7,Nigeria,NutritionData.self.com,2020
669,Peanut Butter,Vegetables,184.2,2.91,56.37,74.27,,28.01,504.3,949.6,,12.38,246.1,0.3,21.0,46.6,India,USDA,2023.
219,Cucumber (YK),Oils,591.7,11.49,,28.85,15.7,19.29,524.5,923.6,99.55,9.92,89.1,74.9,58.0,153.0,Australia,Kaggle FoodDB,2020
4309,Greek Yogurt,Legumes,,8.32,16.36,107.51,14.94,51.23,157.5,197.8,99.24,4.01,488.6,33.0,94.0,247.0,Nigeria,Kaggle FoodDB,2020
1739,Cottage Cheese,Grains,343.6,11.98,57.12,99.97,4.6,22.82,194.4,1180.7,,,88.9,41.1,94.0,139.3,UK,FAO,2018
3506,Tomato,Nuts & Seeds,567.9,36.69,74.4,92.38,4.1,7.2,819.1,728.6,160.82,10.63,,63.4,99.0,169.7,China,Kaggle FoodDB,2019
3660,Bell Pepper,Vegetables,,44.03,5.64,115.33,,37.33,1889.0,352.4,67.07,19.8,316.0,86.4,12.0,165.3,Canada,OpenFoodFacts,2020
2944,TURKEY BREAST,Fruits,648.7,8.28,60.45,69.05,12.75,23.69,1645.9,265.5,193.07,4.97,73.0,77.8,7.0,158.8,Mexico,USDA,2019
2374,Tuna (Canned),Seafood,398.3,30.25,22.78,81.8,17.37,24.27,1256.3,1175.2,28.19,4.16,426.9,10.6,50.0,248.8,Germany,NutritionData.self.com,2021
3969,Almonds,Grains,537.7,28.61,60.98,64.36,,18.74,798.2,8.4,133.21,3.53,491.4,30.9,93.0,276.3,China,USDA,2024
4579,Lamb,Dairy,879.4,2.64,11.26,41.77,1.87,3.9,431.4,27.8,196.04,7.87,416.3,15.7,7.0,123.3,Germany,OpenFoodFacts,2024
1019,Watermelon,Nuts & Seeds,825.6,27.36,31.83,119.2,2.48,30.73,408.5,1053.8,106.54,19.36,62.2,47.6,48.0,48.3,Canada,Kaggle FoodDB,2019
3733,Celery,Nuts & Seeds,413.1,12.68,76.52,73.94,7.58,8.63,1163.0,1169.4,30.28,2.22,405.3,14.3,8.0,69.1,USA,Kaggle FoodDB,2022
1676,Chicken Breast,Nuts & Seeds,288.1,42.95,17.58,50.79,17.82,2.14,1930.1,327.9,14.85,4.82,452.7,35.4,13.0,254.4,Mexico,Kaggle FoodDB,2019
518,Oats,Grains,733.3,38.41,43.54,44.92,18.22,35.38,,1102.5,98.29,10.79,295.0,29.8,2.0,15.7,Germany,FAO,2018
4620,Onion,Fruits,775.7,9.6,39.42,95.81,8.55,32.42,1907.4,283.6,138.31,2.43,317.6,39.4,27.0,139.6,China,NutritionData.self.com,2020
4384,Spinach,oils,518.1,18.86,11.93,65.48,,56.54,,1168.8,98.59,0.96,227.4,97.9,31.0,87.9,China,USDA,2021
3871,Pasta,Seafood,9999.0,45.86,62.6,2.77,7.43,52.57,430.7,1082.5,108.79,12.09,40.6,72.0,22.0,287.1,Canada,OpenFoodFacts,2021
1565,Oats,Nuts & Seeds,,7.83,64.67,108.35,2.77,27.37,,116.9,183.21,18.29,148.5,19.9,74.0,157.5,Germany,USDA,2018
1966,Cheddar Cheese,Vegetables,537.2,6.41,36.24,82.25,19.33,12.85,,1062.3,178.5,15.22,414.7,2.7,100.0,219.5,Mexico,OpenFoodFacts,2023
1920,Zucchini (FO),Legumes,383.1,20.66,67.38,98.71,8.84,,1914.9,1163.0,29.06,5.07,445.3,65.2,55.0,112.8,India,FAO,2021.
4787,Corn (CC),Vegetables,790.8,4.55,59.19,51.19,8.92,37.24,239.7,926.8,120.54,14.78,414.3,82.0,109.0,201.9,Australia,USDA,2018
4565,Tuna (Canned) (YT),nuts & seeds,223.4,19.02,36.1,39.38,17.23,54.09,951.5,288.2,7.95,6.53,309.2,63.0,10.0,150.2,Germany,Kaggle FoodDB,2022.
3393,Celery,Oils,801.5,47.97,,26.87,14.54,52.84,1446.3,16.7,173.61,10.97,432.5,65.8,82.0,204.7,Germany,FAO,2019
1053,Orange,Vegetables,846.4,,52.37,74.97,11.16,34.36,1891.5,868.0,198.81,4.52,462.8,90.4,79.0,116.1,China,FAO,2019
2585,Pork Loin (SK),Legumes,9999.0,26.77,17.32,38.52,11.26,18.95,665.4,93.4,153.48,,440.5,57.4,29.0,205.1,Brazil,Kaggle FoodDB,2018
760,Pork Loin,Legumes,714.0,15.59,56.79,1.93,11.74,11.43,168.7,460.1,,15.92,151.9,20.1,53.0,36.1,Germany,OpenFoodFacts,2022
3257,Bell Pepper,Nuts & Seeds,629.0,,7.59,17.37,5.04,30.66,1977.1,1019.4,42.4,15.88,227.9,75.7,70.0,101.9,Australia,OpenFoodFacts,2018
1075,TUNA (CANNED),Grains,889.2,15.42,24.02,,,,1093.4,502.1,115.88,15.48,161.8,31.4,17.0,140.5,Nigeria,Kaggle FoodDB,2022
215,MUSHROOM,Seafood,646.7,19.75,72.51,63.18,16.66,4.34,1038.3,332.4,108.97,,411.1,71.6,28.0,107.9,China,USDA,2022.
4642,Peas,Seafood,295.4,25.1,61.47,107.1,3.22,54.53,1721.6,32.4,44.53,5.21,45.2,56.0,61.0,192.3,Brazil,OpenFoodFacts,2021.
4324,Turkey Breast,Fruits,443.5,21.49,46.59,3.16,8.22,59.43,1425.4,756.9,9.53,17.62,217.0,49.7,11.0,162.1,Germany,Kaggle FoodDB,2023
3995,Quinoa,Seafood,453.4,,,101.98,3.09,42.11,,1136.3,183.98,13.72,2.5,50.5,66.0,125.6,Australia,Kaggle FoodDB,2019
3270,White Rice,Oils,626.0,34.83,68.98,77.13,17.46,,,497.3,,17.76,21.5,51.4,62.0,220.6,Canada,Kaggle FoodDB,2024
197,Turkey Breast,Legumes,658.8,36.95,57.39,98.17,10.67,1.45,1043.1,740.5,29.05,7.78,16.9,46.7,70.0,13.3,Canada,USDA,2022
1236,Garlic (KI),Legumes,344.3,42.17,40.82,66.61,4.05,51.37,89.5,908.5,152.14,16.38,375.8,25.6,91.0,65.3,Canada,NutritionData.self.com,2022
1721,EGG,fruits,145.2,38.64,9.69,37.7,10.9,55.06,596.3,832.1,81.56,6.89,,71.2,10.0,285.9,Canada,FAO,2020
2728,Almonds,nuts & seeds,,21.29,66.28,17.31,1.71,2.35,1212.5,206.5,4.13,13.43,388.8,34.5,65.0,138.7,Germany,OpenFoodFacts,2021
1057,Black Beans,Proteins,695.1,23.65,47.95,42.48,,4.23,604.6,873.2,171.3,19.65,421.8,48.4,4.0,128.9,USA,USDA,2022
1437,Blueberries (KM),Legumes,,27.68,39.67,83.47,10.89,48.9,18.7,705.3,46.5,5.59,489.8,64.0,7.0,24.5,Canada,NutritionData.self.com,2018
888,Bell Pepper  ,dairy ,229.6,45.85,22.76,41.91,,,1733.4,901.6,156.38,8.57,283.0,45.0,27.0,57.9,Canada,FAO,2023
4081,Zucchini,seafood,629.3,16.96,14.97,60.77,16.93,22.45,1888.4,193.3,171.99,9.9,46.8,52.4,68.0,91.5,Nigeria,USDA,2022
2644,Peanut Butter,Oils,586.9,13.21,79.35,12.58,0.53,17.7,1350.3,945.7,20.17,19.15,23.9,13.1,99.0,142.3,China,FAO,2024
569,Black Beans,Seafood,815.7,41.84,74.28,18.5,7.24,22.07,1183.0,778.6,118.98,17.14,,86.3,78.0,215.7,Australia,NutritionData.self.com,2022
1821,Greek Yogurt,Grainss,201.0,24.16,73.77,24.77,0.05,16.82,641.4,51.0,90.48,19.16,214.7,40.0,7.0,88.9,Brazil,FAO,2023
4480,ZUCCHINI (XQ),Fruits,526.5,5.39,17.03,104.0,7.98,43.21,1347.9,1142.0,137.2,4.36,161.3,96.6,101.0,155.8,UK,NutritionData.self.com,2023
140,Pork Loin (KQ),Oils,875.2,46.64,44.27,98.32,6.43,52.65,992.3,881.8,163.57,12.12,464.2,89.7,N/A,116.6,Nigeria,USDA,2020.
4498,Cheddar Cheese,Proteins,137.2,21.44,35.62,109.75,19.38,20.36,1578.0,903.5,125.87,11.49,111.0,8.4,N/A,262.8,China,FAO,2020
4109,STRAWBERRY,Vegtables,803.5,11.21,65.36,117.79,,25.53,373.5,534.0,182.92,16.59,,9.9,81.0,188.7,Canada,NutritionData.self.com,2021
4110,Bell Pepper (EB),nuts & seeds,527.7,35.9,8.84,74.98,12.73,4.41,1636.8,1109.2,,18.14,343.6,61.5,102.0,191.7,Nigeria,Kaggle FoodDB,2023
464,EGG,Nuts & Seeds,533.4,,72.92,35.26,1.27,25.37,1004.4,916.3,,1.15,,38.5,41.0,256.9,India,USDA,2018
2482,Tofu,Vegetables,791.8,7.0,68.25,107.07,7.88,2.46,,901.1,139.65,12.94,67.9,74.2,90.0,129.2,Brazil,FAO,2019
595,Bell Pepper,Vegtables,809.2,18.07,68.78,13.72,1.71,53.01,1621.5,356.9,161.97,5.7,334.7,47.3,80.0,68.1,China,NutritionData.self.com,2024
2310,Peanut Butter,Nuts & Seeds,323.8,1.66,57.57,33.89,12.96,49.19,,847.7,196.61,11.02,173.8,14.3,60.0,244.7,Canada,OpenFoodFacts,2022
451,Celery,nuts & seeds,703.9,14.56,58.31,67.94,17.19,,,249.9,74.17,0.37,305.0,63.7,78.0,194.9,Nigeria,OpenFoodFacts,2023
1671,Olive Oil,Proteins,354.9,-1.0,26.94,70.49,9.54,0.44,284.3,199.8,99.81,4.23,331.3,67.1,20.0,93.9,Nigeria,FAO,2022.
1457,GREEN BEANS (RM),Legumes,626.8,30.81,33.9,80.98,2.67,5.26,355.1,257.2,72.02,5.13,,12.7,58.0,207.9,Canada,USDA,2024
1753,Carrot,Vegetables,30.7,15.28,58.94,23.19,15.02,20.95,781.1,373.5,90.94,5.74,,55.3,N/A,66.8,Brazil,OpenFoodFacts,2024
4808,Avocado,Nuts & Seeds,860.8,31.3,66.24,2.17,5.18,6.28,,115.4,42.83,17.36,238.7,15.7,40.0,135.7,Canada,FAO,2023
782,BROCCOLI,Proteins,497.6,20.32,40.19,81.92,1.15,15.26,1521.0,638.8,138.21,15.2,121.6,21.4,28.0,22.4,USA,OpenFoodFacts,2020
2128,Peas,Proteins,166.0,13.98,79.13,38.95,19.25,36.23,205.8,868.6,140.88,17.23,456.7,75.0,92.0,84.1,Nigeria,Kaggle FoodDB,2022
1579,Bell Pepper (NR),nuts & seeds,554.2,18.59,54.39,5.78,11.46,45.79,1060.2,486.9,3.48,3.98,421.7,81.1,60.0,24.5,Australia,USDA,2023
452,Orange,Oils,511.4,12.01,76.2,,19.38,40.95,1632.8,863.0,181.42,15.84,318.1,19.0,7.0,206.6,USA,FAO,2020
4003,Green Beans (HD),Nuts & Seeds,688.9,36.27,52.16,7.8,1.11,20.37,1519.4,1115.9,152.58,7.28,456.7,25.0,87.0,11.9,Brazil,Kaggle FoodDB,2020
3443,Strawberry,Legumes,206.2,32.74,73.03,117.17,19.49,40.21,223.3,324.6,127.17,19.47,432.0,23.9,107.0,24.9,India,FAO,2021.
2146,Turkey Breast,Grains,743.0,36.03,51.88,80.39,6.98,38.08,482.6,1131.5,86.4,12.56,2.2,31.2,96.0,285.5,UK,FAO,2019
4827,Corn (RM),Grains,628.3,23.84,40.61,31.35,8.62,31.61,1800.9,344.5,157.43,1.32,19.9,81.5,71.0,208.5,USA,OpenFoodFacts,2021
1000,Egg,Vegetables,412.5,7.55,45.13,108.6,8.58,45.45,1865.0,728.0,10.49,13.82,147.4,60.7,43.0,175.8,Australia,USDA,2020
3782,Peas,Oils,307.6,42.91,1.09,23.1,4.77,,148.8,1107.7,191.45,16.99,481.3,94.9,26.0,147.0,USA,Kaggle FoodDB,2024
2120,Quinoa,Dairy,796.5,28.64,,33.08,16.25,49.85,697.0,388.1,,1.39,35.5,41.2,81.0,126.8,Nigeria,OpenFoodFacts,2020
193,Quinoa,Vegetables,812.4,38.29,1.49,34.07,12.84,13.63,1263.6,254.8,152.25,4.58,147.6,29.5,35.0,101.5,India,NutritionData.self.com,2018
3990,Mushroom (PQ),Oils,,29.43,8.22,11.67,6.18,14.08,1597.2,368.0,59.03,1.02,33.1,16.0,29.0,167.5,Australia,USDA,2023
4312,Broccoli (OG)  ,PROTEINS,848.0,17.56,31.61,65.44,9.79,38.92,1195.8,488.6,104.25,13.88,62.2,81.4,10.0,66.5,Brazil,OpenFoodFacts,2019.
4278,Onion,Grainss,,27.11,,67.2,3.27,40.45,412.9,344.2,98.53,1.1,226.9,30.0,15.0,260.1,Mexico,FAO,2020
4363,White Rice,Proteins,692.0,21.02,52.77,87.65,16.63,,,403.5,83.76,8.05,420.8,30.6,32.0,17.2,India,USDA,2022
4563,BANANA,Fruits,794.2,34.57,37.46,,6.18,47.15,1531.8,671.4,,17.76,231.4,90.1,36.0,188.0,USA,Kaggle FoodDB,2020
4304,Greek Yogurt,Legumes,536.2,25.31,14.51,31.13,0.02,,1759.6,892.1,87.83,16.13,131.1,10.9,51.0,83.4,Canada,Kaggle FoodDB,2021
2722,Brown Rice,Oils,709.2,46.55,6.77,36.85,,37.21,987.3,510.2,172.63,18.14,359.3,87.3,13.0,228.8,Germany,NutritionData.self.com,2019
4127,Pasta (ZY),Dairy,618.1,20.85,55.24,,8.6,16.45,1949.9,135.1,187.95,3.01,323.3,59.9,42.0,91.3,China,Kaggle FoodDB,2021
1870,CHEDDAR CHEESE,Seafood,658.9,47.9,50.37,80.03,3.65,49.26,1604.6,637.8,84.96,3.23,386.1,66.2,67.0,158.3,China,NutritionData.self.com,2019
3698,PEANUT BUTTER (PU),Grains,607.7,29.51,23.34,39.7,14.75,59.58,99999.0,787.3,73.86,,223.9,45.9,109.0,153.8,India,Kaggle FoodDB,2024
4389,TUNA (CANNED),Oils,106.2,23.16,29.28,,19.65,32.29,589.5,872.0,,,297.3,88.4,109.0,133.9,Nigeria,Kaggle FoodDB,2018
1506,Tuna (Canned),Proteins,371.0,40.4,67.24,44.28,5.25,5.01,1589.7,206.7,98.71,0.34,47.5,68.9,70.0,103.6,Australia,USDA,2021
2835,Oats,Vegetables,370.1,8.0,24.05,51.44,1.87,52.32,297.4,1096.4,144.64,18.35,309.8,84.4,32.0,114.4,Brazil,NutritionData.self.com,2019
3167,Garlic,Proteins,835.9,2.71,31.65,118.03,12.47,37.0,248.0,267.4,106.15,0.72,172.7,73.5,68.0,52.6,Australia,NutritionData.self.com,2018
3115,Pasta (CI),Legumes,195.4,20.47,46.54,,19.03,33.9,610.2,1089.1,164.83,,266.6,42.4,6.0,252.8,China,USDA,2018
1787,Orange,Oils,,46.94,69.61,43.54,11.81,18.91,1256.4,504.7,92.86,16.89,113.7,19.9,89.0,126.3,Nigeria,USDA,2022.
3211,Strawberry,Dairy,161.1,8.78,,33.92,2.92,19.19,,1023.0,193.67,14.87,299.6,65.5,25.0,197.4,China,OpenFoodFacts,2023
1364,Cheddar Cheese (BE),Nuts & Seeds,575.8,23.54,29.74,44.96,5.81,23.53,1552.2,307.9,59.08,18.87,142.8,96.4,53.0,249.8,Germany,NutritionData.self.com,2024
451,Celery,Nuts & Seeds,703.9,14.56,58.31,67.94,17.19,,,249.9,74.17,0.37,305.0,63.7,78.0,194.9,Nigeria,OpenFoodFacts,2023
192,Peas (XU),Grains,809.5,35.07,24.1,8.81,12.16,58.58,,317.0,35.54,10.78,456.0,8.1,65.0,192.5,China,USDA,2022
3263,Avocado,Vegetables,9999.0,37.94,53.46,9.63,9.24,53.38,398.9,1059.8,198.37,14.24,189.3,90.1,49.0,11.7,Germany,USDA,2018
1879,Salmon,Seafood,281.8,38.46,50.79,27.28,19.25,39.0,1403.5,957.9,14.46,2.16,212.1,57.0,83.0,95.5,Canada,Kaggle FoodDB,2021
3814,Peas,Proteins,560.3,17.38,13.95,8.52,15.09,49.51,1754.1,607.0,172.12,,17.9,3.2,93.0,250.9,India,OpenFoodFacts,2019
2523,Oats,Seafood,283.5,28.06,51.85,49.2,5.47,12.93,1558.9,350.5,84.73,19.08,309.4,81.0,59.0,103.0,Nigeria,FAO,2018
2884,Green Beans (IP)  ,Proteins,,44.4,39.08,78.58,17.36,47.17,427.7,285.6,66.27,16.34,,5.8,63.0,238.1,Canada,USDA,2020.
4501,PEAS,Oils,547.4,25.88,59.88,19.87,,48.37,,22.1,199.68,10.26,129.4,41.1,43.0,248.8,India,OpenFoodFacts,2022
2396,Green Beans,Seafood,324.4,3.17,28.81,117.82,8.23,23.23,189.5,608.4,161.07,7.6,47.2,47.7,10.0,101.2,Australia,Kaggle FoodDB,2020
4761,Salmon,Proteins,445.2,46.27,45.65,85.77,4.66,56.43,517.7,9.2,89.98,19.65,249.0,79.2,14.0,224.8,India,Kaggle FoodDB,2023
4418,Cottage Cheese,fruits,41.1,13.29,,108.49,11.28,48.89,645.4,5.2,121.8,12.28,97.7,85.0,108.0,293.4,Germany,FAO,2022
3886,Pork Loin (DJ),Oils,842.2,34.52,73.52,85.99,17.68,0.83,1290.8,641.3,190.66,6.7,416.6,12.1,11.0,186.0,Nigeria,USDA,2021
1210,Brown Rice,Vegetables,897.5,2.66,30.7,40.57,0.56,,,85.4,67.47,2.15,293.0,41.1,18.0,23.1,Australia,FAO,2022.
3625,Peas  ,Legumes,239.7,1.12,36.31,,,48.12,,36.4,,9.27,,8.2,35.0,222.4,Brazil,OpenFoodFacts,2024
313,Cottage Cheese,Nuts & Seeds,42.3,46.35,,19.47,,,139.2,402.0,108.3,1.77,,60.3,47.0,227.7,Mexico,OpenFoodFacts,2018
4617,Quinoa,Oils,731.8,34.43,20.16,72.7,3.55,16.18,936.5,294.0,182.64,12.69,,37.8,27.0,290.8,Brazil,USDA,2021
167,Mushroom,Proteins,302.3,10.53,33.48,5.68,9.09,43.73,1721.0,278.8,129.63,14.74,328.0,64.4,89.0,274.3,USA,USDA,2021
1778,Egg,Vegetables,405.1,22.73,43.65,108.99,,52.24,374.1,996.7,17.28,0.45,403.2,11.6,5.0,239.6,UK,USDA,2018
1398,Pork Loin,Grains,238.9,16.54,55.04,,,30.79,192.9,286.6,48.4,15.12,157.2,77.4,14.0,297.2,USA,FAO,2021.
1025,White Rice (UI),Grainss,851.0,4.63,36.83,,16.92,9.41,1736.0,1041.8,,0.05,391.0,16.6,14.0,40.1,Mexico,Kaggle FoodDB,2021
1594,Apple (UZ),Oils,111.6,42.73,23.55,52.41,11.08,43.73,1929.5,300.6,157.59,3.88,98.8,37.3,19.0,113.8,UK,Kaggle FoodDB,2019
2219,Green Beans (HE),Grains,788.0,46.89,8.13,,14.53,30.95,1853.6,151.9,108.45,10.11,441.4,2.7,13.0,116.6,Brazil,NutritionData.self.com,2022
2460,Cucumber  ,Fruits,373.6,12.93,23.11,46.58,19.41,51.88,148.8,1097.5,145.43,17.65,,62.1,6.0,281.5,UK,FAO,2024
4463,Egg (JZ),seafood,896.9,36.81,19.47,85.96,,28.1,,53.5,94.46,19.85,396.9,68.5,46.0,63.5,USA,FAO,2023.
3166,Garlic,Fruits,452.2,18.22,4.1,52.76,18.74,,478.3,935.3,142.39,19.83,301.2,0.8,70.0,207.3,Nigeria,FAO,2023
2764,Corn,Proteins,414.0,35.69,49.06,71.44,16.84,,1391.4,195.3,128.03,8.65,428.1,20.8,25.0,107.3,Canada,Kaggle FoodDB,2022
4362,Bell Pepper,Grains,551.8,41.53,63.21,102.26,14.59,34.25,673.7,1192.4,91.27,,179.0,79.7,89.0,108.9,Nigeria,FAO,2018
1182,Pork Loin,legumes,320.8,10.58,72.44,109.15,,36.0,1189.9,544.0,54.96,7.94,473.8,75.6,101.0,23.8,Canada,NutritionData.self.com,2019
1393,Quinoa (OD),Dairy,,37.53,52.2,74.02,16.63,25.39,,1176.0,1.99,18.71,333.5,45.7,69.0,241.5,Canada,USDA,2023
2367,Spinach (BX),Vegetables,,24.71,66.45,87.25,12.11,31.66,987.8,1127.0,135.0,4.5,109.8,23.0,3.0,235.1,Mexico,FAO,2022
3155,Broccoli,Proteins,409.4,39.77,19.32,38.27,,29.14,,7.8,137.32,1.58,211.1,84.6,14.0,292.3,China,FAO,2024
153,Beef (Lean),Grains,147.5,45.45,22.42,114.53,4.67,50.64,1677.9,859.0,44.59,18.21,256.2,35.4,72.0,217.8,Australia,FAO,2024
1840,Black Beans (PY),Nuts & Seeds,217.7,48.4,13.81,102.64,9.77,46.85,629.4,828.5,153.61,10.37,478.2,57.1,2.0,87.5,Australia,USDA,2020
2699,Cottage Cheese (VJ),fruits,701.1,17.26,74.87,77.01,7.93,,723.4,165.1,34.37,16.39,187.3,61.6,30.0,41.5,Germany,OpenFoodFacts,2021
4834,Cottage Cheese,oils,157.1,49.78,,116.57,15.45,23.9,1135.6,289.3,101.28,16.07,128.1,36.3,29.0,227.1,India,NutritionData.self.com,2019
2788,Corn,Dairy,193.3,46.22,78.72,75.78,19.09,33.62,600.2,306.5,151.9,16.72,,43.0,66.0,101.6,UK,Kaggle FoodDB,2021.
4004,Pork Loin (XG)  ,Nuts & Seeds,155.4,21.86,38.96,9.54,18.37,11.27,1634.1,113.7,173.48,16.44,177.4,37.7,N/A,62.0,Germany,USDA,2021
1296,Blueberries (HL),Nuts & Seeds,196.1,44.07,0.9,39.08,5.51,36.04,,1134.4,157.19,11.68,415.8,96.0,40.0,187.6,UK,NutritionData.self.com,2021
2943,Shrimp (JR),Nuts & Seeds,281.0,45.07,1.47,74.16,6.03,42.34,1562.9,1037.6,,12.01,207.4,91.5,51.0,140.7,China,NutritionData.self.com,2018
3049,Milk (Whole),Seafood,369.9,43.52,78.51,3.69,8.01,10.02,1491.2,1127.8,79.8,13.03,388.8,31.3,9.0,92.8,Nigeria,USDA,2018
2276,Strawberry (BN),PROTEINS,548.6,43.76,31.26,49.04,11.44,3.72,114.4,417.6,26.61,18.29,262.3,11.6,63.0,115.0,India,Kaggle FoodDB,2021
4970,Salmon,Grains,395.9,6.88,48.23,83.49,6.08,12.99,1725.2,558.4,68.83,11.31,343.9,75.5,3.0,25.4,UK,FAO,2020
2816,Carrot,Nuts & Seeds,699.0,25.85,8.09,14.77,13.07,43.83,570.8,247.4,82.36,2.63,476.7,43.6,N/A,39.7,UK,OpenFoodFacts,2022.
3299,Shrimp,Oils,350.4,1.51,27.97,17.73,5.06,8.7,1987.6,1029.6,6.12,6.41,394.1,61.8,1.0,134.9,Mexico,FAO,2020
32,Green Beans (FA),Grains,170.1,26.67,78.79,113.7,,41.9,180.9,91.2,168.59,18.99,137.1,79.1,41.0,93.7,Brazil,FAO,2021
938,Oats (JD),fruits,824.6,10.68,15.85,20.72,3.1,37.25,,331.7,34.52,14.79,435.4,3.0,38.0,218.0,Australia,NutritionData.self.com,2020
1935,Pasta (KE),Legumes,615.3,47.39,31.04,20.01,15.34,5.11,1953.2,1080.2,13.43,,444.7,77.2,27.0,288.5,Australia,USDA,2019
753,Black Beans,Nuts & Seeds,572.4,5.44,44.62,37.57,5.84,,933.4,752.6,79.88,0.23,55.7,47.2,91.0,214.6,Australia,NutritionData.self.com,2020
1908,White Rice,Nuts & Seeds,343.8,40.12,38.23,7.47,4.86,23.58,922.5,727.9,100.92,17.22,434.1,0.3,32.0,277.5,China,OpenFoodFacts,2020
310,Egg,Seafood,258.3,44.71,24.76,8.12,,43.46,495.5,706.1,195.86,2.66,360.4,95.2,35.0,256.0,India,USDA,2023.
309,Salmon,Legumes,719.8,44.38,72.66,102.04,10.75,27.47,767.6,82.5,189.76,10.93,153.8,55.8,N/A,149.9,Canada,NutritionData.self.com,2021
1615,Bread (Whole Wheat) (XR),Legumes,313.0,5.18,2.0,68.71,15.86,4.73,448.3,790.3,69.22,12.12,368.2,70.5,83.0,101.7,Australia,USDA,2022
3323,Beef (Lean) (DI),Fruits,694.5,,45.71,93.57,2.91,22.81,80.6,995.9,147.93,4.91,311.5,12.0,34.0,104.5,Nigeria,Kaggle FoodDB,2019
2537,SALMON,Dairy,671.6,39.47,52.94,16.6,6.66,56.17,1066.1,724.2,40.76,15.31,199.1,92.8,66.0,270.9,UK,USDA,2021
496,Pork Loin,Grainss,330.9,16.76,,97.17,19.22,31.76,682.0,1118.6,189.29,17.63,132.4,0.9,13.0,201.7,UK,USDA,2018
206,Garlic,Proteins,28.1,18.92,16.41,48.15,5.68,0.66,78.8,144.2,,17.06,64.0,85.0,32.0,225.1,UK,USDA,2022
1136,SHRIMP,Oils,87.0,5.21,12.98,57.23,3.52,30.07,1552.8,658.4,1.99,8.05,118.3,9.2,52.0,281.2,Brazil,USDA,2020.
2848,Beef (Lean),Proteins,240.9,24.75,70.73,42.47,3.9,9.05,1414.0,342.1,107.0,18.37,462.7,58.1,44.0,67.5,Australia,OpenFoodFacts,2020
4825,GREEN BEANS,Nuts & Seeds,499.2,24.75,31.48,56.09,13.22,1.08,294.2,26.4,37.43,13.96,,35.1,61.0,197.7,Mexico,USDA,2021
4082,Celery,Proteins,225.3,,64.05,,2.64,32.56,825.0,304.7,89.25,9.28,481.3,1.1,103.0,153.9,Brazil,USDA,2021
306,Corn,Oils,878.7,26.82,57.94,9.13,14.35,9.54,745.3,826.0,180.17,7.16,,34.4,59.0,25.0,Mexico,OpenFoodFacts,2019
1193,Peanut Butter,Fruits,324.4,39.16,16.54,111.83,9.46,53.72,1205.5,677.4,94.01,14.75,460.6,30.1,2.0,130.6,Germany,OpenFoodFacts,2023.
4044,Peanut Butter,Dairy,565.1,12.92,5.89,61.25,10.64,58.46,971.1,834.3,72.12,14.2,117.8,93.1,9.0,96.5,Brazil,OpenFoodFacts,2020.
3455,Corn,PROTEINS,848.7,47.25,33.65,104.54,,27.46,338.6,973.9,149.8,4.79,46.2,92.2,94.0,170.8,UK,NutritionData.self.com,2023
1062,Tomato,Nuts & Seeds,886.0,16.73,7.12,15.33,9.41,39.19,1923.2,771.1,180.06,12.02,,10.6,72.0,91.9,Germany,OpenFoodFacts,2024
844,ORANGE,Nuts & Seeds,865.7,0.93,23.33,43.88,,4.73,220.9,31.7,38.97,5.58,208.1,27.6,N/A,248.9,Brazil,Kaggle FoodDB,2020
2075,Quinoa,Legumes,794.0,25.23,,68.43,17.42,,574.7,583.8,,10.84,371.7,7.5,23.0,36.6,India,OpenFoodFacts,2024
2656,Bell Pepper,Legumes,386.5,37.69,18.69,85.13,1.59,3.59,1979.4,1156.5,128.15,15.09,424.8,85.3,77.0,67.6,Nigeria,NutritionData.self.com,2020
212,Strawberry,Seafood,628.9,11.02,26.5,64.26,0.95,0.44,575.9,1046.5,125.52,10.47,44.0,36.2,99.0,67.6,Nigeria,OpenFoodFacts,2019
1109,Lamb,Dairy,632.5,-1.0,23.38,5.57,3.24,36.3,1130.3,204.5,36.24,4.52,223.8,97.8,87.0,292.0,Australia,FAO,2019
3961,Chicken Breast  ,Oils,525.1,13.3,21.87,76.4,12.4,43.23,364.1,563.1,32.68,,178.9,96.5,39.0,59.2,Germany,USDA,2022
680,Sweet Potato (RL),Grains,781.6,8.88,22.82,38.48,0.79,58.67,736.5,208.8,17.35,5.03,405.9,50.4,2.0,127.4,China,Kaggle FoodDB,2019
566,Tomato,Oils,539.1,1.33,56.41,27.99,11.5,30.15,865.1,1125.6,116.66,3.01,445.7,37.4,80.0,279.2,Germany,Kaggle FoodDB,2022
1449,Cottage Cheese,Proteins,851.3,3.27,1.42,108.8,17.4,7.15,937.4,307.0,116.78,15.33,412.5,76.4,51.0,87.2,Brazil,NutritionData.self.com,2021
3815,Quinoa,Grains,242.5,32.77,47.12,59.09,3.78,50.46,1657.7,308.2,158.98,1.94,480.0,7.5,69.0,88.8,China,NutritionData.self.com,2020
681,Spinach,Oils,739.0,11.85,38.07,98.4,5.45,26.8,1569.9,969.9,198.83,7.62,187.4,83.9,33.0,180.7,Australia,NutritionData.self.com,2024
181,Olive Oil,Oils,320.1,19.46,54.35,14.12,18.63,50.62,191.7,758.5,60.77,8.44,311.3,81.0,97.0,156.7,Australia,USDA,2023
2834,Peas,Proteins,274.2,43.84,33.4,56.6,13.16,54.41,1679.4,391.8,28.72,5.28,201.9,42.1,51.0,164.0,UK,NutritionData.self.com,2023
3383,SALMON,Vegetables,47.4,33.18,58.66,115.38,18.43,26.71,,387.5,54.17,4.64,217.2,69.1,63.0,233.7,China,OpenFoodFacts,2020
3365,Sweet Potato,Grains,846.4,25.9,25.46,38.74,,0.36,1351.3,326.8,,19.8,499.9,84.2,86.0,202.0,UK,FAO,2020
4408,Corn (SN),Seafood,145.4,,49.01,35.02,19.53,59.83,1542.8,156.3,149.25,3.35,444.5,12.7,50.0,20.0,China,Kaggle FoodDB,2022
279,Cheddar Cheese,PROTEINS,637.7,47.0,28.84,42.74,16.87,15.44,512.8,1097.1,180.45,10.54,215.3,38.5,20.0,88.8,India,USDA,2023
4441,Chicken Breast (JD),Proteins,789.4,8.64,25.8,61.67,5.15,22.99,60.2,957.0,95.02,11.28,74.7,84.6,90.0,285.0,Mexico,NutritionData.self.com,2021
1205,Sweet Potato  ,PROTEINS,450.0,4.61,72.13,119.42,4.26,38.03,1148.9,273.5,177.99,8.84,266.7,87.2,N/A,289.7,Nigeria,FAO,2020
1425,Watermelon,Seafood,888.2,21.86,66.51,62.57,,48.9,997.1,1156.6,24.26,7.61,,91.5,86.0,213.3,Australia,FAO,2023
433,Cucumber (YC),Dairy,564.0,,51.34,71.46,9.37,28.59,396.5,1078.4,119.55,8.77,483.5,76.3,101.0,166.4,China,FAO,2023
290,Peas,Grains,539.9,36.05,11.5,119.75,16.69,24.48,1655.3,734.5,189.12,17.26,92.9,15.9,31.0,100.9,UK,USDA,2020
1028,BEEF (LEAN),Nuts & Seeds,763.2,6.53,37.53,89.49,11.77,27.25,1681.8,700.2,99.62,12.65,184.1,71.9,35.0,61.2,UK,Kaggle FoodDB,2019
536,Almonds,Oils,0.0,5.31,34.23,108.28,13.28,40.98,41.0,414.7,29.28,2.61,400.4,62.4,46.0,223.7,Germany,OpenFoodFacts,2023
3657,Garlic,Fruits,319.6,26.9,28.92,100.7,4.63,13.18,617.5,589.9,70.87,11.87,219.1,2.5,38.0,191.3,Canada,OpenFoodFacts,2024
1188,Celery,oils,,14.93,,109.14,0.23,14.54,1952.3,983.8,91.36,11.32,284.5,89.4,86.0,165.6,USA,NutritionData.self.com,2020.
189,Cucumber  ,Dairy,486.1,46.92,13.64,25.69,14.17,21.4,1543.6,369.1,39.14,,176.2,51.2,97.0,287.1,India,Kaggle FoodDB,2021
2312,Tofu,Proteins,789.3,26.38,54.37,71.45,12.56,1.46,,758.5,21.85,9.83,179.6,87.4,42.0,265.6,Mexico,USDA,2022
707,Pork Loin,fruits,303.7,44.8,50.12,50.23,15.5,36.75,326.3,345.2,46.06,12.81,259.1,50.3,78.0,270.2,Australia,USDA,2024
2655,BLACK BEANS (TZ),Proteins,695.5,37.65,23.25,23.1,14.65,3.49,58.9,404.5,8.5,4.97,228.8,85.2,81.0,48.9,Canada,FAO,2021
271,White Rice,Grains,732.2,9.71,30.74,0.07,8.09,18.65,480.5,605.2,14.02,19.21,79.8,40.6,46.0,290.6,India,OpenFoodFacts,2021
2875,CHICKEN BREAST (MA),Oils,706.7,26.82,76.67,87.78,14.58,51.71,374.3,446.6,43.46,11.38,118.8,88.4,43.0,10.5,India,USDA,2020
4220,Peanut Butter,Seafood,,6.46,39.08,19.05,18.62,18.0,1118.3,240.6,25.28,9.66,187.0,16.0,85.0,179.2,Nigeria,OpenFoodFacts,2023
2777,Avocado,Legumes,58.6,17.12,14.26,100.09,9.99,9.68,1854.6,433.1,67.29,11.68,145.4,71.5,22.0,150.5,China,USDA,2023
3939,Quinoa (LD),Vegetables,170.4,19.52,34.35,4.06,5.65,31.17,,334.8,126.33,19.71,482.8,66.4,50.0,33.1,Australia,OpenFoodFacts,2023
112,Milk (Whole),Grainss,161.9,,2.86,89.31,16.61,28.49,378.3,162.5,,2.95,78.6,68.6,46.0,67.4,Germany,FAO,2018
1171,WATERMELON,Vegetables,562.9,2.74,67.47,,18.89,,,254.5,47.62,5.5,46.0,96.6,29.0,69.8,Nigeria,OpenFoodFacts,2022
3090,ALMONDS,Legumes,242.7,44.22,32.11,13.33,10.27,40.73,1373.4,1082.6,24.38,7.23,140.9,82.4,98.0,75.0,UK,NutritionData.self.com,2018
221,White Rice,Oils,598.7,15.07,54.32,103.9,4.8,,1484.4,1009.7,16.24,3.78,480.6,6.1,58.0,297.0,USA,NutritionData.self.com,2018
4205,Blueberries,Vegetables,115.1,46.65,65.06,51.47,9.45,7.55,1829.6,527.7,78.85,15.34,,43.7,9.0,24.2,UK,FAO,2024
628,Spinach (MP),Fruits,677.8,17.19,42.02,105.15,18.98,27.9,,473.7,189.7,,,11.3,37.0,41.6,Mexico,FAO,2019
3807,Watermelon,Proteins,399.5,20.8,31.68,118.3,11.6,33.85,1080.9,427.5,104.09,17.76,310.0,34.0,44.0,32.4,USA,NutritionData.self.com,2020
3577,Mango,Proteins,191.7,33.91,25.18,83.07,5.08,16.39,1362.1,172.4,141.63,5.72,408.6,36.1,28.0,263.1,Nigeria,USDA,2024
2578,TUNA (CANNED),Legumes,551.1,35.75,43.33,6.83,13.97,,987.8,168.9,199.51,8.89,477.8,36.5,67.0,296.8,Canada,NutritionData.self.com,2023.
791,Watermelon (WT),Grains,154.9,13.33,62.93,95.83,1.06,51.94,356.4,586.8,114.72,4.55,68.4,80.6,13.0,203.1,India,NutritionData.self.com,2021
3077,Carrot (UV),Oils,853.1,30.52,65.36,72.9,,4.17,843.7,274.1,186.71,16.55,434.2,48.9,25.0,160.8,UK,FAO,2018
462,BANANA,Grains,591.3,12.16,42.02,98.1,2.57,10.7,,587.9,45.43,4.46,197.5,88.2,58.0,110.0,USA,Kaggle FoodDB,2020
4539,Quinoa,Proteins,91.8,1.79,69.39,33.83,,42.16,679.6,794.0,50.97,3.1,109.7,53.2,70.0,224.8,Brazil,Kaggle FoodDB,2022
552,Brown Rice,Nuts & Seeds,769.9,19.31,32.15,36.82,9.64,6.65,1985.3,475.5,99.14,7.24,305.2,95.4,109.0,269.7,Nigeria,OpenFoodFacts,2020
3351,Cheddar Cheese (IO),Oils,209.1,41.52,72.1,32.12,7.3,56.61,411.1,90.0,158.89,8.07,442.8,74.1,N/A,107.9,USA,OpenFoodFacts,2018
1514,CUCUMBER,Vegtables,36.0,39.97,30.53,58.85,7.45,40.17,1279.0,283.2,124.02,2.34,152.9,14.8,29.0,173.0,Brazil,USDA,2023
199,Peas (PS),Legumes,800.6,19.42,16.12,24.27,,48.4,,703.4,90.35,15.08,348.0,19.4,103.0,271.8,UK,FAO,2023
2758,Peanut Butter,Dairy,803.3,44.1,69.97,73.44,19.66,1.83,1248.6,411.3,,18.66,33.2,60.8,36.0,87.6,USA,OpenFoodFacts,2022.
1860,Olive Oil (UY),Legumes,661.1,31.73,60.65,34.16,2.24,39.86,1867.5,201.9,152.21,18.41,57.6,37.2,N/A,245.5,Mexico,OpenFoodFacts,2022
403,Turkey Breast (FK),Grains,464.6,47.91,12.71,101.37,,3.48,15.5,164.2,197.05,5.77,200.4,27.8,106.0,77.1,Nigeria,FAO,2018.
3258,ALMONDS,Proteins,201.5,49.05,27.75,36.77,0.45,20.13,686.6,337.5,165.3,2.64,72.1,44.4,N/A,257.5,India,USDA,2020
2270,Orange (QA)  ,Nuts & Seeds,470.9,17.81,9.54,50.91,2.49,1.55,958.7,633.6,17.88,9.75,496.8,71.3,57.0,238.7,Nigeria,FAO,2022
4911,Cottage Cheese,Oils,798.3,16.47,20.61,63.68,12.46,16.95,1246.7,932.0,149.79,10.34,114.6,78.1,71.0,86.9,Germany,USDA,2019
3825,Blueberries (YY),Grains,,43.94,47.92,81.28,0.68,21.66,218.6,713.9,,,298.8,77.5,97.0,142.2,China,NutritionData.self.com,2024
1865,Mango (MG),Legumes,886.5,26.66,63.14,45.45,10.42,48.17,564.4,456.8,151.85,17.73,26.4,32.4,79.0,245.4,UK,OpenFoodFacts,2020
4602,Blueberries,oils,709.4,38.65,20.28,7.02,9.84,12.26,679.9,455.1,,8.2,281.9,98.8,62.0,13.3,UK,FAO,2022
651,Chicken Breast,Legumes,96.5,37.11,74.94,3.12,12.41,27.2,176.7,487.7,190.93,9.42,333.3,63.1,17.0,178.4,Australia,FAO,2020.
709,Salmon,Oils,244.1,32.86,52.97,70.69,10.62,,,1143.8,55.66,18.11,416.6,60.3,40.0,50.9,Germany,Kaggle FoodDB,2021.
2314,Broccoli  ,Dairy,638.0,18.19,25.11,60.71,10.28,,1804.5,939.9,147.83,0.52,384.6,44.7,42.0,83.6,Mexico,Kaggle FoodDB,2020
651,Chicken Breast,Legumes,96.5,37.11,74.94,3.12,12.41,27.2,176.7,487.7,190.93,9.42,333.3,63.1,17.0,178.4,Australia,FAO,2020
3918,Black Beans,Proteins,324.3,41.48,58.92,97.55,11.07,16.45,620.3,452.1,93.89,13.54,,51.9,107.0,165.1,Brazil,NutritionData.self.com,2024
1955,Salmon,Dairy,,40.99,66.58,,11.65,13.98,630.3,106.2,176.87,9.2,,95.8,75.0,108.0,Canada,OpenFoodFacts,2021
4845,Carrot (UI),Grains,177.6,5.86,63.85,84.12,0.03,4.46,816.3,21.3,138.34,19.63,217.7,35.0,36.0,233.6,Nigeria,OpenFoodFacts,2019
3379,Milk (Whole),Oils,97.8,28.82,50.76,79.48,11.7,34.47,,879.1,38.46,16.46,,77.4,35.0,144.4,UK,Kaggle FoodDB,2018
315,Black Beans (LR),Grains,-999.0,25.5,56.74,20.55,7.19,34.58,71.5,946.5,63.02,19.12,55.9,13.1,35.0,174.2,USA,USDA,2023
2888,Lentils,Oils,380.3,19.76,24.87,63.17,1.58,17.15,238.7,15.2,,19.97,177.2,40.9,51.0,257.5,USA,NutritionData.self.com,2022
4614,Mango,Vegetables,115.9,,55.82,44.5,12.54,42.18,875.6,228.1,40.77,2.11,488.5,45.2,64.0,213.7,India,FAO,2020
114,TOFU,Legumes,731.1,35.07,39.37,1.02,14.04,37.65,164.5,861.9,,17.54,209.2,20.2,109.0,107.2,Brazil,USDA,2022
961,Milk (Whole) (FR),Proteins,92.9,20.08,25.2,66.66,17.09,50.11,1749.5,449.0,61.29,15.27,438.9,21.3,105.0,232.3,China,FAO,2019
3101,Shrimp (MW),Legumes,101.5,40.83,16.39,9.17,13.4,8.43,304.7,772.0,111.74,10.75,314.6,70.7,28.0,26.0,Nigeria,Kaggle FoodDB,2020
2406,Black Beans,Oils,553.1,10.92,5.74,80.61,4.9,,1967.8,710.7,86.73,17.23,227.5,31.4,50.0,106.0,Germany,NutritionData.self.com,2020.
2830,Lamb,Nuts & Seeds,45.7,4.84,8.86,78.39,14.79,,,648.4,158.44,10.3,215.0,50.6,10.0,238.8,USA,NutritionData.self.com,2023
3541,Beef (Lean),Nuts & Seeds,205.2,29.33,37.52,93.59,17.39,22.08,1258.3,222.4,,2.87,32.0,11.4,10.0,276.8,UK,USDA,2021
3750,Greek Yogurt,Legumes,798.4,5.14,17.03,90.88,11.74,7.03,,537.3,181.27,19.72,347.8,25.9,54.0,177.7,Nigeria,FAO,2024
4750,Almonds (JK),fruits,726.1,46.65,79.31,76.29,19.28,12.83,901.6,416.1,150.29,9.59,402.6,1.4,49.0,81.9,Australia,OpenFoodFacts,2018
3406,Tomato (KK)  ,Dairy,729.9,10.54,27.59,6.08,4.62,18.85,,943.2,152.99,6.26,334.7,6.8,56.0,116.6,Mexico,OpenFoodFacts,2022
1345,Onion,Grains,673.6,20.94,29.05,41.4,6.05,15.54,381.2,146.5,47.05,8.63,130.4,25.0,56.0,162.4,Nigeria,USDA,2019
3998,SALMON,Seafood,367.2,48.89,39.84,,7.56,48.79,642.0,906.6,9.63,7.84,470.2,85.3,79.0,294.6,Australia,USDA,2023
4668,Egg (BY),Nuts & Seeds,758.2,11.04,,14.99,13.95,58.07,1457.8,1152.6,32.64,19.9,156.8,91.1,93.0,207.6,Nigeria,USDA,2023
2030,Pork Loin,Grains,595.7,7.7,24.74,38.98,19.37,36.3,1902.2,103.1,83.88,18.17,477.6,23.1,18.0,284.6,Canada,Kaggle FoodDB,2018.
2099,Quinoa,Fruits,,11.91,59.42,40.08,14.38,50.04,971.4,971.6,146.56,14.65,456.8,34.0,89.0,234.1,USA,FAO,2024.
1418,Mango,Legumes,127.5,45.78,30.06,73.36,19.94,,1636.1,1096.0,2.06,9.55,417.6,7.1,6.0,136.1,Germany,Kaggle FoodDB,2021
327,Tuna (Canned) (PA),Dairy,507.8,4.22,33.13,77.31,2.45,2.83,1286.9,233.9,162.06,,78.6,84.1,N/A,111.2,UK,Kaggle FoodDB,2024
605,Mushroom (VE),Seafood,,,32.3,31.75,7.86,,129.5,445.9,68.64,10.76,181.3,15.3,74.0,190.0,Canada,NutritionData.self.com,2018
4322,Peanut Butter,Legumes,843.6,44.25,1.77,115.66,,45.55,2.5,720.5,136.91,14.78,214.6,36.0,79.0,36.5,UK,Kaggle FoodDB,2021
3317,TOMATO,Grains,445.9,43.36,15.81,6.68,13.66,40.61,625.7,508.5,167.51,16.69,17.3,65.2,N/A,214.7,Australia,OpenFoodFacts,2023
4634,Spinach,Legumes,778.0,33.27,55.52,,1.86,36.78,1838.4,290.6,73.71,18.8,330.6,26.0,53.0,195.0,UK,FAO,2024
3830,Tomato (EJ),Legumes,214.7,13.18,37.5,77.12,19.59,13.24,249.8,821.7,,19.11,94.8,68.5,39.0,294.1,Nigeria,NutritionData.self.com,2024
4646,Cucumber (JK),Proteins,672.9,,26.74,114.19,,,432.0,815.8,,0.52,342.7,31.3,97.0,234.5,India,Kaggle FoodDB,2018.
1962,Tuna (Canned) (PU),Vegetables,380.7,20.05,67.77,91.94,8.57,33.94,1664.1,702.0,163.46,18.26,182.9,52.9,6.0,50.0,UK,USDA,2018
3555,Milk (Whole),Legumes,146.8,20.34,64.23,,4.18,34.44,986.9,642.6,15.81,8.14,422.1,1.4,12.0,95.5,UK,NutritionData.self.com,2020
3047,Banana,Seafood,392.0,35.41,14.17,101.91,9.57,17.12,1450.5,1063.1,72.31,17.7,370.2,44.6,12.0,49.8,India,NutritionData.self.com,2022
4701,Cheddar Cheese,Legumes,240.0,39.06,79.56,82.18,15.67,25.39,13.6,921.5,138.67,13.77,240.1,91.2,89.0,120.1,Australia,OpenFoodFacts,2020
3544,Cucumber,Vegtables,321.5,32.99,71.13,73.9,,19.06,738.7,390.5,26.57,,425.3,89.6,78.0,252.6,UK,USDA,2023
4079,Watermelon (JR),Seafood,696.4,36.16,26.08,11.91,14.97,44.13,993.3,321.6,147.67,15.1,477.3,94.7,7.0,145.4,Australia,USDA,2018
3160,Green Beans  ,Fruits,277.3,39.19,11.22,93.58,3.54,8.27,1820.8,1020.9,64.69,,399.9,44.3,66.0,167.6,India,USDA,2019
1819,Celery,Dairy,569.7,42.99,60.53,62.62,19.97,15.07,1045.8,1.5,44.27,6.98,52.0,79.8,48.0,292.8,China,USDA,2024
790,Strawberry,Dairy,853.6,10.65,27.56,115.12,17.43,12.36,1806.9,157.7,102.45,8.97,59.5,41.6,1.0,109.8,Australia,USDA,2024
2415,LENTILS,Legumes,464.8,24.31,11.42,9.19,19.01,47.01,1939.5,492.7,183.66,7.18,,38.8,72.0,131.2,USA,Kaggle FoodDB,2020.
4183,Beef (Lean) (SU),Oils,620.3,5.79,70.01,108.4,8.92,32.06,1507.0,1005.3,176.93,3.92,49.1,16.8,69.0,182.9,Nigeria,Kaggle FoodDB,2023.
1666,Quinoa (NU),legumes,769.3,37.86,28.43,18.93,16.81,28.5,779.3,486.1,130.83,5.86,437.3,5.8,34.0,60.5,Nigeria,FAO,2018
872,CORN,Nuts & Seeds,258.3,11.91,49.77,4.21,11.27,29.14,684.3,180.3,99.14,12.5,79.2,28.2,31.0,131.4,Australia,FAO,2023
1895,Carrot,Proteins,508.5,24.64,26.96,84.49,13.21,2.12,1872.4,489.1,175.79,8.35,234.6,65.1,101.0,41.1,India,NutritionData.self.com,2018
1478,Avocado,Vegetables,690.8,5.94,58.09,39.4,5.13,55.34,493.4,703.9,80.69,18.2,314.0,87.8,21.0,239.7,Germany,NutritionData.self.com,2024
2173,Green Beans,Fruits,173.9,18.98,3.14,0.5,4.49,12.21,,601.5,48.62,0.83,412.9,13.7,1.0,22.8,UK,NutritionData.self.com,2018
1631,Garlic,Dairy,685.4,20.66,74.32,17.46,16.9,17.47,9.2,106.1,127.86,,250.9,45.8,64.0,210.6,Mexico,Kaggle FoodDB,2019
74,Quinoa,Legumes,737.6,4.36,24.3,3.36,13.82,12.16,1672.4,883.1,164.59,5.77,21.3,28.5,45.0,249.2,Brazil,OpenFoodFacts,2018
1958,Apple,Legumes,390.7,33.9,76.32,24.25,13.63,41.91,1725.5,194.3,139.44,,246.2,74.5,20.0,61.8,Germany,OpenFoodFacts,2023
3228,Banana,Dairy,331.8,6.38,57.29,92.88,0.84,37.84,1497.8,493.0,81.46,5.42,470.5,55.7,91.0,28.1,UK,Kaggle FoodDB,2019
2165,Pasta (LX),Grains,434.7,35.58,27.51,,4.04,48.82,,21.0,15.94,2.8,109.5,31.4,N/A,49.1,Canada,Kaggle FoodDB,2024
3210,White Rice (AL),Dairy,557.3,7.97,68.43,94.34,13.58,59.14,1983.1,432.1,179.38,7.27,356.7,89.3,98.0,48.0,Germany,USDA,2019
93,Apple (GU),Legumes,689.5,41.72,29.76,54.84,14.56,21.34,531.7,898.0,43.88,3.03,416.6,39.0,19.0,297.8,Australia,OpenFoodFacts,2023
4715,Quinoa,Legumes,471.3,24.09,42.69,48.21,7.69,56.29,,756.1,118.52,14.23,384.2,12.6,N/A,164.3,Canada,OpenFoodFacts,2023
4060,Spinach,Oils,892.9,,78.77,109.93,1.24,48.36,1572.4,806.2,79.43,8.51,172.8,30.6,89.0,22.7,China,OpenFoodFacts,2020
2390,Bread (Whole Wheat),Fruits,625.8,21.25,20.86,28.22,0.22,14.42,129.9,260.3,16.54,12.89,315.6,81.9,78.0,144.2,UK,Kaggle FoodDB,2018
3394,Salmon,Oils,,,71.12,54.93,16.75,17.76,338.9,449.4,48.78,9.34,318.6,86.6,96.0,229.5,Mexico,OpenFoodFacts,2023.
2716,Carrot (KX),Grains,283.8,47.71,,42.16,1.6,8.33,821.5,234.5,152.72,5.68,319.0,16.3,3.0,110.0,Canada,USDA,2023
495,Broccoli,Legumes,428.1,23.77,,46.8,,4.44,1545.4,622.8,116.12,16.27,312.3,92.5,N/A,110.3,India,Kaggle FoodDB,2018
3340,Cottage Cheese (YI),Oils,595.6,39.28,28.52,65.28,10.24,24.14,127.3,587.0,149.35,9.35,396.7,22.4,13.0,17.7,Mexico,OpenFoodFacts,2018
2329,Mushroom (IW),Nuts & Seeds,580.0,9.54,72.97,94.34,0.34,9.41,1692.5,131.3,141.48,2.49,51.8,14.8,94.0,94.2,China,NutritionData.self.com,2022
3836,COTTAGE CHEESE,Oils,286.9,2.19,49.96,108.74,11.74,2.69,70.0,1006.0,92.42,14.07,218.8,48.1,61.0,116.5,Brazil,USDA,2020
1165,Quinoa,Legumes,161.5,12.81,26.33,50.55,12.45,19.74,1664.0,191.9,113.29,11.55,82.9,33.9,87.0,220.3,UK,FAO,2022
2549,Carrot,Oils,378.3,41.5,51.43,102.84,13.13,33.5,35.3,1167.9,50.89,0.92,366.9,25.2,21.0,87.9,UK,FAO,2021.
1271,TOMATO (FI),Proteins,631.6,17.57,11.99,45.78,9.97,4.14,1096.3,903.0,39.53,18.63,329.0,67.0,24.0,219.0,Germany,USDA,2023.
3779,Black Beans,Fruits,598.2,38.67,63.25,96.55,9.12,52.31,332.0,591.4,137.77,2.36,106.6,4.5,50.0,69.6,Canada,NutritionData.self.com,2022
4024,Turkey Breast,Proteins,746.9,15.35,17.34,112.13,12.37,44.27,485.0,1118.7,197.35,16.99,168.5,86.4,51.0,165.6,India,OpenFoodFacts,2023
2317,Egg (XQ),Seafood,261.8,2.06,33.57,59.83,14.45,55.18,267.8,896.9,34.53,12.86,429.1,23.7,101.0,222.9,Brazil,OpenFoodFacts,2022
2616,Beef (Lean),Oils,109.7,22.48,51.94,44.34,4.7,12.78,1688.2,782.8,118.04,0.91,153.4,45.9,8.0,229.6,Australia,NutritionData.self.com,2021
619,Sweet Potato (CX),Proteins,729.5,27.57,10.76,119.99,8.75,27.79,40.8,1086.5,95.86,6.18,14.1,95.8,70.0,231.3,India,FAO,2018
3938,Kale (TE),Vegetables,161.0,44.69,,108.49,8.19,25.41,1835.4,289.3,,,241.6,35.5,102.0,136.3,USA,USDA,2023
2147,Garlic,Seafood,424.2,37.72,2.26,87.95,5.82,57.44,1985.0,423.9,15.62,6.75,135.2,34.5,N/A,230.3,Mexico,USDA,2023
2836,Carrot (FQ),Oils,,22.84,,28.06,14.71,43.12,1090.4,223.0,139.41,19.25,103.1,27.5,32.0,250.4,Australia,USDA,2023
3868,Lentils (YL),Dairy,,28.32,20.57,95.16,8.45,56.69,1583.5,51.0,63.36,7.73,,37.1,42.0,244.5,Nigeria,USDA,2018
1361,Cottage Cheese (PT),Oils,822.9,3.34,61.53,43.35,11.15,25.85,1824.0,797.6,21.84,12.24,196.9,58.3,79.0,149.0,Nigeria,NutritionData.self.com,2018
4708,Watermelon,Nuts & Seeds,192.2,22.6,37.73,55.71,14.48,39.62,149.2,344.1,32.21,1.28,55.8,31.0,15.0,143.0,Australia,OpenFoodFacts,2022
3596,Mushroom,Proteins,,27.19,32.87,111.05,12.03,10.48,1133.2,903.5,50.72,15.02,291.8,6.3,16.0,269.2,Canada,Kaggle FoodDB,2019
4534,Milk (Whole) (DK),fruits,289.6,42.25,39.04,104.95,13.22,38.61,959.2,141.0,66.7,12.56,341.6,79.6,45.0,227.2,Australia,USDA,2022
870,Pork Loin,Fruits,852.6,29.46,29.49,41.01,,57.37,263.8,953.0,34.88,3.27,108.9,73.1,99.0,51.8,USA,Kaggle FoodDB,2022
2894,TOFU,Fruits,596.1,22.13,78.28,75.08,5.91,20.4,1485.0,747.0,99.63,,492.2,5.3,14.0,155.6,USA,USDA,2024.
1043,Milk (Whole),PROTEINS,300.5,21.43,73.95,4.26,19.72,15.05,1939.2,310.2,169.35,4.71,343.8,85.5,85.0,117.6,Mexico,OpenFoodFacts,2023
1872,Corn (BY),Proteins,207.9,,31.84,108.14,13.86,11.88,1641.8,1090.4,112.7,4.34,191.5,8.2,89.0,184.8,India,FAO,2022
357,Cucumber,Dairy,43.3,8.54,62.89,71.72,9.21,6.03,809.6,546.6,188.53,0.47,163.7,14.6,27.0,66.3,Germany,Kaggle FoodDB,2019
1163,Olive Oil (ZK),Fruits,314.9,12.52,66.78,73.03,14.86,41.42,1768.4,1065.1,,4.26,458.0,69.4,72.0,241.7,Australia,OpenFoodFacts,2019
2946,Peanut Butter (KF),Legumes,110.2,7.13,24.8,36.8,,54.52,1466.7,705.0,190.88,12.28,282.0,54.2,84.0,69.4,Brazil,Kaggle FoodDB,2022
1372,Avocado,Vegetables,179.3,16.98,19.35,90.76,16.8,19.55,1702.9,509.2,155.67,13.22,170.8,85.2,N/A,40.9,Mexico,FAO,2018
4206,SPINACH,Vegetables,,3.9,51.42,91.46,12.23,32.46,488.5,464.4,133.19,4.75,244.2,40.8,82.0,131.4,UK,FAO,2018
2896,Corn,Proteins,790.8,42.45,8.55,,4.81,6.26,952.0,74.7,36.14,6.49,296.6,81.2,85.0,94.7,Nigeria,FAO,2024.
3400,Olive Oil,Vegetables,527.5,47.85,0.58,1.15,3.35,5.98,1719.5,1004.1,89.99,0.01,494.0,57.4,49.0,17.3,Australia,Kaggle FoodDB,2023
3973,Pineapple,Seafood,262.2,13.82,61.23,82.22,5.78,37.97,249.6,960.9,42.44,18.9,362.8,64.6,47.0,40.2,USA,FAO,2022
3780,PINEAPPLE,Legumes,810.6,17.01,55.77,98.66,11.15,48.04,1230.8,517.1,55.99,7.23,138.3,18.9,74.0,222.2,Nigeria,Kaggle FoodDB,2022
3881,Pineapple,oils,462.1,29.3,38.85,0.61,12.36,23.9,1172.9,128.9,31.35,5.59,94.1,59.0,19.0,148.3,Germany,OpenFoodFacts,2024
4585,Salmon,Vegetables,628.7,47.2,62.35,10.38,4.83,8.47,230.8,1190.4,55.52,9.7,257.8,87.8,33.0,97.3,Australia,FAO,2018
4105,Egg,Oils,280.4,6.86,62.64,55.15,7.49,52.02,156.1,609.7,,9.19,,94.0,14.0,98.0,Australia,OpenFoodFacts,2024
333,Strawberry,Nuts & Seeds,32.7,4.44,7.12,70.35,15.31,13.38,504.0,134.7,197.03,13.63,163.2,25.3,76.0,43.9,Australia,Kaggle FoodDB,2018
3083,Pork Loin,Fruits,198.3,10.77,38.72,81.81,18.98,,174.0,1049.5,,3.17,82.9,22.8,98.0,137.5,India,OpenFoodFacts,2018
2917,Oats,Seafood,672.9,34.06,31.01,44.43,19.51,34.16,126.5,477.8,135.89,13.95,0.8,45.7,52.0,139.2,Brazil,Kaggle FoodDB,2024
1790,BLUEBERRIES,Dairy,476.2,27.57,,114.66,8.38,18.53,,898.2,0.62,1.63,108.9,93.7,35.0,241.2,China,NutritionData.self.com,2022
1259,Spinach  ,Legumes,76.5,41.83,71.66,2.43,10.22,33.69,720.3,731.1,133.53,7.89,364.8,6.0,39.0,62.4,UK,USDA,2018
3910,Pork Loin (KH),fruits,306.2,49.32,18.47,29.97,14.9,,1350.7,402.8,31.18,11.83,334.8,5.0,19.0,118.1,Canada,OpenFoodFacts,2019
1823,Cheddar Cheese (LJ),Dairy,561.2,48.76,34.91,24.48,7.07,54.91,703.3,866.9,7.69,15.72,133.9,30.2,80.0,81.3,India,FAO,2018
1117,Tomato (CW),Legumes,100.5,32.98,74.26,112.45,,7.49,621.6,823.2,39.77,15.61,423.0,85.6,71.0,283.1,Nigeria,OpenFoodFacts,2024
3504,Blueberries (KL),Vegetables,46.4,48.61,4.48,48.66,15.52,55.07,944.7,574.0,61.66,15.96,162.3,24.2,55.0,93.0,Nigeria,FAO,2024
3788,Sweet Potato,Nuts & Seeds,428.3,36.64,6.78,112.19,9.05,53.37,177.0,1194.6,141.03,11.04,,68.6,18.0,198.6,China,OpenFoodFacts,2018
2681,MANGO (CK),Oils,255.5,46.88,58.31,60.84,17.48,12.39,1450.3,1115.2,39.58,,460.7,31.3,3.0,157.3,Mexico,NutritionData.self.com,2023
2628,Tomato,Dairy,624.6,22.08,73.17,66.68,6.55,42.77,338.9,456.4,92.78,3.5,211.0,98.7,N/A,292.7,USA,USDA,2019.
3482,Greek Yogurt,Grainss,523.9,12.47,0.65,118.88,11.72,57.92,81.2,276.0,,16.78,492.7,80.6,93.0,64.1,India,USDA,2018
2292,Cottage Cheese (EI),Legumes,267.0,,32.83,97.17,16.85,49.46,1035.8,15.7,17.72,,479.4,76.5,100.0,270.2,China,USDA,2022
446,White Rice,dairy ,853.6,10.03,57.29,40.89,,13.98,1997.6,1174.1,98.26,19.69,189.2,4.4,57.0,207.2,UK,NutritionData.self.com,2019
1569,Green Beans,Oils,569.0,19.38,8.02,119.58,9.49,30.06,1908.5,1104.9,184.18,,328.2,52.2,16.0,279.5,Mexico,NutritionData.self.com,2021
3604,Oats (AB),dairy ,,7.82,39.33,77.12,17.39,20.7,418.7,1134.1,16.51,2.17,279.9,32.9,94.0,291.4,Australia,Kaggle FoodDB,2018
453,Almonds (VC),Legumes,393.3,10.76,66.8,118.64,,24.32,577.2,704.9,23.66,3.36,169.9,93.9,106.0,100.4,Germany,NutritionData.self.com,2019
1889,Tomato,Grainss,0.0,7.56,44.83,30.48,17.26,,743.4,939.9,28.8,15.42,100.6,45.7,87.0,239.0,Germany,Kaggle FoodDB,2024
4573,Zucchini (CG),seafood,230.4,3.17,42.59,101.54,7.95,34.14,1588.9,1104.6,79.41,16.13,249.4,96.8,30.0,235.8,India,FAO,2019
3149,Garlic,Fruits,,16.11,57.27,75.55,19.51,1.66,580.2,641.4,76.93,4.02,104.0,4.3,4.0,58.2,China,FAO,2022
15,SALMON,Fruits,,9.9,40.26,104.08,6.84,3.25,748.7,200.2,32.63,6.92,52.2,32.6,36.0,187.7,India,OpenFoodFacts,2019
4964,Tuna (Canned),Seafood,678.8,27.54,8.3,,17.72,33.96,1929.6,647.0,35.31,16.78,70.3,58.5,15.0,99.2,India,USDA,2018
946,Carrot,Legumes,29.7,17.14,54.41,,5.44,53.33,1563.9,207.0,140.69,7.61,22.1,10.7,71.0,283.0,UK,NutritionData.self.com,2019
248,Garlic,Vegetables,870.7,43.23,62.99,31.3,4.67,32.44,578.0,1002.3,128.82,1.84,319.4,8.3,19.0,274.9,USA,FAO,2019
428,Pork Loin,Oils,801.2,12.16,67.09,8.27,0.84,3.32,1591.1,286.3,6.5,3.07,208.9,48.6,84.0,78.7,Australia,OpenFoodFacts,2023.
361,Bread (Whole Wheat),Grainss,361.6,30.2,70.41,106.46,19.67,27.98,1426.6,603.0,59.33,16.23,277.5,22.2,105.0,49.7,Canada,OpenFoodFacts,2020
4800,Blueberries (YJ),Seafood,578.7,46.52,58.44,41.11,17.28,44.31,253.2,776.4,73.93,5.85,188.0,61.6,69.0,201.5,Mexico,NutritionData.self.com,2021
1718,Strawberry (WD),Fruits,631.6,21.95,55.63,27.9,9.86,29.47,609.5,1161.9,167.24,19.87,228.7,81.1,41.0,116.0,Mexico,Kaggle FoodDB,2022
4452,CELERY,Vegetables,529.0,31.35,13.56,74.79,7.29,35.44,149.9,1115.5,147.66,11.1,460.6,37.3,86.0,269.3,China,NutritionData.self.com,2024
1605,Oats,Grains,81.1,26.21,30.2,25.82,0.98,49.76,1754.8,884.4,98.09,12.58,372.4,58.2,73.0,270.8,Germany,Kaggle FoodDB,2021
1433,Corn,Seafood,450.2,44.09,78.35,96.71,9.67,16.09,101.0,497.6,110.94,12.46,88.2,11.9,4.0,256.0,UK,FAO,2021
3380,Tofu,Vegetables,635.1,21.23,61.12,77.86,1.72,58.86,,562.7,25.28,,143.0,36.9,35.0,223.9,Brazil,USDA,2024
4032,Peanut Butter,Grains,,35.54,65.18,,3.54,12.7,798.0,581.0,110.74,10.94,233.1,67.7,42.0,70.7,Nigeria,FAO,2022
3769,Almonds,Legumes,164.7,19.99,60.7,84.08,17.51,33.42,,860.1,8.49,15.46,412.1,30.1,12.0,84.0,USA,NutritionData.self.com,2021
1607,Avocado,seafood,79.5,6.54,28.12,72.21,9.79,35.17,757.7,934.0,162.5,5.12,184.9,54.2,96.0,20.0,Mexico,OpenFoodFacts,2021
543,Brown Rice (OO),Nuts & Seeds,221.2,43.41,59.04,5.82,19.29,39.29,1754.9,244.5,64.95,12.39,489.1,13.7,105.0,296.8,Canada,NutritionData.self.com,2022
4514,Cottage Cheese,Grains,570.6,34.94,18.49,70.77,,57.24,773.1,592.8,,19.29,25.1,1.1,N/A,42.4,Brazil,FAO,2019
491,Sweet Potato,Oils,421.0,7.9,19.72,59.83,,27.14,325.2,1065.7,47.16,18.82,81.3,8.5,35.0,232.0,Canada,FAO,2022
863,Broccoli (XF),Oils,,0.47,8.65,70.57,8.58,54.06,99999.0,257.4,58.1,14.13,,4.1,7.0,279.7,Australia,NutritionData.self.com,2019
2234,CHICKEN BREAST,Fruits,770.0,27.24,,91.35,17.89,8.04,180.5,1162.7,113.19,8.25,205.2,9.9,67.0,154.4,Brazil,USDA,2018
2754,Shrimp,Seafood,323.8,21.33,4.35,49.87,15.95,55.75,1575.8,660.0,114.02,10.41,275.8,1.3,11.0,244.9,UK,FAO,2024
1384,SALMON,Nuts & Seeds,247.2,12.41,55.09,61.95,11.31,,259.6,155.1,8.28,17.29,261.5,15.1,5.0,209.0,USA,FAO,2020
2073,Pasta,Nuts & Seeds,200.3,,11.93,73.85,3.97,29.46,1071.0,570.9,145.95,10.16,369.1,17.0,7.0,257.8,Australia,OpenFoodFacts,2019.
3709,Oats (CZ),Nuts & Seeds,267.8,,78.17,,1.71,,1664.7,1100.5,170.05,16.58,118.6,87.6,33.0,69.3,China,FAO,2019
2084,Egg,Vegtables,,24.26,16.88,108.54,6.51,30.43,759.9,896.4,159.26,19.09,282.4,28.9,100.0,286.6,China,USDA,2020
1363,Brown Rice (AA),Oils,568.2,12.09,60.68,102.91,6.88,45.47,600.2,852.0,58.86,12.38,,59.8,59.0,81.2,Mexico,NutritionData.self.com,2024
3411,Salmon,Vegetables,381.8,22.48,9.72,58.75,2.94,50.04,1758.6,527.4,11.3,19.55,68.3,85.6,100.0,184.0,USA,OpenFoodFacts,2020.
507,Quinoa (VZ),Dairy,821.6,25.26,36.24,91.9,12.91,44.69,,986.0,71.54,15.02,422.8,6.3,43.0,209.7,Mexico,FAO,2022
2852,Garlic,Proteins,231.6,34.93,32.86,119.06,0.6,28.64,476.0,337.7,54.66,3.16,108.0,62.5,77.0,38.4,Nigeria,OpenFoodFacts,2020
26,Bell Pepper,Proteins,711.0,26.43,12.17,105.74,7.71,25.12,951.1,1168.0,103.08,15.82,393.5,41.2,42.0,270.6,Brazil,OpenFoodFacts,2023
2118,Shrimp,Dairy,561.5,3.38,64.17,34.88,6.35,54.55,971.7,141.4,24.67,9.23,168.7,78.2,38.0,56.1,UK,Kaggle FoodDB,2023.
1223,Tuna (Canned),Proteins,400.5,9.6,61.19,38.99,17.02,39.79,1809.2,748.8,44.73,0.8,,11.6,22.0,269.3,Nigeria,NutritionData.self.com,2024.
1114,Blueberries (CV),Grains,492.5,27.29,34.69,119.78,1.47,44.43,1451.0,677.2,119.02,16.69,44.0,12.6,8.0,141.4,Australia,FAO,2024
4422,Watermelon,Vegetables,861.9,27.5,43.07,,16.1,54.48,1808.9,26.8,100.88,11.78,150.1,73.3,95.0,45.7,India,Kaggle FoodDB,2024
3650,Garlic,Vegtables,899.6,10.77,,83.0,5.72,4.71,478.8,683.7,92.62,0.07,344.5,49.9,12.0,259.5,Canada,FAO,2024.
2581,Green Beans,Proteins,128.2,33.62,64.15,60.14,11.84,53.09,1543.9,1006.0,142.47,,270.5,85.3,103.0,292.7,Brazil,FAO,2021
4817,Tofu,Fruits,,29.84,35.74,93.06,11.98,11.06,1658.0,1092.2,22.34,3.8,331.5,40.0,57.0,25.1,Nigeria,OpenFoodFacts,2024
3165,Bread (Whole Wheat)  ,Vegetables,69.4,18.88,,81.86,15.82,50.03,,702.6,142.68,0.11,251.5,28.5,93.0,105.0,Brazil,OpenFoodFacts,2024
434,Quinoa,Grainss,109.0,3.3,37.75,86.97,16.91,26.53,57.7,204.7,29.42,9.47,75.5,18.9,32.0,205.8,UK,FAO,2019
2198,Broccoli,Fruits,780.8,38.33,12.93,63.97,7.75,7.76,59.4,957.6,5.73,0.81,216.1,35.4,89.0,102.8,China,NutritionData.self.com,2023
3366,Broccoli,Proteins,580.0,38.2,49.69,20.27,11.34,35.93,56.8,523.1,53.66,7.96,130.5,73.8,59.0,54.9,India,OpenFoodFacts,2023.
3289,Lamb (ZF),Nuts & Seeds,813.6,3.82,23.32,99.44,18.97,49.37,51.4,1061.0,147.57,7.18,116.7,88.4,86.0,232.2,Germany,OpenFoodFacts,2021
2224,WHITE RICE,Legumes,232.9,15.18,38.82,71.57,12.62,8.28,463.2,1052.5,153.52,8.55,330.6,63.4,13.0,180.2,Mexico,NutritionData.self.com,2021.
3079,Mushroom (RD),Oils,156.2,18.55,,6.78,15.21,5.25,262.4,62.2,53.39,10.73,94.8,87.9,84.0,37.0,India,NutritionData.self.com,2018
4718,Almonds,Proteins,896.2,13.67,71.56,98.94,16.18,,1388.0,224.9,125.21,,,68.5,37.0,195.3,China,NutritionData.self.com,2023
2265,Black Beans,Oils,554.2,40.31,62.15,107.84,14.02,21.85,311.9,240.8,80.37,7.82,198.8,6.5,16.0,112.8,China,USDA,2019
3277,Onion (ER),Fruits,762.1,25.54,43.16,17.89,3.76,37.21,1832.7,915.1,67.88,11.65,329.6,92.2,97.0,155.7,Brazil,OpenFoodFacts,2024
3107,Lentils,Seafood,656.6,10.01,30.98,13.42,16.57,26.19,70.5,974.3,,18.69,411.8,33.2,18.0,289.8,Nigeria,OpenFoodFacts,2023
1103,Salmon,Grains,797.7,16.03,61.33,65.06,8.37,29.88,954.4,1194.7,62.31,19.74,249.2,26.6,94.0,269.5,Germany,FAO,2019
1781,Blueberries,Dairy,53.8,17.82,23.69,46.61,7.09,35.92,1472.6,161.9,16.06,9.46,451.7,58.3,36.0,189.2,Brazil,USDA,2020
2451,Almonds,Vegetables,257.8,26.87,70.15,117.9,5.69,6.57,1293.7,893.3,12.29,3.38,483.8,50.3,16.0,22.4,Germany,USDA,2018
3476,Apple,Fruits,726.5,35.28,2.14,69.14,17.34,10.56,1579.6,1009.5,81.04,14.21,477.1,23.5,100.0,70.7,Australia,USDA,2022
4094,Orange,Grainss,,35.14,77.51,26.69,,55.92,1004.3,542.2,48.95,14.14,458.2,86.7,51.0,198.6,China,USDA,2018
157,Pineapple,legumes,611.5,9.28,18.33,29.7,9.18,43.51,997.8,899.6,175.14,12.39,,65.0,31.0,67.1,USA,NutritionData.self.com,2023
3177,White Rice,Seafood,604.5,11.88,60.6,33.17,,50.5,1456.0,1084.7,79.83,7.8,252.1,64.0,N/A,29.0,Mexico,FAO,2018
3860,SWEET POTATO (EH),seafood,753.6,31.14,32.66,51.47,4.27,21.9,1342.6,113.9,23.23,11.59,,0.6,97.0,214.6,Germany,FAO,2020
616,Carrot,Legumes,830.4,41.96,,37.06,2.41,28.43,1320.3,1047.1,65.89,15.85,466.1,64.0,44.0,119.1,Mexico,OpenFoodFacts,2020
644,Bread (Whole Wheat)  ,Nuts & Seeds,308.2,,75.61,34.62,2.38,38.52,1217.0,751.8,169.46,19.39,350.7,38.7,72.0,87.2,Germany,FAO,2022
1610,Kale (PU),Seafood,495.2,,30.86,62.79,7.95,37.41,751.6,1118.6,107.98,15.81,294.4,8.0,1.0,197.3,USA,Kaggle FoodDB,2020
1938,Corn (CE),Legumes,746.0,38.34,33.29,31.08,1.79,48.84,1721.5,458.6,8.28,6.89,327.4,93.5,87.0,243.0,China,USDA,2022
1069,Turkey Breast,Fruits,,5.43,40.74,11.15,6.32,37.02,99999.0,721.4,71.62,12.28,3.7,36.7,67.0,106.6,Brazil,Kaggle FoodDB,2022
3502,Peanut Butter,Nuts & Seeds,726.3,15.54,52.51,44.72,18.6,40.5,1282.5,56.6,25.75,6.91,325.8,6.1,96.0,244.2,Nigeria,NutritionData.self.com,2020
4742,Black Beans (XI),Oils,117.3,1.75,47.49,44.84,4.82,48.98,1846.4,47.6,36.87,2.63,109.0,68.4,N/A,275.7,China,Kaggle FoodDB,2022
4372,Pork Loin,Proteins,360.3,,56.52,89.11,7.6,15.61,1243.5,282.1,51.01,7.85,246.2,41.8,7.0,212.5,China,OpenFoodFacts,2022
1515,TOFU,Dairy,192.3,25.47,59.2,104.71,12.01,8.49,946.6,1191.8,15.72,9.05,253.5,58.1,30.0,290.1,UK,Kaggle FoodDB,2022
331,Shrimp (EP)  ,Seafood,333.3,13.01,56.97,6.92,4.37,2.51,724.7,149.0,19.73,3.22,295.2,93.1,13.0,243.1,Mexico,NutritionData.self.com,2018
3339,Watermelon,Fruits,545.5,23.18,31.42,46.1,10.87,18.31,975.3,288.9,16.61,6.12,205.7,47.3,92.0,236.4,Canada,FAO,2019
2903,Orange (XH),Legumes,20.0,13.53,3.12,108.38,18.51,8.76,958.6,528.4,96.04,,152.6,67.1,4.0,29.4,Canada,OpenFoodFacts,2020
2332,ALMONDS,Nuts & Seeds,72.4,43.1,78.85,73.23,3.48,32.04,1735.3,375.0,128.75,18.88,456.5,79.4,61.0,12.4,Nigeria,FAO,2021
623,Salmon,Grains,-999.0,41.04,49.18,96.66,,28.48,1767.7,610.3,84.99,,277.4,1.4,60.0,113.1,Germany,NutritionData.self.com,2020
1783,Lamb,fruits,426.1,25.21,,8.83,19.93,43.14,1315.8,735.5,97.86,5.87,335.0,60.2,11.0,226.2,Canada,NutritionData.self.com,2021.
2477,Tuna (Canned),Seafood,,33.4,17.01,43.2,4.57,24.86,645.9,1003.4,7.96,12.66,262.0,75.9,83.0,227.0,India,FAO,2018
2306,Almonds,Fruits,369.4,-1.0,21.92,,6.94,56.29,1144.7,176.5,78.32,2.26,262.5,41.8,37.0,180.2,Germany,USDA,2019
3091,White Rice,Seafood,416.2,43.15,15.41,116.53,,4.04,1971.7,661.4,125.91,11.45,264.4,51.4,27.0,20.2,Mexico,FAO,2018
2100,Orange,Dairy,368.5,44.5,52.75,4.3,6.26,27.85,318.9,1101.3,157.07,5.22,276.2,46.7,101.0,96.5,India,OpenFoodFacts,2022
1742,Lentils (DO),Legumes,665.6,5.75,,108.61,5.85,0.83,380.7,1051.5,123.71,14.86,455.6,79.6,31.0,263.4,Mexico,OpenFoodFacts,2022
3250,Turkey Breast (IX),Legumes,575.6,39.91,38.69,25.39,6.45,9.26,,597.4,69.3,7.46,374.0,87.3,5.0,183.6,Nigeria,OpenFoodFacts,2020
756,Greek Yogurt,Seafood,,19.2,51.72,100.43,3.24,3.59,1826.4,682.0,165.62,15.63,342.3,36.8,69.0,145.1,Canada,USDA,2020
519,Onion,Vegetables,,5.79,59.18,55.66,19.38,23.41,286.7,582.8,166.55,0.21,164.3,86.4,102.0,87.6,USA,NutritionData.self.com,2022
4054,Sweet Potato,PROTEINS,509.4,15.82,,113.22,1.17,52.55,1985.7,874.1,144.22,8.15,,5.9,40.0,69.5,Canada,OpenFoodFacts,2024
33,Peanut Butter,Grainss,77.2,28.26,70.23,,14.48,37.84,1942.7,673.6,17.56,2.12,440.2,92.1,6.0,262.6,Brazil,USDA,2021
3129,Mushroom  ,Grains,,,56.27,56.08,12.56,7.37,1744.1,957.3,195.13,18.86,68.9,85.5,51.0,276.9,Canada,NutritionData.self.com,2020
2982,Brown Rice,Vegetables,226.8,10.63,,17.84,16.4,22.84,116.1,744.3,110.8,4.84,222.4,20.8,41.0,21.9,India,FAO,2024
1158,Quinoa,Legumes,795.2,36.19,14.37,8.06,,3.66,32.0,619.1,63.24,15.5,171.4,53.7,5.0,99.5,Brazil,Kaggle FoodDB,2024
4346,CORN,Nuts & Seeds,,49.92,3.59,78.02,9.11,6.99,454.3,982.9,111.54,9.4,285.6,39.9,67.0,164.1,Germany,OpenFoodFacts,2019
745,Sweet Potato,fruits,224.3,8.26,,56.59,12.88,36.63,1250.3,6.7,61.28,3.79,270.0,51.9,39.0,135.8,China,OpenFoodFacts,2019
3540,Olive Oil,Legumes,75.1,43.92,24.33,87.74,12.79,29.01,803.7,809.6,190.97,2.18,88.8,9.9,68.0,56.3,Mexico,USDA,2023
2911,Tomato,Proteins,222.8,44.04,44.22,20.23,8.14,47.6,1017.6,490.5,166.84,9.58,275.6,6.7,68.0,63.4,UK,FAO,2019
2096,Sweet Potato,dairy ,717.7,29.66,14.92,112.04,11.94,30.99,1063.1,790.9,83.96,2.52,395.6,29.3,16.0,20.4,Brazil,FAO,2020
2760,White Rice (SO),Vegetables,74.7,9.9,26.03,19.6,12.68,29.49,1368.9,553.0,44.53,2.43,451.0,48.9,34.0,198.8,Germany,USDA,2024
784,Onion,Vegetables,324.2,5.46,56.54,47.04,15.09,56.87,82.5,44.3,109.03,10.94,255.2,3.0,94.0,18.9,Canada,USDA,2022
3567,Egg,Oils,525.4,45.96,18.14,89.95,19.33,50.12,,744.2,130.38,11.89,,39.0,80.0,237.5,Australia,Kaggle FoodDB,2020
3139,Milk (Whole) (HK),Dairy,478.9,27.0,70.84,27.32,7.9,6.33,1464.0,405.9,21.79,7.19,217.2,47.0,34.0,241.7,USA,Kaggle FoodDB,2018
230,Cheddar Cheese,seafood,,,20.94,107.12,19.81,29.85,92.9,909.4,9.43,2.83,463.5,13.1,92.0,44.3,Canada,NutritionData.self.com,2018.
858,Turkey Breast (PK),Grains,435.4,0.53,10.75,55.02,9.32,23.66,416.5,451.1,69.04,,446.5,24.3,39.0,123.9,Mexico,FAO,2023
1667,Oats,Proteins,203.5,16.67,45.94,75.31,18.84,,1022.7,115.2,26.18,0.65,257.8,86.3,60.0,275.3,Germany,Kaggle FoodDB,2021
1402,Salmon,seafood,167.5,44.13,36.21,95.49,14.61,26.59,24.0,98.3,141.16,15.17,338.8,40.6,40.0,143.0,Mexico,FAO,2024
3214,GREEK YOGURT,PROTEINS,630.7,27.93,74.12,68.8,,18.62,1405.3,778.7,132.67,,51.1,47.2,39.0,83.3,Canada,OpenFoodFacts,2023
409,Apple,Oils,816.7,16.12,48.81,38.13,14.13,25.6,1200.5,788.9,154.04,1.94,32.3,74.9,100.0,154.6,China,NutritionData.self.com,2020
171,Orange,Fruits,616.3,21.33,41.51,20.31,19.78,19.96,,19.0,15.46,8.77,211.9,87.9,96.0,131.3,Canada,Kaggle FoodDB,2020
541,Corn,Vegetables,859.6,5.42,8.36,49.89,,38.14,,311.0,107.85,16.72,157.5,40.2,29.0,262.8,USA,FAO,2020.
3631,Watermelon,Dairy,680.2,33.74,14.52,109.81,,,4.3,4.2,156.61,1.12,31.9,36.8,43.0,192.7,Nigeria,OpenFoodFacts,2024
79,Milk (Whole) (UE),Nuts & Seeds,335.4,24.23,4.55,9.22,15.73,21.09,802.3,516.3,18.4,9.62,476.7,1.3,73.0,117.8,Brazil,OpenFoodFacts,2024
2733,Peas (CU),Oils,70.9,0.14,50.28,21.65,9.26,49.26,1153.5,549.2,15.13,4.89,,24.0,108.0,136.4,India,OpenFoodFacts,2024
614,Strawberry (VU),nuts & seeds,91.9,,27.86,42.33,12.63,1.14,1632.0,121.1,45.02,12.35,407.8,16.2,52.0,110.3,China,Kaggle FoodDB,2024
2046,Kale,Seafood,656.1,19.21,7.64,,2.87,45.25,821.7,383.1,182.29,15.32,340.5,11.3,107.0,169.5,UK,FAO,2019
2026,Banana,Legumes,248.9,24.72,4.84,38.05,,58.28,1498.0,294.6,109.29,,468.1,46.6,21.0,72.0,Australia,FAO,2019
3666,Pork Loin (LG),Dairy,405.6,27.99,,64.81,17.13,18.53,721.0,819.7,59.38,3.85,34.4,54.3,109.0,234.4,Mexico,NutritionData.self.com,2020
1162,Apple,Proteins,133.4,15.13,25.98,72.2,1.56,21.45,1293.3,1038.7,57.86,7.0,476.1,71.4,38.0,97.4,USA,NutritionData.self.com,2021
2192,Chicken Breast (GN),Vegetables,818.3,24.37,18.67,86.05,3.7,23.24,189.5,204.7,173.95,10.54,178.0,1.8,54.0,189.0,Canada,Kaggle FoodDB,2024
2518,Spinach,Dairy,439.6,,78.91,64.93,15.72,53.63,1585.8,753.2,3.05,8.74,156.1,57.2,94.0,270.6,India,Kaggle FoodDB,2018
3048,Celery,Dairy,324.9,1.66,44.84,16.63,10.25,11.35,605.4,1040.3,189.81,,339.8,12.9,46.0,78.4,Australia,FAO,2023
3063,Quinoa (NK),legumes,547.2,47.44,15.55,104.3,6.69,32.74,1326.2,561.0,18.22,6.88,,35.3,38.0,235.0,India,Kaggle FoodDB,2018
1618,Peanut Butter,Fruits,602.4,18.63,3.0,38.87,0.93,3.19,411.9,1066.9,174.4,6.63,82.8,11.7,82.0,228.6,Australia,Kaggle FoodDB,2022
2340,Pork Loin,Seafood,388.7,26.73,,1.68,17.57,47.78,424.1,325.7,102.61,0.37,405.2,74.8,N/A,176.1,Mexico,FAO,2021.
565,LENTILS,Fruits,328.5,,3.73,,12.21,19.79,600.4,91.9,91.3,9.88,330.1,97.1,44.0,275.5,Canada,OpenFoodFacts,2018
3806,Zucchini (SK),Proteins,873.4,,10.18,98.19,14.51,23.73,,625.4,24.15,7.63,250.6,80.5,82.0,44.2,USA,Kaggle FoodDB,2023.
4721,Garlic,Grainss,323.6,38.53,49.08,64.72,9.4,,1048.5,0.8,130.86,13.21,187.1,32.3,4.0,254.6,Brazil,OpenFoodFacts,2024.
4820,Celery,Grains,195.3,17.71,41.77,96.67,8.17,,532.8,109.3,51.75,3.64,382.9,74.5,62.0,295.3,UK,Kaggle FoodDB,2018
2805,Tuna (Canned),Nuts & Seeds,478.9,5.85,65.37,,18.29,23.68,156.2,502.7,90.63,15.78,281.9,16.3,70.0,146.5,India,NutritionData.self.com,2021
3361,Carrot  ,Legumes,720.7,40.65,20.59,1.46,14.54,36.12,684.7,114.6,181.82,,354.0,11.4,75.0,96.2,Nigeria,OpenFoodFacts,2020
1558,Shrimp (GT),seafood,381.7,2.74,65.73,64.05,6.44,44.06,105.7,534.8,172.04,7.68,310.6,35.2,17.0,59.6,UK,Kaggle FoodDB,2023
1358,Cheddar Cheese (SB),Fruits,391.1,22.96,73.77,70.02,8.13,,600.2,945.2,58.56,14.28,337.9,78.8,23.0,175.1,USA,USDA,2019
3705,Celery,Oils,,13.21,37.98,5.41,18.54,12.34,173.0,614.8,10.5,4.03,40.8,65.9,73.0,179.0,China,Kaggle FoodDB,2018
1766,Greek Yogurt (NV),Vegetables,305.7,45.3,50.72,25.85,19.56,5.5,308.4,81.4,189.52,2.06,333.7,24.8,41.0,27.8,Brazil,FAO,2022
4399,Bell Pepper,Seafood,169.5,24.47,61.87,42.04,2.93,24.65,70.6,849.4,114.1,0.06,441.5,42.4,92.0,276.8,Mexico,NutritionData.self.com,2019
2695,Brown Rice,Proteins,867.9,46.81,57.77,7.56,14.96,18.63,1332.8,975.6,25.12,12.44,262.8,5.9,42.0,162.3,India,OpenFoodFacts,2020
4667,Cucumber,Proteins,112.8,,11.67,57.17,10.0,31.28,709.8,466.4,98.79,0.35,428.3,27.5,25.0,296.3,Australia,OpenFoodFacts,2024
4941,Blueberries,Fruits,320.8,46.94,38.83,11.04,2.39,50.13,1435.6,1077.4,171.3,19.77,428.4,23.6,31.0,52.5,Brazil,OpenFoodFacts,2022
1173,Blueberries,Vegetables,576.0,2.82,75.49,102.17,2.48,11.37,1369.1,1180.2,42.25,7.62,268.9,79.5,51.0,286.1,USA,NutritionData.self.com,2023
4522,Spinach,Proteins,527.9,30.56,75.35,82.24,7.1,39.55,1691.3,825.9,121.39,1.93,,61.4,91.0,126.8,India,FAO,2022
326,PINEAPPLE,Oils,669.3,28.97,19.38,66.41,5.72,42.34,1811.5,66.8,166.11,11.66,221.9,78.8,20.0,125.3,Germany,USDA,2023
1052,Quinoa,Vegetables,485.5,47.52,10.67,63.08,4.36,25.9,696.8,702.3,21.24,19.97,373.9,82.2,61.0,126.8,Australia,NutritionData.self.com,2018
3138,Beef (Lean),Grainss,669.4,48.19,0.34,105.95,16.81,14.18,1308.1,1045.1,64.14,1.43,308.1,15.5,105.0,27.9,Nigeria,USDA,2024.
4991,Broccoli (RG),Grains,878.4,22.57,75.14,68.95,10.74,28.03,391.7,193.7,84.46,10.66,221.3,31.2,35.0,240.6,China,OpenFoodFacts,2023
3075,Black Beans (KK),Nuts & Seeds,545.9,41.68,76.04,7.65,9.99,45.63,,416.7,55.17,13.95,201.7,21.1,60.0,85.5,Mexico,OpenFoodFacts,2020
4848,Carrot,Nuts & Seeds,144.3,18.45,79.1,8.52,0.55,3.44,1650.8,456.4,160.4,13.28,257.7,80.9,57.0,250.8,Australia,Kaggle FoodDB,2024
1670,Blueberries,Legumes,739.4,6.6,1.69,41.83,7.2,7.7,1990.1,78.7,126.07,,435.0,76.7,15.0,66.3,India,OpenFoodFacts,2019
1197,Green Beans,Vegetables,876.7,12.25,66.82,85.21,17.43,37.11,1599.8,251.0,86.49,18.61,71.3,10.9,2.0,205.4,Australia,OpenFoodFacts,2023
621,Orange,Proteins,182.4,5.18,28.61,51.37,9.97,50.02,1168.9,720.7,3.5,3.85,492.6,67.0,95.0,134.1,USA,USDA,2022
1527,Green Beans,Grains,270.7,1.34,8.85,52.69,12.05,54.71,1778.9,159.5,35.06,0.24,6.9,61.1,68.0,59.8,Canada,USDA,2019
3067,Celery,Vegtables,33.3,,48.8,24.32,,5.92,1254.7,114.1,57.89,18.25,307.9,5.8,59.0,57.6,Brazil,NutritionData.self.com,2020.
1483,Greek Yogurt,Legumes,499.2,31.17,44.61,4.72,1.75,6.15,1444.9,648.3,,5.36,405.6,58.5,38.0,174.5,China,NutritionData.self.com,2023
1190,Almonds,PROTEINS,643.2,,51.21,77.48,18.67,28.83,290.0,1014.1,148.94,8.92,44.3,58.3,19.0,29.4,Australia,NutritionData.self.com,2024
329,Banana (RH),Nuts & Seeds,389.2,22.03,39.31,117.15,11.91,3.65,311.9,839.3,77.21,9.31,20.8,88.8,95.0,153.5,China,OpenFoodFacts,2019
649,Onion,Seafood,714.5,31.32,79.41,23.42,0.2,51.17,191.7,78.7,64.49,8.24,224.9,62.4,11.0,261.3,USA,FAO,2023
898,Pineapple (VG),Oils,808.8,16.84,17.28,106.9,2.12,52.15,44.8,732.6,193.83,,338.2,51.6,101.0,283.3,India,Kaggle FoodDB,2020
2094,Lamb,Fruits,,6.44,67.93,36.07,5.39,,1408.1,533.9,155.24,3.08,171.6,48.1,9.0,128.0,India,Kaggle FoodDB,2020.
1124,Lentils,Proteins,732.4,49.97,50.74,45.24,15.95,24.74,728.9,895.5,24.63,17.31,353.9,79.5,104.0,166.3,China,OpenFoodFacts,2018
2081,Mango,seafood,43.9,16.85,46.47,54.93,17.85,58.04,1692.2,394.3,38.07,16.28,360.9,35.9,109.0,36.2,China,Kaggle FoodDB,2020
4786,Cottage Cheese,Oils,351.6,38.44,61.99,69.41,8.8,19.27,1049.6,307.9,160.79,17.41,318.5,42.5,N/A,297.2,USA,FAO,2022.
3821,Beef (Lean) (WH),Fruits,328.7,4.29,14.04,114.47,7.57,22.95,1294.3,857.0,111.14,14.9,421.0,89.5,19.0,133.0,Canada,OpenFoodFacts,2022.
3545,Egg,Grains,780.9,19.96,17.53,40.19,17.87,3.81,1048.7,130.2,130.44,19.66,422.0,69.8,20.0,286.0,Australia,FAO,2018
2136,Apple,Oils,803.4,36.95,27.81,114.25,6.15,,185.3,1041.3,43.34,18.17,,74.0,83.0,18.1,Canada,Kaggle FoodDB,2024
2479,APPLE,Oils,129.8,43.59,21.77,82.85,13.55,45.13,1419.0,488.1,19.64,13.77,358.6,82.1,N/A,284.5,Canada,Kaggle FoodDB,2021
1601,Cottage Cheese (JL),Fruits,188.8,26.72,30.8,48.36,19.13,,606.4,1175.3,181.91,17.46,33.2,66.4,6.0,100.5,Brazil,NutritionData.self.com,2022
3530,Milk (Whole),Nuts & Seeds,407.0,31.79,6.66,80.7,12.82,19.61,1416.9,403.0,23.18,14.84,397.7,86.3,40.0,101.6,India,Kaggle FoodDB,2020
2283,Oats,Nuts & Seeds,435.8,,17.11,47.01,17.77,48.68,1902.5,427.0,25.61,7.7,414.9,69.2,4.0,156.2,Germany,USDA,2021
1520,Zucchini (IX),Legumes,835.8,7.87,68.37,13.39,17.26,17.0,1159.8,143.0,119.09,4.43,425.0,76.7,84.0,147.9,Germany,USDA,2024
1559,Carrot (EK),Legumes,759.1,37.77,,97.87,17.04,1.3,585.9,164.1,96.89,,356.4,42.6,69.0,23.5,Germany,FAO,2023
3468,Greek Yogurt,nuts & seeds,607.6,26.06,67.48,13.04,7.6,58.32,267.9,630.7,9.81,6.6,376.3,0.1,83.0,19.5,Canada,OpenFoodFacts,2022.
1024,Orange (HS),Legumes,874.5,5.05,38.76,52.94,4.46,5.44,1826.2,206.2,42.91,2.84,397.1,68.1,91.0,131.8,USA,NutritionData.self.com,2018
4569,Lamb (TG),Grains,,24.86,61.71,9.93,,7.34,1918.6,1118.1,164.32,18.02,336.9,17.4,26.0,96.3,Canada,NutritionData.self.com,2023
4123,Corn (AX),Grains,634.1,32.91,51.68,29.62,12.5,14.02,600.0,58.4,150.51,0.32,133.3,71.1,108.0,255.4,Australia,Kaggle FoodDB,2022
3471,Blueberries,Oils,36.8,11.08,12.44,62.1,9.06,30.51,568.0,996.6,,19.52,214.9,4.8,53.0,131.7,China,USDA,2022
4852,Carrot (NA),Vegetables,355.8,,58.39,28.92,18.03,23.6,1090.6,549.9,93.24,10.77,241.6,88.6,2.0,38.5,Australia,FAO,2024
4619,Onion,Seafood,,36.14,62.21,95.64,6.76,21.61,1622.2,736.4,,4.35,256.0,36.6,88.0,16.1,China,Kaggle FoodDB,2022
4232,Green Beans,Nuts & Seeds,509.7,6.22,56.39,22.36,8.0,26.59,1149.8,896.2,18.11,8.74,20.2,18.1,N/A,246.2,UK,NutritionData.self.com,2018
810,Black Beans,PROTEINS,119.6,20.87,47.67,28.16,16.29,53.15,1206.1,734.2,90.46,8.02,137.4,14.2,47.0,80.2,China,OpenFoodFacts,2018
3036,Zucchini,Vegetables,263.2,5.04,53.92,114.04,15.0,23.36,1456.4,1028.6,65.92,17.44,285.2,97.2,N/A,44.7,China,USDA,2022
979,Beef (Lean),nuts & seeds,456.8,-1.0,36.63,21.31,5.72,47.17,479.8,1131.9,1.26,3.31,,84.0,20.0,78.5,USA,FAO,2019
2230,Kale,Legumes,283.9,21.23,21.7,,2.35,59.84,532.8,1034.7,72.86,15.3,,93.1,87.0,204.7,Brazil,NutritionData.self.com,2021
4066,White Rice,Dairy,110.5,23.27,70.42,22.59,14.54,29.27,1862.3,997.2,,2.58,48.1,85.4,31.0,189.4,Canada,FAO,2018
1882,Cottage Cheese,Proteins,788.5,10.37,17.33,97.49,11.35,14.1,1051.6,279.5,82.05,3.37,66.7,75.1,101.0,80.0,Canada,FAO,2023
1863,Green Beans,Seafood,176.1,47.89,64.73,32.23,10.31,14.37,899.8,1038.1,178.79,20.0,,30.2,66.0,245.4,Australia,USDA,2022
3987,Spinach,Nuts & Seeds,103.9,18.86,,103.24,5.27,59.88,1008.8,4.1,66.61,17.19,101.1,77.2,30.0,95.7,UK,FAO,2024
2035,Spinach,Vegetables,555.5,22.34,70.15,58.02,18.85,6.39,1605.6,922.3,141.04,9.79,39.7,74.3,4.0,123.1,Mexico,USDA,2024.
2750,Peas,Vegetables,579.6,33.15,29.75,44.37,6.58,31.68,1329.3,832.3,67.23,,110.7,39.7,26.0,278.1,UK,Kaggle FoodDB,2022
1663,Green Beans (QR),Seafood,829.1,17.4,50.37,104.29,3.21,36.04,357.3,927.5,128.19,14.81,90.6,4.4,15.0,77.8,Germany,OpenFoodFacts,2018
2017,Avocado,Proteins,325.7,12.14,5.81,38.33,15.94,42.18,1707.7,729.1,110.3,8.85,211.3,48.8,100.0,17.5,UK,Kaggle FoodDB,2020
4410,Zucchini,Vegetables,508.2,25.47,35.02,41.06,5.01,27.17,315.5,729.9,191.5,5.04,197.2,18.7,93.0,214.8,Canada,OpenFoodFacts,2022
175,Peanut Butter,Legumes,587.8,22.35,14.75,114.18,7.69,37.39,828.5,338.1,139.62,10.78,286.1,54.5,46.0,174.7,Australia,NutritionData.self.com,2022
4949,Garlic,Vegetables,728.5,25.62,36.17,57.85,3.62,,1467.3,1182.3,131.59,7.93,351.9,62.7,37.0,86.7,USA,Kaggle FoodDB,2023.
4288,Sweet Potato (CD),Legumes,527.7,41.03,68.79,28.46,11.15,21.5,,352.1,139.79,,198.3,50.2,50.0,79.0,Mexico,FAO,2018
1653,PEAS,Oils,251.5,,5.92,47.46,12.94,12.09,1044.3,898.3,61.64,15.98,333.9,30.5,N/A,50.9,Nigeria,OpenFoodFacts,2023
4601,Bread (Whole Wheat),Grains,194.8,1.06,12.47,24.54,11.4,15.63,1525.7,452.9,190.35,6.49,55.5,26.2,58.0,110.2,Mexico,FAO,2024
218,Tomato,Grains,676.9,37.14,25.2,11.71,8.79,45.35,200.9,602.1,53.77,12.99,428.1,18.9,55.0,246.3,China,OpenFoodFacts,2019
4581,Apple,Vegetables,842.4,13.79,38.56,86.27,10.08,59.57,1813.0,302.2,172.19,4.0,177.6,66.2,30.0,273.6,Brazil,USDA,2019
3966,Tomato,Vegetables,712.9,33.11,57.82,20.44,9.76,33.67,1809.1,1136.5,170.05,2.08,,19.0,N/A,293.3,Canada,OpenFoodFacts,2023
1445,Bread (Whole Wheat),Vegtables,784.0,29.8,38.74,11.18,9.93,57.5,787.5,1026.8,,15.93,,25.8,103.0,97.2,Mexico,OpenFoodFacts,2024.
691,Almonds,Nuts & Seeds,304.8,11.72,58.03,21.27,6.65,51.34,671.1,520.2,25.6,10.68,111.7,32.9,82.0,51.9,Canada,NutritionData.self.com,2021
191,Mushroom,Proteins,101.9,16.68,50.43,117.5,1.03,54.59,725.6,777.1,82.96,12.5,117.2,95.1,74.0,44.0,China,FAO,2018
2379,Brown Rice,Nuts & Seeds,412.8,29.48,42.18,115.88,17.51,50.58,1017.2,338.1,148.42,0.84,308.4,91.8,104.0,179.6,India,OpenFoodFacts,2021
2858,PASTA,Proteins,54.3,11.64,49.96,84.06,4.69,41.69,,880.7,76.91,13.3,12.6,35.7,49.0,259.5,Mexico,Kaggle FoodDB,2022
1107,Green Beans,Dairy,368.7,24.7,63.15,56.64,13.27,0.32,1965.2,963.8,190.16,6.43,6.1,75.4,36.0,90.0,Nigeria,FAO,2021
1704,TOMATO (CU),Proteins,465.4,,27.65,69.21,7.26,13.57,205.3,297.0,26.74,0.58,434.9,17.4,15.0,59.1,Nigeria,Kaggle FoodDB,2023.
819,Strawberry,Nuts & Seeds,68.2,46.45,16.14,7.78,9.36,45.35,1366.0,452.4,94.13,16.11,383.1,46.4,27.0,245.7,India,USDA,2024
1706,Black Beans (LK),Dairy,113.0,40.92,50.88,9.15,15.05,25.11,1976.4,108.4,168.56,,244.0,55.4,81.0,189.0,Germany,NutritionData.self.com,2024
612,Lamb (MH),Grains,723.5,33.57,60.15,88.28,10.01,18.61,551.9,189.3,8.57,13.2,181.4,25.5,4.0,169.9,USA,NutritionData.self.com,2018
3064,Peanut Butter,Proteins,568.8,8.57,77.91,119.75,12.61,13.58,855.1,94.3,19.32,8.57,253.2,72.3,48.0,26.2,India,Kaggle FoodDB,2019
4990,White Rice,Nuts & Seeds,697.4,40.81,68.38,113.86,18.41,,924.5,1182.3,,14.82,94.3,12.7,106.0,55.7,China,Kaggle FoodDB,2019.
3956,Peas,Grains,784.2,16.2,56.58,108.2,10.04,3.23,925.3,819.5,181.7,8.18,198.5,93.3,106.0,71.9,China,NutritionData.self.com,2019
577,Olive Oil (CQ),Vegetables,149.4,32.54,78.12,55.6,15.66,15.9,188.1,1145.6,129.34,16.99,123.2,75.5,49.0,158.5,UK,Kaggle FoodDB,2023.
2195,Kale (EL),Fruits,117.7,40.66,24.9,17.83,4.6,34.71,815.0,416.6,94.11,1.47,379.8,5.1,18.0,127.0,Nigeria,OpenFoodFacts,2019
4575,Lamb,Grainss,688.8,,27.37,93.02,12.38,28.26,1262.0,846.4,43.14,12.59,227.1,9.3,97.0,263.9,Germany,USDA,2018
1181,CELERY,Dairy,867.4,29.72,57.9,102.74,3.08,37.98,402.5,880.0,31.27,16.18,,88.7,97.0,103.9,China,USDA,2023
889,GREEN BEANS (XG),Proteins,,40.06,65.54,61.42,17.68,7.47,,560.9,132.03,2.21,290.4,68.8,29.0,133.8,Brazil,OpenFoodFacts,2018
3338,Mushroom,Seafood,687.7,,24.8,24.97,16.41,41.69,1839.2,1052.0,140.42,11.52,452.0,65.2,82.0,209.6,Nigeria,FAO,2024
2025,Onion,Grains,388.5,30.23,35.16,94.72,5.92,,105.5,875.8,,9.74,168.7,17.5,41.0,271.9,Australia,OpenFoodFacts,2023.
2838,Broccoli,Grains,59.5,34.62,32.05,51.51,3.81,20.48,1405.6,1078.1,55.76,1.14,141.5,27.6,9.0,38.7,Germany,FAO,2023
818,Quinoa,legumes,371.1,29.08,56.02,112.24,6.04,8.86,,1063.2,157.12,,306.2,10.2,105.0,272.1,Brazil,NutritionData.self.com,2021
3494,Green Beans,Fruits,797.0,46.94,,77.64,8.62,6.74,575.3,1114.1,39.92,5.54,,81.3,40.0,123.2,Australia,NutritionData.self.com,2021
3674,CUCUMBER (IJ),Legumes,,10.79,22.92,102.22,19.76,18.16,200.2,616.9,163.03,,8.8,10.1,58.0,87.0,China,FAO,2022
209,Sweet Potato,Vegetables,24.5,43.49,2.28,16.08,11.96,40.49,348.4,910.0,198.14,7.42,330.5,8.1,85.0,258.3,Canada,FAO,2022
294,Broccoli,Seafood,337.0,1.19,54.18,82.97,18.23,36.36,1832.7,95.5,129.58,3.73,304.8,88.4,76.0,266.0,Australia,FAO,2024
1120,Garlic,Oils,134.0,33.64,35.14,28.09,12.51,17.22,549.2,1136.1,169.85,5.7,396.0,62.8,105.0,184.7,China,OpenFoodFacts,2024
3404,Cheddar Cheese,Proteins,307.4,26.97,37.63,70.73,16.4,18.15,831.4,1006.1,169.38,4.42,350.3,18.9,99.0,182.1,Australia,Kaggle FoodDB,2021
3356,Tofu,Fruits,87.7,15.93,57.97,75.33,17.84,12.25,1722.5,87.2,,9.82,11.3,90.3,78.0,119.2,China,USDA,2024
1265,Lentils,Proteins,30.2,42.14,,22.45,7.89,32.94,1104.3,954.4,68.74,7.4,57.6,28.1,43.0,244.5,China,OpenFoodFacts,2022
991,Cucumber,Grains,723.5,0.76,,73.02,13.96,50.61,391.2,1086.9,153.35,,394.4,52.6,98.0,43.2,Nigeria,Kaggle FoodDB,2021
2424,Bell Pepper,Fruits,,20.85,37.28,117.09,,31.65,1984.6,968.1,65.94,10.71,,64.0,88.0,239.7,Brazil,NutritionData.self.com,2023
3983,Cucumber,Grains,217.4,31.91,20.68,14.78,14.75,12.57,607.2,56.0,83.49,2.18,412.9,9.5,78.0,78.7,Australia,Kaggle FoodDB,2018
4329,Mango,Grains,95.8,16.95,23.75,9.07,13.41,52.9,1966.6,1153.6,10.3,1.05,57.9,13.6,79.0,263.7,China,NutritionData.self.com,2018
1808,Apple (UQ),Vegetables,,21.37,4.14,114.04,6.28,28.77,1793.3,768.5,65.9,10.73,52.9,84.9,45.0,165.6,USA,OpenFoodFacts,2024
354,Garlic,Oils,163.4,26.96,65.69,,12.04,49.67,1353.2,942.5,146.99,17.61,486.0,47.0,12.0,200.3,Germany,USDA,2024
4904,Mushroom,Proteins,290.8,27.96,16.41,7.47,2.55,15.56,1838.7,537.5,73.6,12.89,,1.0,N/A,204.8,Mexico,OpenFoodFacts,2023
1659,Spinach,Legumes,369.3,6.84,29.75,25.86,19.37,53.21,237.9,668.5,72.12,,111.7,34.2,88.0,100.2,Mexico,NutritionData.self.com,2020
3245,Spinach (ZW),Fruits,637.9,16.71,58.06,34.86,13.23,59.59,590.7,894.8,3.0,7.88,,15.8,1.0,36.9,Brazil,OpenFoodFacts,2022
1490,Black Beans,Oils,414.9,35.76,38.6,36.27,2.2,42.1,533.9,126.4,73.04,4.52,495.6,54.4,6.0,224.8,Australia,FAO,2021
3483,Almonds,Nuts & Seeds,263.8,46.4,49.34,105.83,11.89,9.11,29.6,910.6,163.4,16.01,20.3,21.5,35.0,258.2,Mexico,USDA,2021.
4088,Turkey Breast,Seafood,553.3,49.0,22.53,107.44,15.02,9.56,661.1,513.6,197.27,8.34,,39.6,5.0,119.6,Australia,USDA,2020
3251,Spinach,Seafood,488.6,46.08,58.31,20.66,19.35,10.07,,497.9,194.29,13.37,455.9,29.8,48.0,194.6,China,NutritionData.self.com,2018.
1229,Oats,Grains,885.9,39.06,21.36,10.03,2.2,38.89,1874.1,808.9,119.41,7.37,161.3,24.6,66.0,29.7,Germany,NutritionData.self.com,2019.
260,Mango,Grains,105.5,43.9,6.72,77.01,10.16,35.91,1908.8,174.8,112.66,1.35,36.2,64.2,68.0,176.5,UK,Kaggle FoodDB,2022
1695,Brown Rice,Nuts & Seeds,343.4,,20.89,,3.99,10.25,202.3,324.6,195.18,15.89,430.7,61.7,91.0,158.8,Nigeria,Kaggle FoodDB,2018
3754,TOMATO,Vegetables,628.1,8.76,18.76,16.04,10.13,24.35,1997.9,202.8,,12.83,93.3,95.3,87.0,284.8,Australia,USDA,2021
4887,Banana (UF),oils,321.8,44.58,34.99,,4.6,,1894.1,376.0,91.43,5.36,298.7,30.8,99.0,35.6,Australia,USDA,2019
1979,Spinach (SG),Legumes,788.0,38.59,37.43,11.94,19.06,20.79,1204.2,475.4,,10.12,136.6,79.1,42.0,247.2,Nigeria,OpenFoodFacts,2022
2707,Brown Rice,Vegetables,125.8,27.75,14.48,88.29,11.14,11.22,1902.0,781.2,175.52,18.15,68.2,18.2,N/A,139.3,Germany,FAO,2023
53,Kale,Dairy,846.8,9.37,,10.08,11.45,28.32,1151.7,559.2,193.99,4.26,129.0,24.2,6.0,208.0,Germany,FAO,2022
2338,Orange  ,Dairy,344.8,13.5,,31.62,3.17,2.52,1642.4,260.3,15.99,18.64,148.0,3.2,104.0,135.2,Nigeria,NutritionData.self.com,2021
412,Black Beans (FU),Vegetables,856.1,13.75,62.82,66.82,14.47,24.84,,504.1,67.38,8.55,242.9,3.8,40.0,271.4,Brazil,FAO,2023
2334,Lamb,Oils,624.2,25.97,76.53,108.62,15.41,56.74,1821.6,660.5,,14.51,135.2,46.7,109.0,252.9,Mexico,NutritionData.self.com,2022.
4583,Pork Loin,Legumes,,7.31,37.0,90.13,7.85,35.63,1208.8,278.7,31.57,0.44,87.4,92.2,90.0,154.7,UK,USDA,2019
4085,Greek Yogurt,Grains,,16.53,14.95,110.86,19.59,,99999.0,1054.8,129.15,3.72,140.3,32.9,12.0,165.3,Australia,OpenFoodFacts,2019
2496,Beef (Lean),Seafood,453.2,4.01,79.37,61.8,,49.17,1364.4,671.3,156.56,1.32,220.2,48.6,42.0,190.5,Nigeria,USDA,2021
2747,Greek Yogurt (TN),Proteins,528.9,8.65,7.3,,17.74,,489.3,546.2,15.69,12.0,305.0,55.1,1.0,130.6,Nigeria,USDA,2019
3304,Watermelon,Grainss,302.6,10.82,66.83,,19.38,14.02,,546.6,143.24,8.76,206.6,95.7,41.0,249.9,Germany,FAO,2023.
1480,Beef (Lean),PROTEINS,403.3,6.43,,65.12,5.46,44.02,1927.5,361.9,17.34,11.25,,7.6,30.0,207.1,UK,Kaggle FoodDB,2022
1508,Chicken Breast,Dairy,489.6,45.77,12.83,42.09,13.83,12.88,817.8,814.6,46.92,14.5,425.9,58.8,89.0,209.4,UK,OpenFoodFacts,2023
1034,Spinach,Legumes,126.1,11.76,58.27,50.14,0.3,5.39,1268.2,1119.7,187.01,18.86,318.6,88.0,93.0,149.6,Mexico,Kaggle FoodDB,2019
1098,Apple,Legumes,184.1,42.64,66.1,46.88,1.15,56.58,753.3,551.4,95.53,18.72,88.9,15.2,42.0,292.3,Nigeria,USDA,2024
1470,Lentils,Legumes,708.5,,68.61,28.51,8.54,24.33,636.5,982.3,118.55,5.4,176.5,41.8,103.0,86.8,Germany,NutritionData.self.com,2018
544,Garlic,Legumes,611.1,41.43,61.38,89.31,0.45,35.22,658.6,922.7,166.71,18.85,470.8,11.6,2.0,290.2,India,FAO,2019
1047,Orange (IU),Nuts & Seeds,225.0,5.38,3.22,110.66,7.73,32.18,,369.4,4.87,17.82,155.5,38.4,81.0,80.6,Brazil,NutritionData.self.com,2023
4714,Cottage Cheese,Seafood,681.9,11.4,24.58,0.41,5.3,35.79,755.1,1070.1,18.12,14.5,449.8,73.9,N/A,225.9,UK,Kaggle FoodDB,2020.
1756,Peas,Proteins,725.4,,40.63,76.06,0.33,22.63,447.9,424.2,23.27,14.71,187.3,71.5,33.0,17.8,Canada,USDA,2020
31,Quinoa,Dairy,554.6,15.21,,77.45,,32.25,1263.3,989.9,90.14,17.98,,23.3,29.0,143.3,Germany,FAO,2021
726,Mango (ER),Nuts & Seeds,760.8,32.21,31.57,6.12,17.45,8.34,489.2,921.8,19.83,2.13,373.5,55.5,106.0,267.1,Mexico,OpenFoodFacts,2023
4391,PEANUT BUTTER,Oils,183.0,47.46,0.68,107.42,16.48,14.32,1376.8,275.9,,18.29,265.9,27.0,58.0,37.1,Germany,NutritionData.self.com,2021
2229,Pork Loin  ,Dairy,281.6,,44.02,63.06,10.51,,1350.0,615.1,199.23,17.39,321.2,90.8,13.0,146.6,China,Kaggle FoodDB,2021
900,Lentils,legumes,95.2,26.7,24.99,8.58,10.07,8.74,1705.6,899.0,87.06,,438.0,66.0,66.0,47.9,Mexico,USDA,2020
1427,Orange (IG),Oils,24.3,47.38,8.02,32.33,5.99,22.75,,817.7,178.83,,331.5,79.6,38.0,18.8,Canada,NutritionData.self.com,2022
2544,Avocado,Dairy,560.0,49.46,17.42,119.22,17.05,31.39,367.8,176.0,139.84,3.19,317.9,95.1,46.0,248.3,USA,OpenFoodFacts,2021
2659,Pork Loin,Seafood,206.6,23.9,43.14,9.73,2.33,56.09,382.7,379.2,8.14,6.98,98.2,24.4,100.0,214.2,China,OpenFoodFacts,2024
437,Kale (XH),Nuts & Seeds,84.0,,22.97,95.71,,,437.0,109.4,3.35,2.69,22.2,59.7,108.0,188.2,Mexico,USDA,2022
2631,Banana (GY),Dairy,576.8,24.48,39.21,,17.15,,1152.6,291.8,66.15,19.89,98.1,69.4,N/A,214.6,Mexico,NutritionData.self.com,2022
913,Salmon (WC),Seafood,569.3,35.55,16.2,94.76,14.74,11.4,,751.3,89.07,,310.8,27.0,34.0,206.0,China,USDA,2022
4354,Strawberry (HE),Oils,863.0,10.16,28.15,47.8,3.15,37.34,5.3,1018.0,150.09,4.26,,33.5,33.0,22.9,China,FAO,2019
1589,Milk (Whole),Seafood,396.8,9.63,62.76,5.2,11.67,54.09,1306.2,1175.9,96.72,15.4,422.9,76.0,35.0,254.1,UK,FAO,2019
4295,Turkey Breast,Grains,368.8,47.44,62.42,114.17,6.1,1.78,697.3,45.2,91.32,14.61,111.8,29.0,105.0,129.1,Australia,NutritionData.self.com,2022
4652,Corn (YX),Vegetables,,8.18,43.39,57.88,3.56,38.38,1441.2,1147.0,142.95,4.6,216.6,66.9,70.0,292.5,India,NutritionData.self.com,2021
3549,Sweet Potato (DE),Vegetables,286.1,19.47,68.75,102.66,19.65,46.73,,1093.5,31.02,8.43,,58.7,73.0,145.8,Germany,USDA,2022
1591,Shrimp,Dairy,629.3,22.75,37.82,45.59,12.07,53.58,1790.1,533.2,5.71,,119.5,1.2,3.0,91.6,Nigeria,OpenFoodFacts,2023.
2438,Mango,Vegetables,319.5,11.45,26.54,72.74,19.92,,1945.1,549.6,10.31,5.18,470.8,18.1,75.0,74.9,Nigeria,Kaggle FoodDB,2024
1770,Carrot,Vegetables,367.1,16.48,1.77,67.72,9.89,,1467.1,102.5,2.82,14.11,223.8,95.5,7.0,206.0,Nigeria,USDA,2020
1239,Bread (Whole Wheat),Grainss,872.0,43.35,37.0,54.28,6.1,4.5,185.5,612.7,36.15,2.44,38.5,75.7,92.0,187.1,Canada,USDA,2024
904,Pasta,Grains,533.1,18.85,52.5,26.55,14.22,0.67,1811.7,1.1,39.25,10.48,25.3,98.3,4.0,31.8,China,NutritionData.self.com,2023
3387,BREAD (WHOLE WHEAT),Grainss,234.2,48.78,48.59,62.94,2.42,41.36,1697.3,0.7,100.68,5.51,484.3,67.4,60.0,198.4,Australia,OpenFoodFacts,2024
4882,Mushroom,Proteins,432.8,28.33,16.02,91.83,3.94,59.98,1972.7,837.9,66.09,9.26,413.5,18.6,57.0,261.5,Germany,USDA,2024.
4594,Bread (Whole Wheat) (PB),Proteins,294.7,19.9,44.46,,15.79,50.97,1405.9,761.8,81.75,16.72,496.4,24.6,56.0,246.5,Brazil,Kaggle FoodDB,2022
508,WATERMELON,Grains,743.8,16.21,41.03,,3.7,2.87,616.4,76.9,92.45,4.68,231.0,18.8,32.0,19.4,Mexico,FAO,2019
3435,Banana,Oils,642.5,,31.31,,8.34,34.4,1364.5,830.0,183.96,12.2,350.3,2.7,40.0,90.1,Brazil,NutritionData.self.com,2018
184,Avocado,legumes,792.1,46.78,30.08,61.66,19.45,28.96,229.1,948.0,81.75,9.97,31.7,48.2,90.0,88.6,India,USDA,2018
1747,Chicken Breast,Vegetables,36.9,33.99,0.45,101.1,5.83,27.05,836.4,238.1,192.15,19.78,145.8,10.4,99.0,267.8,Nigeria,Kaggle FoodDB,2018.
1498,Avocado,Seafood,427.9,1.39,31.89,14.71,18.5,7.66,292.0,404.1,,14.25,279.9,82.6,92.0,99.9,Mexico,FAO,2018
2604,Watermelon,Grains,299.5,45.21,31.07,,15.59,42.0,343.8,1187.5,,1.81,286.7,80.3,69.0,296.9,Australia,OpenFoodFacts,2021
322,Turkey Breast,Nuts & Seeds,648.8,14.02,20.26,89.54,10.02,13.4,1873.7,448.8,1.6,7.29,423.2,25.1,35.0,17.1,Germany,FAO,2023
4419,Bread (Whole Wheat),oils,315.1,26.43,77.54,22.17,18.86,0.2,1114.9,31.9,146.38,17.32,4.9,96.3,17.0,280.9,Germany,USDA,2019
4413,Watermelon,Seafood,610.0,37.72,48.84,61.17,16.13,4.29,308.0,732.4,188.23,10.45,463.4,13.9,94.0,107.5,UK,Kaggle FoodDB,2020
2202,EGG (YS),Proteins,117.4,6.86,63.4,86.88,1.64,3.51,824.6,83.7,146.27,3.1,466.6,68.3,65.0,222.4,China,NutritionData.self.com,2018
4746,Orange (BH),Seafood,67.4,34.43,34.7,83.56,12.2,54.04,1054.9,40.5,111.32,4.24,397.4,52.1,77.0,170.6,Brazil,Kaggle FoodDB,2021
3759,Salmon (RY),Dairy,,10.57,14.72,70.41,6.19,,732.3,529.1,,19.77,273.9,26.7,84.0,121.6,China,Kaggle FoodDB,2019
3432,Greek Yogurt,Vegetables,891.8,29.43,74.81,90.06,9.94,15.42,1729.7,714.6,172.85,2.09,23.4,61.6,30.0,259.3,Brazil,OpenFoodFacts,2023
2837,Brown Rice (NH),Fruits,894.1,30.32,,6.44,0.86,1.45,696.8,382.0,102.88,14.57,499.4,46.7,N/A,173.3,Brazil,Kaggle FoodDB,2019
1552,Turkey Breast (HM),Seafood,549.4,,57.93,,7.11,25.98,303.0,307.0,128.66,18.41,475.7,79.4,35.0,62.8,Australia,Kaggle FoodDB,2024
4577,Lentils,Dairy,381.4,35.93,,67.48,6.61,57.4,,594.7,85.52,1.84,64.2,58.6,100.0,108.1,India,Kaggle FoodDB,2018
1147,Chicken Breast,oils,721.7,25.66,37.54,94.24,7.87,15.21,1852.4,533.2,101.15,12.39,6.5,27.0,9.0,107.8,India,OpenFoodFacts,2022.
4910,Chicken Breast (NQ)  ,Nuts & Seeds,,1.62,5.55,94.17,4.73,,200.4,28.9,46.06,6.22,348.3,7.8,49.0,297.1,UK,USDA,2019
2481,Tomato,Oils,262.7,17.21,66.41,70.94,13.61,6.67,14.6,789.2,193.36,,352.7,59.2,19.0,135.9,Nigeria,FAO,2024
45,Cucumber,Oils,247.7,31.21,61.13,,1.24,4.33,671.3,165.2,,,246.8,22.3,32.0,239.6,Brazil,FAO,2023
4700,Quinoa,Nuts & Seeds,884.8,40.47,51.52,72.07,2.79,37.22,1927.4,832.5,132.3,4.61,438.2,7.0,14.0,104.6,USA,Kaggle FoodDB,2021
4120,Onion,Fruits,649.0,43.12,2.52,101.13,12.17,41.95,1794.2,193.8,70.41,1.78,224.6,82.8,55.0,207.3,Germany,Kaggle FoodDB,2024
3846,Corn,Vegtables,597.6,36.65,10.48,104.35,5.97,,,168.5,117.04,3.33,101.6,73.7,88.0,238.3,Mexico,FAO,2021
2658,Almonds (XD),dairy ,768.3,33.5,0.63,110.27,6.24,11.7,850.8,952.7,41.62,2.98,261.8,28.0,13.0,215.9,Mexico,NutritionData.self.com,2020
1379,Salmon,dairy ,336.1,48.4,18.22,63.51,12.93,58.75,424.6,208.3,197.89,19.38,23.9,18.0,95.0,158.1,China,Kaggle FoodDB,2019
1974,Turkey Breast,Dairy,475.9,20.73,49.81,112.48,19.75,41.99,1096.5,713.2,186.79,10.6,54.8,42.5,82.0,21.5,Brazil,USDA,2019
3897,SPINACH,Oils,,16.17,47.74,77.41,12.14,16.54,1646.1,92.1,108.71,14.48,96.3,95.3,4.0,81.5,UK,NutritionData.self.com,2021
414,Watermelon,Legumes,,2.68,23.09,36.88,10.03,23.25,1870.9,721.6,180.03,16.35,,33.5,91.0,253.6,Germany,USDA,2024
4768,Quinoa  ,Grains,105.7,38.07,78.52,12.04,13.73,,1261.0,845.5,186.06,10.29,325.6,72.5,36.0,142.8,India,Kaggle FoodDB,2022
1408,Tuna (Canned),Fruits,729.0,15.8,46.49,23.91,14.67,43.36,1231.1,473.1,172.97,10.1,359.8,39.6,74.0,115.2,Brazil,USDA,2018
2408,Pineapple (SO),Vegetables,,48.54,17.38,58.76,,,1382.1,954.1,199.39,0.39,380.1,56.4,2.0,243.0,China,OpenFoodFacts,2023.
802,Tofu,Nuts & Seeds,154.2,5.1,66.98,33.17,17.81,29.86,53.2,169.7,30.15,2.06,381.3,57.8,66.0,208.2,Canada,NutritionData.self.com,2024
1289,Spinach,legumes,49.2,,,4.29,1.91,,,422.5,165.92,8.18,317.5,41.4,41.0,183.1,Australia,OpenFoodFacts,2018
1559,Carrot (EK),Legumes,759.1,37.77,,97.87,17.04,1.3,585.9,164.1,96.89,,356.4,42.6,69.0,23.5,Germany,FAO,2023
2320,Olive Oil (SR),Oils,381.7,47.45,77.6,48.17,4.1,47.6,,910.5,77.45,13.9,287.7,25.7,44.0,247.4,Nigeria,OpenFoodFacts,2020
2599,Peas,Legumes,270.2,49.87,44.18,100.61,14.52,57.65,242.0,617.4,110.22,16.23,441.1,23.3,68.0,61.5,India,USDA,2023
1730,Greek Yogurt,seafood,561.4,40.38,8.31,63.97,0.91,58.24,353.3,972.4,25.73,19.34,110.2,23.8,57.0,64.1,USA,Kaggle FoodDB,2022
3703,Sweet Potato,Proteins,299.4,16.22,59.33,39.35,18.82,,,198.0,,10.92,49.4,56.1,82.0,271.9,UK,FAO,2021
257,Kale (LD),Legumes,,3.53,,93.96,1.41,40.37,1147.9,760.7,37.46,9.38,496.9,15.3,N/A,275.4,Brazil,FAO,2020
3611,Almonds,Seafood,522.7,20.96,44.59,110.75,0.4,32.57,,207.7,47.03,11.08,174.7,52.5,9.0,48.7,India,OpenFoodFacts,2024
1887,Tuna (Canned),Legumes,28.2,10.42,19.51,116.73,13.1,14.35,127.4,764.6,114.45,17.07,63.8,25.4,89.0,58.8,Mexico,USDA,2019
1152,LENTILS,Oils,756.6,27.06,48.76,66.94,18.57,23.96,59.7,232.6,139.54,17.69,350.0,19.0,109.0,280.3,Brazil,OpenFoodFacts,2018.
2452,Pineapple,Dairy,870.4,,62.54,18.8,8.4,19.14,,834.2,,8.43,73.8,6.2,46.0,227.5,Brazil,OpenFoodFacts,2020
648,Brown Rice,Vegtables,617.6,,67.81,98.48,5.97,9.81,861.3,739.7,185.78,0.45,324.2,42.5,69.0,41.5,Germany,USDA,2018
3099,Kale,Dairy,27.3,22.09,26.38,33.05,9.09,34.55,,944.6,176.75,,19.2,4.0,6.0,265.2,Canada,FAO,2023
4979,Kale,seafood,20.8,47.54,55.63,10.8,10.05,14.61,726.7,1161.6,103.78,12.0,251.2,97.1,18.0,83.7,Brazil,NutritionData.self.com,2021
2355,Pineapple (JM),Grains,657.1,,42.97,32.16,14.79,9.88,,1015.0,66.59,3.17,357.3,9.1,22.0,237.1,China,OpenFoodFacts,2018
4639,Kale (FE),Fruits,681.6,21.95,55.94,48.66,16.73,17.25,121.2,518.5,179.19,2.11,409.9,81.5,90.0,219.2,China,Kaggle FoodDB,2020
3456,Celery (LS),Vegetables,,7.17,66.63,22.22,6.57,52.37,396.2,517.9,157.99,16.87,232.1,27.2,57.0,92.1,China,OpenFoodFacts,2019
4018,Apple,Seafood,808.2,,1.54,27.61,15.45,,,1116.3,143.22,17.82,57.8,25.9,37.0,157.1,Germany,OpenFoodFacts,2020
1316,Corn,Oils,586.3,46.68,62.37,60.28,15.09,59.85,1470.1,383.8,126.44,3.78,156.9,76.5,52.0,253.7,Australia,OpenFoodFacts,2021.
1089,Almonds,Nuts & Seeds,892.2,35.49,36.03,77.46,9.32,48.59,869.8,430.9,,13.05,142.0,70.2,80.0,257.4,USA,Kaggle FoodDB,2021
2132,Mango (NG),Oils,31.1,23.1,21.8,26.76,1.75,34.91,853.3,635.6,,12.49,236.2,45.9,61.0,256.9,Germany,USDA,2024
4554,Watermelon,Vegetables,799.8,31.91,68.06,,5.86,58.71,669.0,623.8,183.06,,196.3,68.3,96.0,289.6,Canada,Kaggle FoodDB,2021
3832,Avocado,fruits,731.4,20.59,10.95,,1.34,22.13,1116.9,542.5,8.83,9.24,186.9,95.6,96.0,206.9,China,Kaggle FoodDB,2020
1351,White Rice,Fruits,783.0,0.47,31.42,9.6,3.87,35.62,1404.0,257.9,195.83,,97.6,58.4,26.0,258.1,USA,Kaggle FoodDB,2018
3194,Celery,Grains,307.5,,45.51,28.84,4.64,5.31,1503.9,1151.3,22.65,5.89,62.3,78.8,43.0,179.5,UK,FAO,2018
113,Spinach,oils,838.1,30.08,,108.4,,20.82,1358.2,556.3,44.51,,254.4,64.4,37.0,155.5,India,Kaggle FoodDB,2022
3920,Broccoli,Vegetables,728.8,28.59,35.75,119.36,14.24,,664.1,207.5,167.67,3.38,484.0,37.3,75.0,252.0,China,Kaggle FoodDB,2020
264,Peanut Butter,Proteins,476.1,2.83,75.39,55.92,18.55,34.8,866.0,387.0,56.02,7.08,283.3,43.4,80.0,89.6,Brazil,USDA,2022
1394,Mushroom,Grains,477.4,34.7,48.97,20.71,16.76,44.39,1920.2,591.3,160.35,1.86,73.9,18.2,6.0,138.5,Germany,FAO,2023
4983,Egg (NJ),seafood,603.7,15.67,79.24,101.97,13.26,51.4,1430.8,816.5,45.64,12.04,83.1,33.1,74.0,58.3,Nigeria,FAO,2021
1187,Corn  ,Dairy,625.3,39.42,7.25,37.47,10.16,,1671.2,1173.0,10.2,19.3,476.8,10.6,93.0,143.8,USA,FAO,2022
4693,Green Beans,Grains,322.8,19.73,,5.13,5.66,40.46,621.0,874.6,,,387.0,18.8,57.0,270.3,Australia,NutritionData.self.com,2023
57,Green Beans (XP),Grains,97.9,21.94,35.81,16.8,4.58,56.33,1633.2,252.1,158.1,4.22,238.6,87.7,16.0,197.4,UK,NutritionData.self.com,2018
1310,QUINOA,Vegtables,,40.46,5.43,49.82,16.39,39.82,986.0,142.8,113.03,15.38,68.2,20.1,47.0,220.8,Mexico,FAO,2020
696,White Rice,Dairy,557.3,15.54,64.76,62.44,7.56,11.6,546.0,20.3,68.32,6.15,265.1,27.2,80.0,295.4,UK,NutritionData.self.com,2024
4335,White Rice (ZG),Seafood,355.2,,24.53,82.6,12.24,42.34,881.7,1053.4,151.07,12.87,429.1,25.8,5.0,63.3,USA,Kaggle FoodDB,2018
3955,Olive Oil (CD)  ,Grains,223.7,17.03,77.06,31.08,10.14,,754.2,1051.9,13.09,,421.2,58.2,81.0,254.0,Brazil,Kaggle FoodDB,2024
2385,TURKEY BREAST,Legumes,300.6,34.4,36.49,42.02,4.26,55.33,1378.0,764.8,60.63,16.25,278.9,52.7,78.0,276.3,Germany,Kaggle FoodDB,2018
4305,Cucumber (KH),Dairy,749.0,37.43,38.06,88.25,10.6,21.55,1650.0,626.5,69.37,13.48,,68.3,48.0,115.1,Mexico,FAO,2019
4379,TUNA (CANNED),Proteins,147.9,43.83,24.37,34.4,0.31,,,458.7,130.98,2.03,219.7,54.4,50.0,133.0,Australia,NutritionData.self.com,2018
3684,MUSHROOM,Vegetables,228.5,,40.98,,6.63,38.6,1544.2,494.7,,19.75,290.2,44.7,5.0,241.0,UK,OpenFoodFacts,2021
1942,Greek Yogurt,Dairy,314.1,43.37,10.31,4.29,,14.98,1996.9,1159.6,115.63,7.52,90.5,16.5,36.0,211.0,UK,NutritionData.self.com,2018
320,Oats (PV),Vegetables,240.2,29.03,,,19.7,,1854.2,35.2,85.34,,47.8,65.9,85.0,231.0,Brazil,OpenFoodFacts,2021
2437,Greek Yogurt,Grains,359.3,10.61,,48.74,14.5,50.8,1203.9,543.1,84.96,17.71,102.6,51.3,21.0,298.4,USA,Kaggle FoodDB,2019
1590,Shrimp (LW),Fruits,651.5,39.55,54.3,43.73,3.67,6.38,1601.7,210.7,42.55,19.79,222.7,68.1,55.0,296.2,UK,Kaggle FoodDB,2023
683,Carrot,Legumes,170.4,45.75,19.79,0.44,,9.4,1919.5,410.0,50.3,14.29,350.6,9.4,12.0,42.9,Mexico,FAO,2023
3143,Celery (LO),Nuts & Seeds,534.3,32.28,30.56,87.21,10.1,25.6,1372.1,929.9,97.24,9.28,95.8,40.9,94.0,35.7,Australia,Kaggle FoodDB,2023
3426,Cucumber,Oils,565.2,15.53,63.75,47.29,17.85,45.1,1870.2,357.0,139.78,10.81,398.4,0.0,66.0,113.7,China,USDA,2022
480,Turkey Breast,Dairy,480.3,15.27,28.43,21.98,6.88,,1365.9,137.2,131.02,,54.6,70.0,32.0,140.8,USA,OpenFoodFacts,2024
3738,Blueberries,Legumes,681.0,4.09,66.23,,15.91,49.69,37.5,497.2,5.45,9.92,403.0,4.2,87.0,287.5,China,Kaggle FoodDB,2018
3039,Oats,Seafood,79.4,17.39,50.76,88.44,1.79,28.85,782.2,52.1,172.57,7.67,154.2,55.5,77.0,152.6,China,OpenFoodFacts,2021
287,Beef (Lean),Grains,429.7,49.19,34.23,83.54,17.88,42.0,617.3,240.6,177.43,16.24,,15.8,84.0,44.0,Brazil,FAO,2023
3793,Garlic,Grains,543.5,7.12,50.31,,8.17,38.92,143.0,773.4,114.96,17.99,120.1,80.8,11.0,175.6,China,OpenFoodFacts,2022
2079,Tomato,Oils,886.8,27.88,1.92,88.71,16.97,26.22,,909.8,162.88,19.19,343.6,34.4,95.0,292.4,China,Kaggle FoodDB,2023.
3632,Tomato (UA),Dairy,153.8,11.15,9.63,36.46,3.01,26.0,357.8,1133.3,194.47,12.66,433.0,68.5,35.0,67.6,Germany,Kaggle FoodDB,2023
2570,Oats (FH),Seafood,837.7,1.98,10.42,,8.75,52.6,1944.5,1032.6,187.69,3.17,,14.4,6.0,198.8,India,FAO,2022
1922,Green Beans,Grains,22.8,2.52,18.48,19.54,16.13,11.43,802.7,928.2,53.44,19.44,208.5,93.2,29.0,67.2,Nigeria,FAO,2018
4367,White Rice,fruits,90.5,26.61,79.14,114.97,1.38,2.65,519.3,1093.2,62.0,10.12,469.9,41.0,48.0,112.2,Canada,Kaggle FoodDB,2020
3730,Orange (AO),Nuts & Seeds,543.8,14.28,16.96,60.43,8.16,45.42,90.3,657.7,70.61,17.06,338.9,82.7,3.0,66.3,Australia,USDA,2023.
1599,Broccoli (VI),Proteins,95.4,46.05,,76.96,19.52,55.11,1113.5,989.3,143.32,11.51,315.4,8.3,20.0,153.7,USA,OpenFoodFacts,2022
2489,Greek Yogurt,Seafood,538.1,30.0,18.1,102.06,15.93,31.73,145.6,36.9,175.93,,288.4,46.3,33.0,288.3,Canada,USDA,2023
4623,Lentils,Legumes,149.1,19.54,29.55,34.15,6.88,4.39,1411.9,318.3,97.23,13.77,157.4,29.2,18.0,40.0,Nigeria,USDA,2020
737,Strawberry,Fruits,365.4,31.47,62.09,30.85,9.05,39.13,1459.6,974.8,71.27,0.04,468.6,97.1,89.0,74.2,Nigeria,USDA,2021
2403,Turkey Breast,Vegetables,380.5,,32.9,,10.76,33.97,437.3,256.5,119.69,16.34,,40.1,30.0,187.8,Brazil,FAO,2020
337,Bell Pepper (VO),Oils,772.8,16.81,20.0,3.98,15.16,46.83,159.4,619.4,87.07,0.49,111.6,31.2,47.0,141.1,Mexico,NutritionData.self.com,2022
4837,Cottage Cheese,Legumes,352.1,44.51,33.42,61.31,13.15,13.05,891.8,1141.3,6.49,3.88,402.0,28.4,4.0,131.8,UK,NutritionData.self.com,2024
2952,PINEAPPLE (VA),Legumes,633.5,,67.95,63.78,10.72,31.35,1636.4,49.7,,19.51,183.9,18.0,77.0,40.1,Brazil,FAO,2020
2813,Cucumber,Vegetables,606.6,5.26,23.82,7.73,1.89,51.73,1222.5,1149.4,40.54,1.47,33.7,86.6,96.0,119.0,Brazil,NutritionData.self.com,2022
4541,Celery,Seafood,171.2,9.42,26.33,111.14,7.29,19.4,1179.6,106.8,74.06,5.79,406.6,93.8,64.0,80.8,USA,Kaggle FoodDB,2024
1072,Tuna (Canned),Grains,225.6,15.32,72.93,68.63,5.06,58.65,802.2,186.8,63.36,2.61,135.9,0.1,107.0,297.3,Brazil,OpenFoodFacts,2022
2441,Olive Oil,Proteins,507.3,32.0,66.63,64.17,12.06,42.56,609.7,159.1,9.26,7.84,53.2,97.3,104.0,47.9,Australia,USDA,2018
4477,Chicken Breast (XJ)  ,Legumes,388.2,,73.19,18.27,14.47,50.31,1309.8,44.3,17.16,,,35.4,58.0,89.2,Nigeria,OpenFoodFacts,2018
2442,Egg,Legumes,496.7,3.85,49.15,83.25,9.06,31.16,72.1,236.5,96.3,,116.7,80.0,69.0,298.9,UK,NutritionData.self.com,2021.
4311,Almonds,Oils,263.8,13.32,18.12,98.99,13.4,30.47,171.7,416.3,91.03,10.62,81.7,71.0,104.0,68.1,China,FAO,2018
1034,Spinach  ,Legumes,126.1,11.76,58.27,50.14,0.3,5.39,1268.2,1119.7,187.01,18.86,318.6,88.0,93.0,149.6,Mexico,Kaggle FoodDB,2019
4243,BROCCOLI (MZ),Fruits,685.5,34.96,68.1,64.45,8.21,,771.0,586.2,164.24,9.83,143.2,73.2,51.0,114.8,UK,OpenFoodFacts,2020
82,TURKEY BREAST (BQ),PROTEINS,568.5,5.4,44.56,56.39,10.14,58.57,1848.5,234.1,87.98,1.05,257.6,72.9,80.0,129.7,Canada,NutritionData.self.com,2023
2573,PORK LOIN (CW),Nuts & Seeds,302.9,7.49,8.78,69.75,10.85,13.38,1536.3,600.3,133.57,15.23,381.8,46.8,3.0,71.7,Brazil,NutritionData.self.com,2019
3590,Zucchini,Dairy,192.8,33.57,18.97,22.67,6.75,18.44,365.0,24.6,60.31,9.01,113.4,54.9,N/A,253.5,Australia,OpenFoodFacts,2019
1715,Pineapple,Vegtables,71.2,42.87,16.49,114.68,15.64,12.8,505.9,336.8,31.55,17.8,265.6,59.8,89.0,284.6,Nigeria,NutritionData.self.com,2022
1489,CARROT,Grains,361.9,21.28,60.89,118.43,14.82,27.43,1997.3,566.6,16.83,6.14,102.1,95.4,48.0,287.8,Australia,USDA,2022
499,Onion,Dairy,877.5,28.51,23.84,6.97,12.06,48.02,754.4,135.0,150.7,,74.9,6.3,86.0,260.0,Nigeria,Kaggle FoodDB,2021.
4481,White Rice,Nuts & Seeds,162.1,5.7,6.44,40.73,18.31,14.79,298.7,932.9,17.93,16.84,390.0,7.1,49.0,106.4,USA,NutritionData.self.com,2024.
2093,Chicken Breast,Oils,199.3,34.5,10.96,115.47,8.5,51.87,1841.6,429.7,173.3,11.35,232.0,34.4,95.0,164.7,Canada,OpenFoodFacts,2018.
2723,Spinach (MI),nuts & seeds,706.7,0.37,72.3,22.4,10.87,24.22,135.0,250.6,93.65,18.54,470.7,8.4,66.0,226.2,Nigeria,FAO,2019
4804,Spinach,Dairy,187.3,33.82,11.25,71.65,19.84,15.69,1246.8,313.2,44.19,8.03,245.9,31.1,88.0,87.2,Brazil,Kaggle FoodDB,2023
3728,Spinach,Dairy,101.3,10.82,,11.29,1.48,21.72,650.9,50.7,21.92,0.41,141.6,21.9,97.0,125.0,Mexico,USDA,2023
3718,Turkey Breast (QH),Grains,89.5,34.61,,1.97,4.48,58.33,453.9,143.7,148.17,2.11,88.2,39.6,93.0,185.9,Nigeria,OpenFoodFacts,2018.
4191,Greek Yogurt,Legumes,683.1,45.21,33.61,85.53,11.39,,1305.2,1003.1,40.54,7.03,150.6,23.3,77.0,30.2,India,OpenFoodFacts,2023
1611,Shrimp,Nuts & Seeds,794.5,43.49,72.28,41.54,14.0,43.57,1332.4,129.5,44.04,13.94,401.0,9.5,19.0,34.8,USA,OpenFoodFacts,2021.
2293,Cottage Cheese (NU),Oils,202.2,5.4,79.07,29.22,9.96,59.18,1609.4,213.0,145.01,5.38,375.6,82.3,104.0,137.6,Germany,FAO,2018
4059,Green Beans,Proteins,803.1,11.08,32.48,14.13,13.86,18.63,1593.7,146.9,32.82,9.21,,27.0,86.0,81.8,Mexico,Kaggle FoodDB,2021
2488,Tofu,oils,779.9,48.07,5.13,,14.27,47.99,1011.5,942.5,19.8,0.7,293.5,17.3,94.0,215.2,Brazil,NutritionData.self.com,2024
1023,Pineapple (FI),Fruits,833.5,42.82,72.55,,10.48,1.62,1262.7,363.4,144.54,,463.7,34.8,92.0,279.8,USA,USDA,2024
2433,Peanut Butter (RB)  ,Grainss,885.9,9.75,70.92,71.98,0.39,8.2,1244.8,337.4,,4.21,334.7,5.8,44.0,271.3,USA,Kaggle FoodDB,2024
2552,Corn,Proteins,117.7,20.51,10.76,12.94,8.63,14.11,1649.8,839.2,186.8,19.92,241.1,28.6,69.0,247.7,India,NutritionData.self.com,2020.
4155,Cucumber,Seafood,243.9,8.54,60.53,115.02,,1.15,652.0,432.2,78.59,11.92,226.2,91.3,71.0,65.9,USA,OpenFoodFacts,2020
3879,Corn,Oils,510.2,18.74,53.78,35.7,13.67,,834.4,120.2,136.01,3.67,113.3,91.8,94.0,283.9,Nigeria,USDA,2022.
4472,Zucchini,legumes,892.5,34.53,79.47,117.06,17.52,47.57,1229.7,703.0,121.62,,,92.3,N/A,95.2,UK,USDA,2023
4958,Peas,Nuts & Seeds,578.6,37.86,66.86,105.26,19.5,54.64,585.8,305.0,50.75,14.37,,90.3,76.0,228.4,Mexico,Kaggle FoodDB,2020
666,Onion,Vegtables,154.5,39.09,11.14,,16.97,42.16,,637.9,183.1,13.92,410.4,62.4,15.0,170.5,Nigeria,FAO,2018
4952,Black Beans (SL),Vegetables,65.1,33.67,12.0,114.34,18.96,19.29,615.4,895.3,59.73,14.16,,17.5,25.0,69.3,Canada,NutritionData.self.com,2024
2810,LAMB,Seafood,652.1,1.14,47.73,32.07,15.93,1.18,693.3,1162.3,73.51,15.61,15.5,63.6,31.0,201.3,Canada,FAO,2024
1553,Greek Yogurt (WW),Proteins,740.9,29.32,64.98,18.66,11.38,1.4,190.9,633.3,132.26,0.39,0.3,30.8,86.0,251.2,Canada,NutritionData.self.com,2018
4400,Peas (LB),Nuts & Seeds,131.7,1.23,4.16,44.62,18.03,,,716.6,184.66,14.2,111.5,44.7,22.0,278.0,Australia,Kaggle FoodDB,2018
2303,Kale (IF),Legumes,471.1,13.81,27.56,7.45,9.78,,1833.9,697.8,152.6,13.63,357.0,21.9,85.0,74.5,Mexico,NutritionData.self.com,2024
1018,Orange  ,Fruits,519.8,27.39,74.5,95.04,13.7,54.68,874.7,747.3,42.76,8.09,497.2,49.8,59.0,37.8,Nigeria,Kaggle FoodDB,2021
558,Green Beans,Vegetables,45.3,36.82,68.66,107.61,13.67,19.44,1565.7,8.5,114.09,16.44,93.9,93.7,2.0,77.0,China,FAO,2021
2553,Beef (Lean),oils,731.2,33.13,23.15,47.21,14.86,46.21,710.1,851.9,181.46,19.8,339.7,95.8,70.0,187.5,Australia,FAO,2023
1208,Mango  ,Vegetables,412.4,16.93,18.27,34.73,14.44,49.34,832.1,294.6,159.6,14.17,182.1,29.8,N/A,30.8,Mexico,OpenFoodFacts,2019
2154,Cucumber (VA),Seafood,746.9,44.52,53.87,,3.3,34.78,,696.8,187.11,2.57,293.0,79.2,18.0,149.1,Brazil,USDA,2019
3180,TOFU (FV),Grains,622.9,4.83,37.64,39.59,9.26,0.67,46.1,37.2,155.28,1.29,266.7,13.3,95.0,169.3,China,USDA,2021
2269,ZUCCHINI,Grains,228.9,24.29,48.85,38.31,8.68,18.74,1209.4,225.4,157.26,14.11,445.9,91.9,N/A,254.2,USA,NutritionData.self.com,2023
1511,Banana,Fruits,735.4,2.71,3.36,105.57,1.19,1.63,1134.8,255.3,107.66,5.63,402.6,60.7,11.0,49.0,China,NutritionData.self.com,2018
2755,Greek Yogurt,Seafood,827.4,12.44,52.53,,19.74,11.97,1697.0,182.1,37.98,11.16,292.6,55.0,25.0,97.8,Canada,USDA,2021
2305,Green Beans,Proteins,839.9,2.13,72.83,99.53,7.63,57.63,1379.2,670.4,74.71,8.19,376.5,98.7,49.0,139.4,Canada,NutritionData.self.com,2022
1685,Greek Yogurt,Vegetables,,34.74,75.81,32.26,3.6,39.49,14.3,282.2,36.37,3.54,460.7,95.0,12.0,217.1,Australia,FAO,2018
246,Banana (OX),dairy ,836.9,29.15,77.36,22.71,4.85,14.54,1763.5,451.4,86.88,9.15,261.8,63.1,83.0,271.3,Germany,USDA,2019
1164,Spinach  ,oils,,18.68,60.94,,2.73,28.29,554.6,822.7,183.99,5.76,322.4,97.5,86.0,55.3,USA,FAO,2022.
3078,Watermelon,Proteins,,29.3,52.28,45.65,,19.57,262.7,792.2,10.33,3.31,107.1,38.1,53.0,136.4,India,OpenFoodFacts,2019
4177,Banana,Fruits,532.8,11.67,,62.67,11.92,7.8,1386.8,895.0,178.61,12.14,123.3,75.6,18.0,197.6,Brazil,USDA,2018
267,PINEAPPLE (HA),Fruits,633.4,14.61,37.69,21.91,11.94,34.04,,1197.8,168.4,19.6,35.2,44.2,53.0,100.7,Germany,NutritionData.self.com,2024
2519,Blueberries (PI),Dairy,625.2,39.37,34.02,111.91,4.47,5.76,1262.3,611.9,145.89,4.81,429.3,51.2,33.0,150.0,Mexico,FAO,2024
1115,Peas  ,dairy ,541.8,13.56,45.56,99.05,0.13,4.48,159.7,84.5,65.53,5.4,68.8,97.6,56.0,280.7,India,Kaggle FoodDB,2019
64,Pork Loin,Fruits,333.9,16.46,18.4,28.77,15.46,16.16,121.2,589.2,149.82,2.1,43.2,39.6,101.0,185.0,Germany,USDA,2024
2214,Oats (OR),Grains,867.3,25.5,78.66,9.64,14.85,47.47,911.2,964.8,197.7,12.73,143.2,18.2,35.0,201.0,Nigeria,FAO,2024
4027,Cucumber (DF),Fruits,369.4,,,24.56,19.08,52.35,364.5,771.9,40.36,5.33,,93.4,38.0,27.3,USA,Kaggle FoodDB,2024
2306,ALMONDS,Fruits,369.4,45.7,21.92,,6.94,56.29,1144.7,176.5,78.32,2.26,262.5,41.8,37.0,180.2,Germany,USDA,2019
2938,WHITE RICE,Vegtables,,29.3,4.53,55.94,15.95,4.38,1660.1,383.8,,17.19,187.3,59.5,86.0,214.5,USA,NutritionData.self.com,2020
4821,Brown Rice,Seafood,270.1,31.85,26.82,59.81,7.07,52.58,,1097.7,123.87,4.96,308.6,55.2,109.0,236.8,Australia,OpenFoodFacts,2022
3283,Pasta,Vegetables,772.4,,49.69,10.52,19.32,21.2,,97.8,171.95,,358.8,71.9,34.0,238.1,Nigeria,USDA,2024
2068,Milk (Whole)  ,Nuts & Seeds,247.6,,78.18,114.94,17.09,29.43,70.5,236.4,79.77,10.71,217.1,24.0,31.0,272.9,Brazil,FAO,2023
2999,Milk (Whole) (WC)  ,Proteins,275.2,45.43,29.32,83.04,,2.07,1348.9,856.0,63.0,1.75,54.7,98.9,24.0,44.4,Mexico,NutritionData.self.com,2019
3923,Pineapple (IY),Vegetables,,30.8,19.72,81.91,7.92,32.81,1310.5,524.9,52.22,14.27,484.3,72.3,102.0,286.0,Brazil,OpenFoodFacts,2021
4310,Celery,Oils,709.5,17.63,19.1,71.45,8.25,13.44,847.5,446.9,172.39,,376.1,78.2,48.0,106.0,India,NutritionData.self.com,2019
4284,Apple,Oils,71.5,,53.41,76.28,1.24,0.77,1170.9,1147.8,64.29,8.55,23.6,1.2,45.0,207.5,Nigeria,FAO,2024
2389,Onion,Nuts & Seeds,0.0,,76.68,93.52,,26.46,1965.1,470.4,,14.81,53.5,85.7,17.0,223.9,Brazil,Kaggle FoodDB,2021
1785,Chicken Breast (DE),Seafood,600.2,36.49,53.32,59.32,14.59,33.81,1087.4,91.8,113.99,6.1,223.9,43.0,21.0,289.8,Germany,Kaggle FoodDB,2021
1238,Lamb  ,Oils,436.4,32.57,70.1,111.86,0.21,53.14,671.3,163.7,,12.59,279.3,93.3,87.0,64.7,Mexico,OpenFoodFacts,2019
104,Egg,Legumes,467.5,16.69,27.02,67.26,5.76,1.91,100.5,401.1,,17.34,22.7,82.4,58.0,266.5,Nigeria,NutritionData.self.com,2020
2223,Apple,Fruits,105.0,6.67,15.67,,1.09,37.47,28.9,801.6,44.14,9.57,77.6,34.3,34.0,153.4,Brazil,OpenFoodFacts,2019.
4512,White Rice,Oils,435.1,26.66,60.57,32.31,13.05,0.87,99999.0,176.6,149.0,2.69,360.5,40.6,66.0,156.0,China,USDA,2024.
273,Quinoa,Proteins,,14.96,78.34,43.46,11.87,21.6,211.7,271.7,18.29,16.18,241.1,15.5,100.0,171.5,China,USDA,2019
509,Celery,Seafood,855.8,12.98,57.04,57.44,4.12,2.75,,126.5,179.67,4.89,161.6,87.2,102.0,107.9,Mexico,FAO,2019.
3862,Tuna (Canned),Legumes,558.4,40.87,23.77,,14.49,5.14,1145.1,312.6,67.28,4.16,286.6,92.9,102.0,243.1,Germany,FAO,2024
1468,Cottage Cheese,Proteins,378.1,3.62,54.91,20.31,,59.95,1818.3,253.1,130.79,6.82,110.4,4.7,42.0,178.1,Brazil,Kaggle FoodDB,2019
1850,Orange,Grainss,588.3,3.68,77.88,45.12,10.59,,1324.7,799.8,178.47,12.5,,78.6,94.0,115.5,Mexico,NutritionData.self.com,2018
866,Garlic,oils,,22.19,77.56,9.22,1.79,9.14,440.9,269.2,,17.81,88.8,83.2,95.0,211.8,Canada,OpenFoodFacts,2024
2590,Garlic,Vegtables,648.3,3.8,57.35,76.98,19.59,51.86,99999.0,404.7,81.07,11.8,262.4,14.3,50.0,278.5,USA,FAO,2021
909,Turkey Breast (OZ),Grains,248.3,11.1,67.37,24.53,8.67,30.0,202.2,1168.2,73.86,15.36,291.5,62.6,55.0,69.9,UK,USDA,2020
2414,Brown Rice (HD),dairy ,,41.27,77.76,27.61,11.57,,1720.7,1187.8,147.01,2.21,350.6,19.2,11.0,116.4,Brazil,Kaggle FoodDB,2020
3934,Kale  ,Fruits,216.0,33.41,78.43,85.08,15.63,0.49,,688.9,28.41,7.27,166.4,7.1,45.0,119.9,Germany,Kaggle FoodDB,2019.
1304,BEEF (LEAN) (ZU),Fruits,496.3,38.92,,40.76,15.97,15.08,,834.0,138.95,17.67,418.8,24.4,46.0,22.0,USA,NutritionData.self.com,2022
1628,Tomato (DS)  ,nuts & seeds,491.5,34.67,38.85,87.99,17.36,42.3,565.6,193.4,51.54,18.16,32.8,29.6,87.0,154.8,Australia,FAO,2018
4259,Celery (DJ),Fruits,332.2,38.77,12.13,18.11,19.0,13.29,822.3,548.2,77.93,7.11,413.9,63.8,107.0,256.1,India,NutritionData.self.com,2022
1523,Quinoa (DT),Seafood,329.4,,17.3,100.3,3.97,36.17,1471.1,1157.3,60.38,9.02,270.8,2.6,91.0,293.8,Mexico,FAO,2022
836,Lentils,Legumes,388.7,29.81,77.31,67.86,8.11,4.02,,397.1,164.53,13.1,463.4,38.2,20.0,229.1,Mexico,OpenFoodFacts,2024.
359,Spinach (HU),Proteins,847.4,42.68,8.03,47.81,8.46,19.67,1643.0,926.5,178.68,11.8,3.4,87.4,100.0,100.5,USA,Kaggle FoodDB,2023
139,GREEK YOGURT,nuts & seeds,340.0,34.19,45.37,32.32,15.49,21.65,1847.4,18.4,,10.21,329.3,36.7,N/A,128.3,USA,USDA,2023
300,MILK (WHOLE),Nuts & Seeds,95.1,1.45,,47.06,1.62,39.86,908.6,456.7,26.15,,250.3,89.8,60.0,231.8,Canada,OpenFoodFacts,2022
1557,Oats,Seafood,557.7,18.38,68.87,,2.46,52.09,1305.1,1095.1,125.04,4.51,415.6,3.1,78.0,36.3,USA,NutritionData.self.com,2019
1004,Salmon,Nuts & Seeds,664.4,,25.18,,1.47,22.09,1146.3,380.5,155.38,0.19,258.4,83.7,36.0,181.4,Brazil,FAO,2023
383,KALE,Legumes,573.5,13.12,20.34,1.61,5.9,23.78,,279.2,75.68,6.48,94.8,26.1,60.0,137.6,China,OpenFoodFacts,2021
942,Strawberry,Oils,507.7,11.79,52.93,32.86,15.05,26.11,556.0,142.3,65.07,16.26,256.3,8.1,30.0,188.5,Nigeria,Kaggle FoodDB,2023
2095,Bread (Whole Wheat),Fruits,272.7,17.9,,,17.24,7.24,1273.8,712.9,188.77,,427.0,10.3,107.0,143.5,USA,NutritionData.self.com,2021
3996,Mango (NU),Vegetables,409.1,25.79,33.95,7.19,18.27,40.03,1551.7,243.2,99.17,,262.3,83.2,4.0,172.6,Germany,Kaggle FoodDB,2019
762,Peas,Oils,294.3,46.82,32.63,35.11,1.74,36.19,8.2,519.8,179.26,16.75,388.4,77.4,68.0,224.1,China,Kaggle FoodDB,2023
4908,Green Beans,Seafood,201.1,0.11,40.52,,5.08,21.01,324.6,617.8,72.94,13.65,5.9,5.0,78.0,226.7,Nigeria,NutritionData.self.com,2020
4748,Green Beans,Dairy,54.3,15.41,44.08,85.1,15.26,10.39,674.1,566.0,16.01,14.02,100.7,21.5,48.0,270.4,India,NutritionData.self.com,2024
2715,Tomato (AN),Grains,21.2,3.71,9.77,34.69,1.1,35.15,1141.9,824.9,55.84,2.74,,55.6,25.0,253.4,UK,USDA,2020
2218,Tofu  ,PROTEINS,267.7,35.76,,103.45,14.8,19.93,1389.4,646.3,154.08,17.23,415.9,51.9,7.0,251.0,Mexico,OpenFoodFacts,2022
3086,Oats,Grains,618.5,33.07,0.33,54.07,1.73,47.12,1064.5,340.9,151.26,2.29,57.5,44.0,2.0,72.5,Mexico,FAO,2022.
899,Sweet Potato (NK),Seafood,31.4,47.62,10.23,4.93,4.44,2.34,248.7,277.9,182.75,18.07,332.2,81.3,40.0,199.9,Canada,USDA,2018
4174,Salmon,Fruits,488.0,3.9,65.31,54.76,9.37,48.11,1502.3,1167.6,3.66,6.94,187.1,64.7,20.0,100.0,USA,OpenFoodFacts,2021
3146,Kale,Vegetables,344.2,1.21,58.14,44.83,11.49,7.76,1.6,1189.2,77.06,7.38,398.8,57.5,52.0,40.2,Germany,FAO,2023
1403,Garlic,Seafood,52.3,10.26,70.5,51.65,1.89,29.9,1910.7,21.6,39.62,3.83,135.9,75.1,78.0,138.6,Mexico,USDA,2023
2182,Oats,Nuts & Seeds,207.1,20.54,71.23,77.04,9.57,34.71,,689.0,160.85,15.24,89.7,69.1,77.0,123.2,Nigeria,USDA,2024
4035,Lentils,Oils,157.5,22.77,45.95,39.33,0.99,32.37,569.0,528.1,17.29,10.92,90.5,25.1,104.0,86.3,India,NutritionData.self.com,2020
4523,Tuna (Canned),Nuts & Seeds,,46.96,70.16,49.62,,51.36,1464.1,1096.4,95.6,16.12,362.0,7.6,88.0,130.8,China,FAO,2023
3150,Spinach (NG),PROTEINS,419.8,12.69,60.96,79.21,12.16,57.78,876.0,809.8,154.92,15.1,6.9,62.7,48.0,189.9,Mexico,NutritionData.self.com,2018
1513,Tofu,Seafood,860.9,42.29,68.39,,3.42,17.01,802.6,395.8,134.07,3.41,387.7,86.0,32.0,220.9,China,OpenFoodFacts,2024
1189,Milk (Whole),seafood,284.8,6.87,22.67,80.52,6.02,50.33,,932.6,125.77,13.41,348.0,59.5,20.0,69.2,UK,NutritionData.self.com,2019
3188,Shrimp,Grains,,46.81,74.81,90.67,0.42,36.71,,868.2,167.64,5.61,296.9,78.3,93.0,291.5,Canada,FAO,2024
2178,Banana,Nuts & Seeds,,38.54,48.44,,0.95,17.06,1032.8,729.1,176.63,,384.6,78.7,90.0,106.6,USA,USDA,2018
4823,Greek Yogurt,Nuts & Seeds,351.8,33.96,24.64,112.61,10.86,16.8,1077.0,355.1,136.79,14.32,267.7,46.3,67.0,239.2,Germany,USDA,2024
3665,Garlic (SR)  ,Legumes,505.0,27.75,37.7,14.73,12.41,30.23,875.9,85.3,114.47,4.44,278.7,71.3,35.0,98.4,Canada,Kaggle FoodDB,2024
2623,Almonds,Oils,401.8,7.95,75.25,113.89,4.81,4.41,571.9,307.3,46.43,7.28,124.4,71.1,10.0,132.8,UK,OpenFoodFacts,2022.
109,Salmon,seafood,221.3,38.35,25.57,69.96,13.04,54.93,965.2,1021.1,180.58,6.33,350.2,34.0,33.0,168.3,UK,USDA,2021.
4282,Corn (SB),Seafood,666.2,47.15,50.92,115.86,11.69,16.03,137.8,32.9,112.34,2.34,111.5,31.0,81.0,251.3,Canada,USDA,2020
2459,Oats (HB)  ,Seafood,,11.34,33.99,7.79,13.07,,,1133.2,151.46,2.78,157.8,96.0,39.0,162.8,India,OpenFoodFacts,2023
431,Carrot,Vegetables,145.8,30.41,12.22,73.81,18.26,24.14,215.5,1191.2,25.35,5.42,228.4,43.9,30.0,45.3,Germany,OpenFoodFacts,2023
59,Carrot (VH),legumes,59.8,27.95,42.14,,18.26,,1157.9,808.5,88.16,2.69,214.6,48.9,22.0,12.6,USA,Kaggle FoodDB,2018
77,Beef (Lean),Nuts & Seeds,698.7,30.75,16.21,5.19,3.3,59.14,1122.4,78.4,171.53,15.49,40.4,36.7,N/A,89.2,Brazil,OpenFoodFacts,2023
797,Tomato,Oils,840.3,6.87,32.68,43.92,18.68,,326.0,987.6,29.96,11.19,126.7,84.7,35.0,130.1,Mexico,Kaggle FoodDB,2022
369,PEANUT BUTTER (SV),Oils,192.3,38.63,48.12,0.48,0.05,38.68,1539.8,234.4,110.7,12.99,181.4,74.7,N/A,256.6,USA,FAO,2019
2972,Turkey Breast,dairy ,163.5,31.89,74.1,76.95,16.87,47.24,,414.6,26.34,3.77,252.9,85.0,N/A,113.7,Mexico,NutritionData.self.com,2022
786,Zucchini,Seafood,819.4,45.49,6.8,52.38,,49.45,479.5,83.4,30.25,12.45,421.9,36.8,79.0,32.3,China,OpenFoodFacts,2023
4478,Strawberry,seafood,334.9,44.02,77.87,5.38,16.28,43.5,84.3,49.2,67.83,9.88,266.7,4.9,85.0,270.6,India,USDA,2022
4358,Apple,Dairy,570.6,8.22,26.31,107.63,5.01,3.52,1778.5,447.4,98.01,5.82,414.7,75.7,88.0,285.2,Australia,Kaggle FoodDB,2019
2125,Almonds  ,Vegetables,886.0,20.56,,58.12,15.36,13.97,937.5,472.1,72.53,1.93,434.8,13.2,39.0,105.4,India,Kaggle FoodDB,2023
2155,Pork Loin (FI),dairy ,108.6,13.59,47.69,94.37,19.95,23.74,948.5,481.9,148.43,13.74,0.3,66.5,67.0,202.0,Canada,FAO,2021.
1893,Zucchini,Legumes,724.1,46.51,,0.92,19.68,25.6,871.5,683.7,121.35,6.97,169.2,87.6,2.0,229.9,Nigeria,NutritionData.self.com,2024
2241,Turkey Breast (JA),Seafood,719.2,40.99,8.23,9.47,16.35,,1320.6,1099.0,74.72,0.23,285.1,51.9,33.0,14.1,Australia,OpenFoodFacts,2020
4995,Shrimp,Dairy,80.2,6.32,60.66,108.12,0.97,16.16,504.3,1109.6,181.75,8.56,180.1,77.1,13.0,145.0,Brazil,USDA,2018
3726,Mushroom (UE),Seafood,837.2,36.25,76.33,34.54,,,1929.4,1056.2,192.91,16.92,267.7,11.5,39.0,11.5,USA,Kaggle FoodDB,2021
1903,Onion,Seafood,689.7,1.99,54.49,53.89,17.2,14.79,1140.4,192.1,96.45,17.75,56.1,11.2,72.0,263.0,Nigeria,FAO,2018
122,Bell Pepper (HR),Seafood,,46.24,19.95,4.28,19.06,49.85,659.3,649.6,16.81,3.13,28.1,60.8,100.0,10.6,China,NutritionData.self.com,2020
3208,Beef (Lean),Grains,,3.02,67.23,,18.06,0.65,1787.8,575.7,102.15,9.3,197.4,89.3,29.0,47.2,Germany,Kaggle FoodDB,2022
2522,Mushroom,Proteins,138.3,25.34,67.38,71.53,2.15,53.3,239.2,388.4,162.75,12.45,197.4,73.3,79.0,102.2,Australia,FAO,2019
3884,TOFU,Proteins,214.0,16.05,8.28,39.86,17.38,50.45,123.7,48.3,128.9,0.52,430.7,39.7,N/A,229.2,China,USDA,2018
911,Cucumber,Vegetables,539.5,20.38,0.46,,14.19,38.07,298.3,302.4,135.0,9.56,189.8,93.1,76.0,258.7,Nigeria,Kaggle FoodDB,2023
125,BLUEBERRIES (FQ),Vegetables,220.6,45.65,5.84,22.96,12.13,31.35,1720.9,334.3,191.34,13.92,178.9,38.3,44.0,80.9,Canada,USDA,2018
2645,Shrimp,Nuts & Seeds,,8.32,27.63,115.0,14.39,,1043.0,375.3,126.3,2.11,0.4,28.8,47.0,202.9,Canada,NutritionData.self.com,2024.
2122,Onion (CB),Legumes,464.6,6.21,36.31,63.29,0.3,9.53,218.5,852.9,108.27,16.45,,86.6,16.0,14.6,Mexico,FAO,2020
4829,Quinoa (CU),Dairy,293.1,38.58,50.41,111.85,19.85,42.03,1783.1,1192.3,181.79,11.34,464.8,88.8,74.0,22.6,USA,USDA,2020
1587,Olive Oil (BF),Legumes,631.7,23.59,33.14,19.55,12.61,41.67,1175.7,1143.6,123.7,18.29,46.0,31.0,42.0,206.2,Brazil,USDA,2023
1258,Mango,Dairy,452.6,33.21,30.15,10.49,5.48,13.44,341.1,861.0,167.25,4.31,,55.6,95.0,116.3,USA,USDA,2021
3669,Olive Oil (YT),Seafood,,12.69,71.68,117.02,0.29,,1307.8,936.4,146.36,18.53,334.0,68.7,17.0,272.1,Australia,FAO,2021.
4615,Onion  ,Oils,238.7,49.14,42.87,89.5,12.8,20.8,1713.9,896.4,7.62,17.99,220.7,97.8,34.0,39.8,Mexico,OpenFoodFacts,2021.
3608,Egg,dairy ,271.4,12.57,,,12.5,45.73,1701.4,366.2,6.51,18.22,395.3,5.2,102.0,195.4,Mexico,OpenFoodFacts,2024
1179,Tuna (Canned),Proteins,689.7,9.96,51.37,67.66,8.24,33.78,1535.4,1075.4,,9.32,,17.9,94.0,240.1,Australia,OpenFoodFacts,2022
2895,Pineapple,Legumes,153.4,24.58,30.0,17.81,15.21,17.29,267.7,72.0,177.17,6.68,454.3,66.7,25.0,139.1,Canada,NutritionData.self.com,2020
2766,Strawberry,seafood,863.0,31.27,,37.37,10.75,41.73,303.5,502.2,140.98,11.84,177.6,29.4,59.0,156.6,China,Kaggle FoodDB,2021
3699,Garlic,Grains,841.2,23.61,18.12,31.12,17.83,57.85,,767.4,190.94,,273.7,83.1,4.0,25.1,Mexico,Kaggle FoodDB,2021
2487,Cucumber,Seafood,445.4,21.1,31.47,54.49,18.82,34.84,1069.3,161.9,192.31,14.68,231.6,54.2,95.0,72.6,Canada,FAO,2019
3932,Mushroom,fruits,,11.45,71.54,110.62,5.85,25.18,527.5,1063.9,126.86,5.76,435.0,77.6,48.0,212.5,Canada,NutritionData.self.com,2020
443,CORN,Proteins,349.4,6.78,68.24,61.71,5.65,22.46,20.8,782.6,169.24,3.03,70.2,72.6,12.0,134.4,UK,FAO,2022
2089,Tuna (Canned),Grains,743.5,15.56,,63.5,9.83,15.46,1638.9,54.7,79.99,,160.6,67.7,45.0,141.4,UK,FAO,2023.
3059,Strawberry (TP),Grains,,,65.67,49.62,4.34,5.65,607.9,1117.6,55.28,5.39,426.4,59.0,45.0,293.5,Brazil,USDA,2018
926,Celery,Vegetables,39.8,35.91,17.18,105.52,17.75,5.75,99999.0,1114.4,156.96,11.06,17.7,59.2,89.0,235.0,Mexico,USDA,2023
2611,Bread (Whole Wheat),Legumes,758.6,15.73,21.6,5.44,10.07,42.91,659.4,622.1,112.41,5.1,272.7,87.1,24.0,238.0,India,FAO,2022
4533,Tomato,Legumes,237.2,18.22,4.8,41.28,9.3,18.26,,1179.4,91.14,0.01,427.6,75.2,17.0,256.5,Brazil,NutritionData.self.com,2024
2472,Kale,Proteins,868.3,2.01,54.42,39.08,15.23,58.69,575.3,1147.0,5.92,10.78,457.1,83.2,95.0,156.6,Germany,OpenFoodFacts,2024
4918,Tomato  ,Proteins,347.4,10.68,29.1,26.19,17.59,7.78,1103.4,725.5,,16.72,249.5,51.2,43.0,290.3,India,NutritionData.self.com,2019
1412,Onion (BK),PROTEINS,118.5,-1.0,33.34,78.24,6.5,1.61,471.0,217.4,35.06,14.92,371.3,15.6,65.0,192.1,Canada,NutritionData.self.com,2023
4749,Chicken Breast,Nuts & Seeds,364.8,1.9,8.45,116.52,,49.07,1817.5,437.7,79.9,2.39,165.2,40.1,78.0,120.4,Canada,OpenFoodFacts,2018
4271,Oats (PD),Legumes,,15.56,40.01,59.34,14.32,29.7,40.2,669.9,80.03,12.56,326.8,17.6,71.0,37.9,Nigeria,USDA,2020
1510,Apple (TN),Seafood,693.1,,26.82,13.98,7.31,38.67,714.8,1119.5,136.89,1.57,208.1,55.3,38.0,165.6,USA,Kaggle FoodDB,2024
1228,Lamb,Proteins,261.3,49.3,75.42,108.36,2.6,40.63,642.3,1044.2,130.73,16.85,116.3,47.6,19.0,149.1,Australia,FAO,2021.
3839,LENTILS,Vegetables,841.7,46.02,37.08,113.74,16.44,31.21,1153.6,585.5,25.2,3.68,183.4,44.7,79.0,130.2,Nigeria,FAO,2021
3362,Tuna (Canned) (GB),Fruits,,6.72,30.52,75.63,0.31,38.27,1937.9,214.3,69.92,9.76,199.2,25.9,99.0,281.6,UK,USDA,2021
3743,Bell Pepper,Vegetables,686.2,,,79.54,6.06,37.25,328.8,67.8,22.07,6.96,282.9,71.5,15.0,176.9,USA,FAO,2024
2624,White Rice,Dairy,820.7,,16.14,118.77,1.9,17.24,1878.9,999.4,,5.32,303.9,26.5,5.0,39.9,India,FAO,2020
3498,Bell Pepper,Vegetables,799.8,27.83,7.56,13.9,10.68,35.39,201.4,861.3,90.31,6.78,234.3,4.9,30.0,224.0,Mexico,USDA,2022
325,White Rice,Fruits,860.3,2.84,15.98,27.24,4.88,33.92,531.2,425.3,123.11,18.5,440.0,51.0,80.0,175.7,India,FAO,2022
3286,Strawberry,Dairy,86.6,42.38,76.55,66.24,11.61,57.46,1743.5,769.5,85.42,3.76,91.8,66.6,90.0,119.2,Nigeria,Kaggle FoodDB,2020
2232,Sweet Potato,Grainss,62.4,,78.18,73.41,7.22,25.96,737.8,610.5,99.41,0.05,230.2,20.7,33.0,232.7,India,USDA,2020
4156,Cottage Cheese (JU),Nuts & Seeds,,6.39,66.6,31.94,6.64,29.8,981.7,861.2,187.32,17.97,,46.9,58.0,263.3,India,USDA,2019
2087,Onion (JU),Proteins,112.8,32.73,50.2,95.33,8.94,46.49,1207.2,206.2,164.51,3.05,494.0,96.1,7.0,124.7,Australia,USDA,2018
3516,Lamb,Oils,845.4,12.68,43.97,45.04,10.17,,1261.2,123.4,110.15,8.65,477.6,69.8,N/A,265.1,Canada,Kaggle FoodDB,2020
3467,Carrot,Fruits,420.6,21.9,42.39,68.2,14.52,25.56,531.9,651.6,187.38,1.47,273.0,0.1,41.0,147.6,Canada,NutritionData.self.com,2019
1499,Lamb (ZD),Oils,354.2,11.17,21.66,35.53,,48.98,930.5,786.6,169.42,5.38,465.9,18.6,74.0,295.5,China,OpenFoodFacts,2022
1503,Shrimp,Nuts & Seeds,42.6,23.78,54.1,73.45,,24.65,724.0,693.2,49.13,5.75,106.4,72.4,14.0,167.7,Canada,NutritionData.self.com,2021
1007,Pork Loin (ZO),Fruits,629.2,25.97,51.32,56.72,18.94,0.88,,969.0,,8.43,158.4,72.5,N/A,254.2,China,Kaggle FoodDB,2024
4184,Cucumber (RH),Proteins,297.4,33.84,27.77,119.84,1.63,8.08,658.6,719.6,13.56,12.08,6.1,75.3,102.0,164.8,Nigeria,NutritionData.self.com,2024
3672,Apple,Legumes,63.7,6.88,2.08,118.95,15.64,13.07,1121.8,830.7,20.4,16.97,249.0,37.2,59.0,42.6,Canada,USDA,2020
4729,Broccoli,Seafood,673.2,9.39,74.46,92.12,19.18,2.86,1405.0,140.4,120.17,12.36,131.9,4.7,36.0,210.4,Australia,OpenFoodFacts,2020
1468,Cottage Cheese,Proteins,378.1,3.62,54.91,20.31,,59.95,1818.3,253.1,130.79,6.82,110.4,4.7,42.0,178.1,Brazil,Kaggle FoodDB,2019
1226,White Rice,Legumes,581.9,31.45,33.89,113.44,19.08,5.8,283.6,1061.8,166.37,2.26,6.4,18.6,38.0,81.5,UK,FAO,2018
3089,Almonds,Grainss,533.0,2.7,,44.69,16.7,50.43,1595.8,894.2,80.42,,494.7,86.4,48.0,169.6,UK,NutritionData.self.com,2023
2304,Lentils,Oils,278.3,44.4,50.05,10.78,14.63,27.95,1372.2,508.9,63.71,19.85,447.0,30.0,94.0,125.7,Nigeria,FAO,2022
2417,Almonds,Nuts & Seeds,358.1,15.31,,63.65,19.87,46.85,1156.3,1092.7,57.35,16.79,365.9,68.0,17.0,146.0,Mexico,OpenFoodFacts,2018
4005,Quinoa,Fruits,151.3,31.54,63.23,91.21,19.61,31.62,674.4,4.9,11.88,16.98,157.0,68.0,11.0,88.6,Australia,OpenFoodFacts,2018
1217,APPLE,PROTEINS,92.5,7.76,,15.73,13.65,21.44,819.6,1079.6,0.45,7.06,300.8,24.8,N/A,38.9,Canada,FAO,2024
4163,Sweet Potato (VN),Oils,503.0,38.48,57.01,66.45,15.58,42.08,1181.6,1171.8,119.32,17.31,302.5,25.1,90.0,89.6,UK,OpenFoodFacts,2021
3729,Brown Rice (WN)  ,dairy ,163.3,,15.05,26.26,7.26,21.19,1359.3,772.1,149.7,16.36,243.8,60.1,87.0,97.0,China,FAO,2023
421,Strawberry,PROTEINS,716.6,9.69,14.99,38.65,8.12,54.12,1774.9,991.2,154.32,1.06,,97.3,69.0,111.9,UK,NutritionData.self.com,2019
3649,Sweet Potato (WU),Seafood,545.3,35.96,41.58,17.02,9.46,45.89,1552.9,267.5,100.46,10.54,144.8,43.0,79.0,290.4,Brazil,OpenFoodFacts,2018
7,Salmon,Legumes,71.1,38.86,2.57,30.94,19.22,13.27,1651.1,1005.2,51.09,10.68,53.6,47.4,17.0,188.2,China,Kaggle FoodDB,2022
933,Sweet Potato,Dairy,886.3,12.49,16.71,106.6,12.68,7.93,,772.7,178.91,8.02,287.4,83.9,95.0,81.1,Mexico,NutritionData.self.com,2021
1692,MUSHROOM (TL),Fruits,462.3,10.97,45.66,37.98,14.81,,786.1,406.1,12.83,18.62,144.8,46.8,74.0,168.0,Australia,OpenFoodFacts,2024
440,Greek Yogurt,Vegetables,91.6,42.21,27.55,2.75,1.06,35.95,570.1,1139.6,146.71,1.21,480.1,74.4,N/A,115.1,Australia,FAO,2019
1314,Quinoa (CR),Oils,739.2,13.55,76.13,29.24,12.21,17.51,479.5,1109.6,72.31,8.96,,55.4,44.0,220.2,Australia,USDA,2020
679,Bread (Whole Wheat) (RY),Legumes,873.1,35.64,,109.78,,42.19,851.4,14.6,81.89,10.37,275.2,1.5,75.0,197.7,USA,NutritionData.self.com,2022
1944,Cucumber,Dairy,642.8,2.44,68.76,57.5,6.94,47.85,1180.0,126.3,193.36,10.28,265.4,32.4,103.0,75.6,Mexico,OpenFoodFacts,2021
3136,PEAS,Seafood,562.8,3.27,79.6,89.85,10.99,10.94,1874.2,3.9,132.36,0.17,,52.9,16.0,14.2,China,FAO,2022
3812,Chicken Breast,Dairy,423.0,20.16,0.74,115.16,10.32,8.59,1459.2,665.7,,13.06,481.2,41.6,87.0,261.9,UK,FAO,2022.
4751,Corn (WB),Grains,320.3,17.32,,115.63,11.74,55.74,1056.9,714.2,91.74,5.49,216.0,88.0,59.0,175.6,Mexico,USDA,2018
4347,Tuna (Canned),Seafood,723.8,37.64,12.03,,18.97,5.27,409.8,170.2,174.47,14.83,265.1,89.0,29.0,109.4,Mexico,OpenFoodFacts,2019
4513,Celery,Oils,100.5,3.89,8.27,,6.11,52.82,1379.1,800.4,55.29,9.54,300.9,97.2,12.0,143.9,India,FAO,2018
2418,Mango (RJ),Grains,54.3,9.17,45.85,47.61,12.89,31.25,1584.9,952.3,135.55,15.57,165.8,73.5,75.0,226.9,Nigeria,Kaggle FoodDB,2023
4775,White Rice,Proteins,316.9,39.71,66.86,85.2,0.89,36.94,262.0,679.9,108.37,11.71,265.1,43.1,89.0,222.4,Australia,OpenFoodFacts,2023
2255,White Rice,dairy ,793.5,16.1,63.8,67.88,2.15,9.6,22.0,1009.1,,,367.6,93.2,54.0,256.4,Canada,FAO,2021
4128,Spinach  ,Dairy,852.4,30.09,9.12,53.43,0.37,13.08,263.7,864.2,167.19,9.68,,23.5,3.0,89.7,Australia,NutritionData.self.com,2018
4388,Egg,Dairy,62.9,13.37,51.61,,18.77,42.93,148.3,808.7,,6.59,172.8,44.3,104.0,139.2,India,FAO,2020
1087,Zucchini,Nuts & Seeds,559.8,38.0,,68.64,19.88,3.28,1934.3,253.6,118.28,5.7,323.2,7.4,45.0,209.8,UK,Kaggle FoodDB,2021
1065,Celery,Nuts & Seeds,390.8,11.99,2.67,,11.97,,1889.5,627.5,58.83,4.09,122.2,75.1,50.0,123.2,Mexico,NutritionData.self.com,2021
4377,Tomato,Fruits,356.9,34.8,67.51,93.28,11.57,13.72,299.9,482.2,7.24,,156.6,65.6,24.0,226.7,Brazil,NutritionData.self.com,2021
3587,ZUCCHINI,Fruits,419.5,43.69,75.53,86.3,9.91,38.83,590.7,228.0,19.97,17.62,94.0,22.4,51.0,32.6,Canada,Kaggle FoodDB,2022.
4592,Quinoa,Vegetables,202.0,6.48,79.58,18.69,12.35,49.13,1221.7,279.3,,1.62,441.7,61.6,70.0,180.7,Mexico,Kaggle FoodDB,2023
195,BROCCOLI,Dairy,,10.32,18.15,29.83,7.44,40.6,1292.5,290.3,199.18,16.1,393.5,41.4,59.0,178.3,UK,NutritionData.self.com,2021.
1475,Onion,Proteins,307.8,35.73,56.24,97.87,11.04,44.98,366.7,352.1,169.48,11.62,6.2,84.5,20.0,270.5,UK,USDA,2018
3593,Celery (JS),PROTEINS,519.6,20.2,73.63,43.9,,19.8,750.5,185.6,,1.05,68.7,64.0,80.0,294.2,China,NutritionData.self.com,2024
3976,TUNA (CANNED),oils,,27.76,15.62,,16.41,,1895.5,208.6,7.33,14.01,134.6,80.3,62.0,138.0,Germany,FAO,2021
3120,Lamb,Seafood,,,,97.87,12.88,39.92,1532.0,981.3,152.9,1.47,111.3,10.8,87.0,46.9,India,Kaggle FoodDB,2022
1212,Salmon (DP),Seafood,417.2,6.25,56.83,12.18,11.65,26.83,425.6,426.8,55.69,0.76,450.3,87.7,47.0,201.4,Australia,Kaggle FoodDB,2023.
4461,White Rice (MT),Fruits,374.4,34.22,77.52,40.36,14.25,41.02,210.5,640.5,86.44,18.99,,41.3,67.0,170.5,Germany,NutritionData.self.com,2024
1658,Lentils,Proteins,288.9,16.1,79.9,0.71,0.2,44.49,120.9,592.6,138.41,7.58,470.0,74.4,106.0,279.7,Canada,OpenFoodFacts,2021
1973,Black Beans,Seafood,260.3,3.13,30.97,,19.4,35.49,203.6,639.1,36.4,1.42,312.7,88.7,3.0,189.5,Mexico,FAO,2021
2875,Chicken Breast (MA),oils,706.7,26.82,76.67,87.78,14.58,51.71,374.3,446.6,43.46,11.38,118.8,88.4,43.0,10.5,India,USDA,2020
3221,Peanut Butter,Legumes,473.1,43.58,34.15,44.17,8.44,35.88,426.9,424.4,94.22,18.48,39.5,47.0,11.0,65.2,China,FAO,2022
2880,Onion (GO)  ,Proteins,183.8,2.33,16.42,50.31,19.87,,608.0,987.2,0.97,,290.6,22.3,103.0,84.6,Canada,OpenFoodFacts,2022
2365,Mango,dairy ,-999.0,24.06,48.7,95.39,,57.45,465.9,1113.1,1.12,14.63,423.2,42.5,33.0,196.1,India,Kaggle FoodDB,2019
2058,Mushroom,Legumes,382.4,12.42,34.97,111.95,,25.02,1177.1,596.0,22.29,11.2,96.7,26.0,20.0,229.0,China,NutritionData.self.com,2020
4357,Lamb (UH),Proteins,214.0,41.79,78.66,88.44,14.35,13.94,1491.0,520.8,197.64,2.04,46.8,5.7,82.0,96.7,UK,USDA,2022.
1131,Spinach,Seafood,656.6,18.86,62.05,89.56,18.97,20.38,847.6,1100.6,197.65,,441.6,73.2,25.0,264.9,India,USDA,2020
1462,Tofu,Nuts & Seeds,593.1,34.34,,,13.19,0.26,455.5,133.0,55.92,6.93,269.7,89.5,63.0,188.1,China,NutritionData.self.com,2022
277,Tuna (Canned) (OJ),Grains,722.5,8.39,49.9,,,21.14,695.1,673.0,175.31,10.8,366.7,55.2,23.0,188.2,Mexico,FAO,2024
4669,Onion,seafood,610.5,35.34,51.9,20.46,7.35,,1196.2,1165.6,175.18,1.47,164.5,88.7,33.0,25.3,UK,USDA,2022.
2368,Broccoli,Vegetables,511.6,29.0,28.44,119.14,1.88,56.49,1166.5,545.7,47.21,19.26,219.5,80.2,53.0,29.8,UK,USDA,2020
4190,White Rice (XF),Legumes,636.5,40.73,50.19,81.24,12.97,8.67,,373.2,171.24,4.43,,63.1,49.0,278.4,India,NutritionData.self.com,2021
3106,Bread (Whole Wheat),Nuts & Seeds,402.3,30.26,50.8,74.73,13.12,37.24,1065.4,808.2,145.32,16.04,377.8,54.2,83.0,216.3,China,OpenFoodFacts,2024
1303,Pasta,Seafood,65.7,24.31,43.88,46.3,16.39,1.39,1230.9,221.8,188.54,0.53,393.6,3.7,87.0,132.2,USA,NutritionData.self.com,2022
2679,Sweet Potato,Oils,118.1,3.77,59.64,75.18,13.5,22.35,1865.5,676.0,,3.77,,83.4,68.0,121.1,China,USDA,2024.
223,Cucumber,Legumes,102.4,8.48,77.2,119.13,12.44,18.45,1528.0,1166.6,141.3,11.23,420.2,24.0,46.0,86.4,India,USDA,2019
4783,Apple,Seafood,508.9,34.81,70.37,33.04,13.32,7.46,683.7,570.9,17.05,19.3,319.3,87.8,64.0,71.7,UK,FAO,2018
49,Olive Oil,Grains,501.1,16.79,60.57,42.61,10.32,20.21,1164.1,114.8,165.69,10.31,355.2,13.1,7.0,276.9,Brazil,NutritionData.self.com,2021
574,Celery,Legumes,567.4,32.35,28.34,23.5,11.92,,118.0,630.9,41.7,,344.8,24.9,48.0,129.9,Germany,Kaggle FoodDB,2020
1237,Strawberry (IV),Vegtables,780.6,32.25,42.33,13.06,13.8,0.66,600.9,458.6,41.28,8.31,90.6,62.8,45.0,64.1,Canada,FAO,2021
4907,Lentils,Seafood,869.9,,36.2,38.5,19.92,10.54,1621.1,801.3,79.42,3.54,112.5,87.3,77.0,268.2,Australia,FAO,2022
2267,BREAD (WHOLE WHEAT),dairy ,540.7,9.66,3.15,35.08,13.02,35.61,,792.5,176.97,0.38,328.1,31.1,73.0,293.2,Brazil,Kaggle FoodDB,2024
3960,Beef (Lean),Proteins,54.7,,28.06,102.11,9.13,,434.8,1018.4,198.73,15.21,196.7,74.1,28.0,41.4,UK,USDA,2020
4692,Corn,PROTEINS,334.3,21.99,15.26,7.9,11.87,38.56,647.7,693.7,156.38,0.7,14.6,48.4,72.0,265.1,Mexico,Kaggle FoodDB,2021
1335,Sweet Potato (WW),Legumes,877.8,12.23,13.17,77.62,10.02,31.25,1573.7,303.9,198.26,18.79,51.8,4.4,35.0,43.7,UK,FAO,2023
4636,Almonds,Seafood,858.1,10.03,14.76,70.66,9.96,58.0,1683.1,881.0,153.6,10.61,248.6,47.9,53.0,292.9,USA,Kaggle FoodDB,2023
2618,Zucchini (VY),Vegetables,257.9,,10.83,67.67,,21.53,316.4,317.1,,17.73,125.1,28.9,28.0,47.6,UK,OpenFoodFacts,2024
419,Spinach,Legumes,611.8,,33.46,57.94,17.82,,1582.4,748.2,115.9,,,58.4,90.0,34.3,Australia,FAO,2020
268,Avocado,Dairy,638.2,23.52,31.84,73.99,7.08,10.23,687.8,906.1,169.09,,316.1,43.2,11.0,113.7,India,USDA,2022
3017,Black Beans,Fruits,664.8,23.71,67.76,63.09,15.7,27.31,1229.8,476.9,189.59,7.2,45.9,40.8,17.0,79.3,Canada,OpenFoodFacts,2018
1105,Chicken Breast  ,Legumes,895.5,6.42,58.73,93.42,1.32,32.66,1150.3,661.5,75.79,1.36,24.2,5.5,68.0,232.8,Nigeria,USDA,2023
258,Egg (ZH),Nuts & Seeds,632.5,27.53,40.11,21.69,18.96,48.16,,253.0,,11.46,22.9,95.3,26.0,290.0,Brazil,USDA,2019
296,Brown Rice,Proteins,479.6,6.81,78.26,94.27,3.13,15.45,1968.4,626.3,17.73,17.97,340.0,85.2,43.0,133.5,Australia,FAO,2020
3979,White Rice,Fruits,64.5,32.22,0.74,33.28,12.1,36.18,179.7,1088.3,103.46,3.93,441.1,28.6,75.0,161.5,USA,FAO,2018
1936,Banana,Vegetables,728.4,23.81,14.85,54.39,4.2,42.31,,583.5,147.92,12.36,366.0,85.1,38.0,123.2,Mexico,NutritionData.self.com,2023
387,Banana,Vegtables,,22.33,10.44,27.77,18.41,39.1,437.5,2.7,100.84,16.82,58.2,86.4,45.0,131.7,UK,Kaggle FoodDB,2021
3526,Quinoa,Fruits,149.6,1.22,68.91,108.29,9.52,32.55,1237.1,402.6,156.82,16.86,,59.6,21.0,182.0,Brazil,USDA,2020
3297,Milk (Whole) (UQ),Fruits,590.5,30.92,77.7,7.11,12.79,15.22,408.5,647.4,,7.75,27.4,63.2,73.0,122.6,Canada,NutritionData.self.com,2022
2678,Mango,Legumes,71.1,48.24,61.06,10.25,5.59,24.86,869.0,675.1,89.72,5.79,406.8,56.8,7.0,31.8,USA,FAO,2021
2395,Onion (ZZ),Vegetables,803.3,,66.2,48.96,9.89,18.47,1600.4,990.0,177.75,0.89,,25.5,48.0,149.9,UK,USDA,2023
4471,Cheddar Cheese,Fruits,818.2,23.31,71.13,11.77,7.41,1.48,1728.2,233.5,,0.41,56.6,57.5,69.0,170.5,China,FAO,2018
3746,SPINACH,Dairy,207.0,25.29,25.51,107.98,3.69,5.22,724.6,454.8,180.19,,42.1,93.4,52.0,104.3,Canada,Kaggle FoodDB,2023
2054,Milk (Whole),Fruits,852.2,24.24,60.56,3.73,18.32,4.45,515.1,916.9,94.25,16.95,345.9,75.7,58.0,141.0,Brazil,Kaggle FoodDB,2023
4521,Green Beans,Vegetables,778.3,16.18,62.85,107.42,16.13,34.76,258.0,982.0,119.26,,3.3,7.8,48.0,287.2,USA,Kaggle FoodDB,2018
1564,Onion,Nuts & Seeds,261.8,28.89,34.56,61.17,2.3,52.36,1603.5,635.8,126.44,2.2,20.4,7.6,49.0,193.7,China,NutritionData.self.com,2021
4102,Carrot (ZF),Grains,,39.62,58.81,19.33,12.43,49.62,1186.7,1048.6,183.74,14.99,450.5,73.9,85.0,168.7,Nigeria,NutritionData.self.com,2023
1401,Milk (Whole),Seafood,167.0,34.24,11.78,69.83,10.62,28.38,986.4,551.9,,10.05,272.6,59.4,69.0,22.8,India,FAO,2023
713,Peanut Butter,fruits,435.0,22.7,75.21,11.93,8.71,9.59,1254.4,967.6,20.77,8.02,10.1,37.8,N/A,52.6,USA,NutritionData.self.com,2024
3133,Beef (Lean),Seafood,840.8,48.55,49.08,49.24,2.68,28.64,,1119.2,162.01,17.43,466.9,31.9,42.0,70.8,Brazil,OpenFoodFacts,2020
2693,White Rice (QA),Vegetables,28.7,12.91,41.2,108.72,15.75,35.28,1993.2,762.0,46.15,4.64,371.5,65.3,84.0,291.1,India,OpenFoodFacts,2022
210,Mushroom,Fruits,161.5,9.11,50.35,10.62,3.84,38.3,1323.6,510.8,83.04,19.32,299.5,22.5,90.0,169.7,Brazil,NutritionData.self.com,2024
910,Pork Loin,Dairy,354.1,8.31,18.4,29.55,,,1787.9,1027.1,166.19,17.97,177.5,3.4,14.0,69.3,Nigeria,Kaggle FoodDB,2018
1290,Olive Oil,oils,89.1,22.67,56.57,2.08,5.14,47.84,,974.8,185.82,1.55,14.2,97.5,76.0,226.8,USA,FAO,2024.
3725,Lamb,Vegetables,347.8,43.3,75.78,1.22,6.54,28.43,126.9,880.3,51.34,13.4,268.7,91.8,44.0,95.6,Germany,FAO,2020
4326,TUNA (CANNED),Nuts & Seeds,856.5,47.12,,113.44,17.79,,686.8,1064.1,188.21,11.25,,42.7,20.0,130.1,India,Kaggle FoodDB,2022
1843,Bell Pepper (NF),Grainss,406.7,6.15,70.94,,9.3,55.23,1788.9,978.7,156.6,10.82,407.3,98.7,51.0,299.2,India,Kaggle FoodDB,2024
450,Zucchini,PROTEINS,93.5,6.37,79.5,43.07,18.44,59.59,,828.7,86.55,,51.7,17.9,27.0,53.6,UK,FAO,2018
4222,Avocado,Proteins,560.0,29.5,78.91,119.03,18.82,,1559.3,282.6,97.7,1.43,462.7,10.6,82.0,247.4,India,NutritionData.self.com,2024
3025,Onion,Oils,69.8,11.58,43.92,82.92,7.6,54.27,505.1,610.0,124.98,14.38,250.8,0.0,26.0,169.4,Nigeria,Kaggle FoodDB,2019
959,Orange,Legumes,166.3,38.51,44.57,64.53,6.33,51.29,1346.9,1173.4,71.73,3.32,350.2,4.8,68.0,292.8,Canada,USDA,2024
1794,Cheddar Cheese,Grains,618.6,15.91,14.63,84.7,,34.64,354.6,376.7,189.16,13.44,257.6,57.6,77.0,36.5,Germany,Kaggle FoodDB,2024
332,Kale (ZM),Vegetables,686.9,15.89,46.4,112.47,,44.76,653.1,162.0,193.06,14.24,478.6,1.1,88.0,24.7,Nigeria,OpenFoodFacts,2018
4987,Avocado,Nuts & Seeds,660.7,16.31,63.47,51.1,14.55,37.72,337.4,89.3,195.39,11.56,,80.5,21.0,277.0,Mexico,FAO,2023
2922,Egg,Legumes,647.1,35.63,17.08,112.91,17.98,41.32,1367.3,523.2,67.09,4.66,76.5,40.6,76.0,294.9,Nigeria,NutritionData.self.com,2023.
2246,MUSHROOM (IK),Legumes,478.9,2.45,9.07,72.73,1.7,36.29,1336.8,365.6,89.04,17.4,2.2,33.8,5.0,198.4,Canada,OpenFoodFacts,2022
1775,Shrimp,Vegetables,712.5,,78.94,65.91,0.24,,1893.3,812.9,81.69,14.61,33.9,12.4,81.0,245.6,USA,FAO,2024
2532,LENTILS,Oils,749.1,6.05,52.26,47.31,,,179.5,416.1,197.77,18.07,,10.3,62.0,186.3,Australia,NutritionData.self.com,2023
4437,Lamb,Oils,,36.31,57.56,53.21,9.34,39.28,276.9,1157.2,150.69,6.21,224.1,24.0,71.0,272.0,UK,Kaggle FoodDB,2018
3946,Sweet Potato,Fruits,34.6,43.21,73.41,,15.18,34.29,848.8,168.6,173.16,,45.0,40.0,37.0,101.3,Germany,Kaggle FoodDB,2023
2592,Green Beans,Vegetables,727.5,42.02,,95.38,19.92,10.96,185.7,776.9,62.05,2.99,328.0,37.9,15.0,141.8,Brazil,Kaggle FoodDB,2020
3617,Black Beans,Proteins,510.0,47.92,8.79,59.34,4.1,,1065.5,312.7,110.47,16.19,326.4,9.5,69.0,114.2,USA,FAO,2023
3791,Onion,Oils,208.9,44.8,,71.38,3.3,21.42,,377.3,59.08,13.44,434.3,30.3,67.0,124.7,Germany,Kaggle FoodDB,2022
3957,SHRIMP (HM),Proteins,835.3,-1.0,6.38,51.52,12.21,53.41,328.2,390.5,133.54,0.08,6.2,17.1,81.0,291.4,Germany,NutritionData.self.com,2022
3804,Onion,Grains,,49.6,37.88,50.68,11.9,,1233.5,1087.4,,17.41,71.8,48.5,47.0,263.7,Brazil,USDA,2022
1367,Salmon,Vegetables,649.9,17.9,33.57,78.54,10.96,50.99,1966.0,506.0,83.8,12.72,74.2,27.8,92.0,82.6,USA,Kaggle FoodDB,2019.
174,MANGO,Proteins,219.3,1.82,19.39,36.62,2.99,24.34,709.1,391.9,96.87,17.2,104.1,91.4,4.0,293.7,Australia,FAO,2023
3037,Beef (Lean),Seafood,400.2,13.64,42.99,55.83,15.75,37.98,603.1,1070.5,16.87,4.45,468.8,54.3,1.0,143.8,UK,NutritionData.self.com,2020.
3551,Salmon,PROTEINS,727.3,45.74,27.76,105.84,,49.39,175.6,153.7,49.67,0.95,26.4,56.3,84.0,284.5,India,USDA,2023
2587,Black Beans,seafood,83.2,20.93,16.68,78.28,6.55,49.14,1528.6,584.0,166.06,,387.4,63.5,104.0,142.9,Brazil,Kaggle FoodDB,2019
1953,Kale,Nuts & Seeds,546.4,,3.94,77.24,12.19,33.73,,743.2,41.02,,431.1,12.6,13.0,208.2,Germany,USDA,2021.
2524,Mango,Fruits,335.7,36.46,32.32,100.62,8.05,38.69,1522.2,957.2,94.65,6.88,394.5,48.4,103.0,48.6,USA,OpenFoodFacts,2024
2037,WHITE RICE,Nuts & Seeds,120.4,13.32,19.06,12.63,10.44,26.56,,766.4,38.18,5.14,,9.5,101.0,25.6,Australia,NutritionData.self.com,2019
4265,Carrot (NA),Seafood,600.5,40.55,58.37,109.81,18.18,2.63,120.1,968.5,3.27,9.9,86.3,98.8,26.0,118.8,USA,NutritionData.self.com,2022
3517,GREEK YOGURT,oils,94.9,47.8,37.36,86.08,11.72,14.34,1785.7,373.0,174.45,15.17,8.3,5.4,102.0,50.7,Brazil,Kaggle FoodDB,2019.
3170,Chicken Breast (YJ),Vegetables,380.5,9.82,55.42,35.14,12.53,3.71,45.9,113.4,85.86,8.77,366.7,1.6,N/A,268.3,Brazil,FAO,2019
1,Kale,Proteins,349.6,19.74,29.89,59.96,14.6,5.54,1276.3,731.3,59.78,6.6,423.6,8.8,68.0,135.9,UK,FAO,2020
1357,Mushroom,Oils,,27.07,8.84,6.96,14.73,7.22,,545.2,75.33,2.86,325.9,96.4,21.0,102.1,Brazil,OpenFoodFacts,2023
3618,Almonds,Vegetables,763.7,4.98,33.97,109.56,9.22,50.22,437.1,71.4,69.2,15.22,259.2,22.1,96.0,53.0,Brazil,OpenFoodFacts,2019
2380,Sweet Potato (ML),Dairy,722.6,4.55,72.07,29.06,17.98,,453.0,535.2,7.98,17.23,30.9,76.2,94.0,166.7,UK,FAO,2023
2442,Egg,Legumes,496.7,3.85,49.15,83.25,9.06,31.16,72.1,236.5,96.3,,116.7,80.0,69.0,298.9,UK,NutritionData.self.com,2021
397,Turkey Breast,Nuts & Seeds,775.4,4.71,40.43,43.81,2.35,39.21,1671.7,225.1,54.03,19.98,156.8,52.0,94.0,39.6,China,OpenFoodFacts,2019
3689,Garlic,Vegetables,78.2,11.23,23.28,56.13,1.15,26.6,1665.9,966.6,34.99,14.53,436.7,30.9,18.0,206.7,China,OpenFoodFacts,2019
2513,Pineapple (FU),Proteins,414.5,1.23,12.62,,19.66,20.33,1325.4,1154.3,97.79,11.35,264.1,2.2,9.0,269.0,Germany,USDA,2022
1813,Corn (VO),PROTEINS,253.2,,15.51,108.7,6.65,47.87,204.2,908.1,67.89,0.42,104.5,93.7,107.0,67.3,China,USDA,2021
2941,Sweet Potato,Seafood,,18.24,22.61,77.33,6.48,10.52,1210.0,1.7,141.54,9.74,127.0,56.4,17.0,173.2,Canada,NutritionData.self.com,2023
3686,Kale (MS),Nuts & Seeds,517.9,29.32,14.35,13.01,5.53,9.26,1685.5,245.1,163.92,16.88,73.4,15.5,72.0,118.7,India,FAO,2020
817,Pasta,Legumes,540.3,6.11,71.18,85.56,9.58,42.58,,319.6,18.68,7.5,224.2,36.0,43.0,35.0,Canada,USDA,2023.
1573,Strawberry,Dairy,668.4,,6.96,107.5,13.04,46.19,,892.9,29.45,4.58,117.1,38.1,78.0,277.5,Nigeria,FAO,2021
3164,White Rice (KE),Nuts & Seeds,462.3,24.1,7.92,93.99,14.31,16.59,1564.1,693.9,34.78,18.11,143.1,30.0,34.0,292.6,Germany,OpenFoodFacts,2019
1801,Sweet Potato,Proteins,861.7,2.95,14.17,64.89,11.97,46.88,974.0,100.5,63.42,8.9,,75.4,45.0,171.0,Nigeria,NutritionData.self.com,2018
4075,Cheddar Cheese (LY),Grains,620.6,18.56,11.69,51.5,12.6,36.81,1832.5,710.6,,6.43,107.1,71.0,60.0,107.8,Germany,OpenFoodFacts,2024
3734,Peas,Legumes,461.3,22.76,63.13,,15.66,,1791.9,757.1,132.37,4.79,136.9,55.8,64.0,161.8,Australia,OpenFoodFacts,2020
2463,Brown Rice,dairy ,568.6,45.7,79.21,,16.26,,211.2,1039.2,7.61,17.88,,96.1,73.0,254.9,Canada,NutritionData.self.com,2020
4460,Greek Yogurt,Fruits,502.8,,61.6,10.99,13.48,21.75,,1000.4,100.87,1.88,144.1,84.9,38.0,30.4,Germany,Kaggle FoodDB,2023
3668,Salmon,Legumes,161.4,,22.79,119.72,4.63,58.12,647.4,1044.5,3.11,3.99,281.6,79.0,87.0,158.5,USA,NutritionData.self.com,2019
2593,Garlic,Proteins,506.2,36.27,31.01,27.52,,18.29,1922.0,394.4,171.09,15.03,64.2,48.8,29.0,190.7,Canada,USDA,2024
2485,Turkey Breast (HF),Fruits,427.2,20.24,59.11,104.14,13.36,47.61,56.3,809.5,162.26,2.49,38.7,88.4,25.0,240.6,Brazil,Kaggle FoodDB,2020
3222,ALMONDS,Proteins,162.0,,78.55,80.56,6.83,3.72,1619.9,713.1,55.45,,172.0,6.7,39.0,202.7,Nigeria,OpenFoodFacts,2023
3376,Mango,Grains,704.7,19.47,45.37,118.68,10.8,18.53,1935.7,716.7,22.32,13.72,1.3,28.3,83.0,297.0,UK,FAO,2018
555,Celery (GD),Grains,791.5,41.77,60.0,41.86,8.19,6.64,14.1,297.8,105.87,11.11,,68.7,83.0,89.3,Nigeria,FAO,2021
1160,Spinach,Seafood,45.7,41.82,53.77,23.74,,31.36,1120.2,250.5,14.77,19.45,251.3,69.4,27.0,29.5,Germany,FAO,2021
1214,CORN,Seafood,719.4,17.6,3.52,51.37,16.2,0.81,235.6,1033.0,31.24,10.97,,51.6,30.0,134.1,UK,FAO,2022
4077,Black Beans,legumes,397.6,39.23,47.44,112.46,3.51,7.07,807.4,531.5,78.43,2.48,281.8,33.0,16.0,13.2,Canada,OpenFoodFacts,2020
3837,Tofu,Proteins,840.6,25.2,77.04,4.82,6.19,17.5,74.1,580.1,183.1,,490.1,83.6,48.0,120.4,UK,USDA,2021
2464,Avocado,Nuts & Seeds,521.1,18.48,62.22,8.09,6.75,42.92,881.0,388.1,88.32,16.91,,45.2,46.0,77.7,China,USDA,2024
2520,Almonds,Proteins,656.0,2.91,48.33,57.41,15.45,24.69,837.5,813.2,54.59,12.95,23.8,95.4,51.0,104.5,Mexico,OpenFoodFacts,2022
701,Beef (Lean),Grains,488.7,14.81,14.75,35.84,17.63,43.55,1698.6,166.9,178.95,4.18,324.0,5.8,83.0,139.6,Canada,FAO,2023
4239,Bell Pepper,Proteins,637.9,24.86,40.78,109.76,19.03,28.76,776.8,814.8,123.31,8.57,402.3,7.0,94.0,126.6,India,USDA,2024
3272,Lamb,Grains,28.8,5.49,26.15,,1.16,14.53,,1168.9,96.72,13.97,472.3,70.1,66.0,16.5,Nigeria,OpenFoodFacts,2018
3529,Corn,Vegetables,871.6,34.03,43.82,62.28,6.53,31.63,640.9,420.0,180.93,3.23,152.9,83.6,17.0,269.6,India,USDA,2023
1456,Bread (Whole Wheat),Proteins,,9.64,8.06,118.62,0.65,37.52,1790.4,670.8,181.04,8.42,187.0,91.7,32.0,275.1,Australia,NutritionData.self.com,2024
4327,Egg (WE),Vegetables,39.4,37.78,32.87,1.65,14.05,14.95,1684.6,884.7,7.82,18.75,46.7,94.8,46.0,157.5,Nigeria,Kaggle FoodDB,2020
2672,Carrot,seafood,,28.11,7.54,85.35,15.62,49.55,1095.9,130.5,27.25,0.99,376.9,71.3,11.0,160.1,Nigeria,Kaggle FoodDB,2019
3033,Olive Oil (WE),Proteins,680.8,,33.64,84.06,2.93,,1380.3,147.9,37.14,9.83,413.5,59.0,79.0,250.5,UK,FAO,2019
867,Salmon (LB),Dairy,156.6,36.64,3.09,,,10.79,1359.3,890.3,97.26,2.26,,8.7,74.0,145.7,Australia,NutritionData.self.com,2022
1645,Mushroom,Proteins,98.4,13.46,21.56,59.8,,6.53,,246.5,111.17,17.05,437.3,67.7,20.0,35.1,India,OpenFoodFacts,2022
3008,Cucumber,Fruits,30.7,12.94,77.25,111.69,18.53,56.84,1289.2,359.8,80.35,12.81,7.8,8.4,28.0,47.9,Brazil,OpenFoodFacts,2022
3103,Olive Oil (DF),Vegtables,824.8,,16.07,16.53,15.04,23.22,1230.8,203.5,72.58,12.96,377.3,25.7,1.0,219.7,India,Kaggle FoodDB,2021
1491,Almonds,Proteins,229.0,30.23,75.23,3.7,13.39,31.45,,293.8,31.24,11.16,,45.0,107.0,231.1,Brazil,NutritionData.self.com,2019
2315,Cottage Cheese (BJ),Seafood,893.7,3.41,54.74,61.13,19.7,1.41,10.9,596.4,100.04,8.27,85.9,81.2,57.0,128.7,India,NutritionData.self.com,2019
730,Lamb,Legumes,164.0,46.19,50.72,,10.05,47.83,1097.3,992.0,103.82,2.7,120.7,40.3,42.0,223.9,India,FAO,2021
2893,Garlic,Proteins,698.6,40.1,13.39,112.95,13.07,3.57,1858.9,1138.9,143.92,15.94,394.8,64.0,47.0,19.9,India,OpenFoodFacts,2020.
3041,Bell Pepper (PM),Fruits,177.8,48.99,34.22,65.65,19.31,1.39,1827.0,1078.9,47.42,4.29,171.4,30.8,88.0,235.0,USA,NutritionData.self.com,2024
1937,Milk (Whole),Fruits,257.4,15.93,63.38,29.66,9.79,44.14,1693.2,679.8,164.07,5.79,437.4,86.0,90.0,77.3,Australia,OpenFoodFacts,2024
1111,Carrot,Dairy,737.9,48.83,51.33,47.76,,49.6,443.1,498.7,17.3,1.92,276.0,88.0,46.0,143.2,China,FAO,2024
4195,Oats,Seafood,564.9,41.88,7.9,,19.25,19.95,264.4,619.2,151.61,,142.3,72.7,62.0,94.6,Australia,USDA,2020
4611,Peanut Butter,Dairy,318.5,35.02,31.27,6.36,12.99,31.24,1342.8,646.9,132.84,3.63,449.2,83.1,9.0,157.3,Germany,NutritionData.self.com,2018
1186,Pineapple,Nuts & Seeds,844.8,40.15,79.22,82.05,3.22,16.36,799.0,791.3,101.38,16.9,231.0,81.6,10.0,196.0,China,USDA,2021.
2008,Broccoli,dairy ,703.5,0.11,69.58,45.74,18.14,44.99,1412.1,756.9,129.95,3.84,46.8,3.2,81.0,135.4,UK,NutritionData.self.com,2018
194,Mushroom,fruits,577.1,,71.09,,,11.57,1775.1,157.1,152.4,15.73,324.0,0.7,11.0,105.8,Mexico,FAO,2019
1516,Chicken Breast,Fruits,,11.72,50.22,65.63,9.65,44.15,42.5,464.7,149.5,11.61,370.6,43.5,29.0,283.9,Australia,FAO,2022
579,SHRIMP (NP),Vegetables,453.1,45.6,10.19,95.36,9.95,36.16,,586.7,,11.7,,74.8,14.0,61.3,Mexico,Kaggle FoodDB,2018
2124,Apple,Nuts & Seeds,387.6,43.99,77.92,96.05,15.56,46.04,856.1,649.1,5.36,12.49,425.2,18.7,75.0,16.9,Mexico,FAO,2023
1430,Tofu,Grains,783.8,29.58,38.02,71.64,8.21,29.2,500.8,870.2,114.76,4.23,437.2,8.1,64.0,237.4,Australia,OpenFoodFacts,2023
3828,Turkey Breast,Vegetables,444.3,16.52,5.93,99.46,13.39,55.44,816.3,756.1,160.21,6.29,102.8,13.5,30.0,245.5,Australia,USDA,2019
1379,Salmon,Dairy,336.1,48.4,18.22,63.51,12.93,58.75,424.6,208.3,197.89,19.38,23.9,18.0,95.0,158.1,China,Kaggle FoodDB,2019
1847,Carrot,Legumes,126.9,20.87,72.24,96.77,8.41,50.27,558.9,381.9,113.86,12.49,67.3,74.1,57.0,144.4,Brazil,FAO,2023
132,TUNA (CANNED),Nuts & Seeds,215.5,-1.0,18.59,118.18,,56.78,89.9,923.9,63.87,6.27,35.2,28.9,62.0,284.9,USA,USDA,2024
179,Salmon  ,Seafood,844.3,26.96,50.13,62.84,6.32,28.12,1125.2,289.8,50.3,13.76,443.4,10.8,2.0,190.1,India,USDA,2018
4606,Strawberry (JY),Nuts & Seeds,809.4,38.72,68.23,43.03,,51.61,587.6,730.3,,18.38,459.8,15.9,9.0,102.3,Brazil,FAO,2021
4906,Mushroom (OT),Oils,162.3,19.63,64.71,51.84,15.38,,395.6,909.6,32.12,14.06,303.3,96.2,41.0,24.6,USA,FAO,2021
2684,Lamb (DE),Grains,353.6,24.17,16.83,14.27,,55.68,436.4,883.9,192.98,9.99,9.6,21.8,29.0,24.3,UK,Kaggle FoodDB,2018
2526,Oats,Fruits,265.3,30.67,47.33,66.58,1.46,57.24,1725.4,730.2,57.76,2.25,376.3,51.9,4.0,230.5,Mexico,Kaggle FoodDB,2023
4982,Olive Oil (ZC)  ,Grains,233.3,30.21,27.53,56.1,5.74,23.27,444.0,126.4,26.3,2.14,,44.3,20.0,26.2,Australia,Kaggle FoodDB,2023
2074,Tofu,Vegetables,792.5,3.81,76.63,38.59,0.07,40.2,1906.5,909.5,136.92,2.54,492.5,25.5,49.0,128.1,Brazil,NutritionData.self.com,2024
659,Black Beans,Dairy,,48.14,35.69,,4.97,5.6,1396.1,3.9,133.46,11.01,381.9,95.7,18.0,197.1,China,Kaggle FoodDB,2023
1897,Cheddar Cheese,oils,,40.35,5.36,8.25,1.45,4.88,1288.7,827.5,149.79,18.38,,32.1,13.0,258.9,Nigeria,NutritionData.self.com,2022
3536,Shrimp (IH),Fruits,,16.26,20.14,61.34,4.76,30.53,1869.7,1120.0,171.26,2.15,207.9,86.9,36.0,27.1,Mexico,OpenFoodFacts,2022
3307,Black Beans (KQ),Seafood,-999.0,9.01,43.28,60.49,19.76,24.6,1844.8,970.0,26.04,12.58,362.4,62.1,91.0,57.8,Brazil,FAO,2020
343,Avocado,Oils,172.4,4.66,11.36,32.72,8.83,22.81,1117.5,32.1,185.47,11.78,88.3,76.7,54.0,286.3,UK,NutritionData.self.com,2019
3144,APPLE,Seafood,493.7,18.76,7.33,36.56,17.85,11.13,,135.0,29.23,0.18,320.1,74.7,55.0,115.4,Germany,FAO,2023
728,Chicken Breast (AB),PROTEINS,719.8,4.97,36.46,86.76,4.64,,190.0,458.1,101.14,12.76,,86.5,11.0,292.4,Germany,Kaggle FoodDB,2020
4033,Orange (EU),Oils,91.5,18.26,71.05,111.23,2.9,28.13,566.3,387.8,17.03,,380.6,31.8,47.0,249.6,Mexico,NutritionData.self.com,2020.
977,Milk (Whole),Grains,543.7,-1.0,75.0,56.05,2.04,,723.4,53.0,162.36,6.88,246.6,18.5,73.0,217.6,Germany,Kaggle FoodDB,2019
2169,PEANUT BUTTER (DA),Dairy,615.0,13.19,44.27,99.9,3.1,26.55,675.2,1153.5,152.39,,82.4,50.6,41.0,237.8,Brazil,OpenFoodFacts,2019
4723,Zucchini,Vegetables,199.7,35.73,28.37,59.23,9.55,33.84,1246.1,319.8,128.54,16.95,119.3,27.1,71.0,114.2,Mexico,NutritionData.self.com,2022
1929,Brown Rice,Oils,,34.93,37.27,7.59,9.66,,1397.1,789.0,30.29,1.44,402.9,9.2,20.0,291.4,Mexico,FAO,2022
4579,Lamb,Dairy,879.4,2.64,11.26,41.77,1.87,3.9,431.4,27.8,196.04,7.87,416.3,15.7,7.0,123.3,Germany,OpenFoodFacts,2024.
4797,Lentils  ,Legumes,164.6,,23.19,,17.79,54.09,530.4,693.0,11.56,10.54,119.8,32.1,93.0,150.6,USA,USDA,2021
1300,Strawberry (MC),Dairy,641.7,15.64,17.12,78.74,8.23,28.19,677.0,179.5,26.08,5.4,352.3,94.0,58.0,83.4,Brazil,USDA,2019.
3363,Watermelon,Vegetables,629.3,,28.49,43.08,4.53,57.26,1110.9,500.1,82.11,,32.7,83.6,39.0,244.7,India,FAO,2024
4740,Beef (Lean),Legumes,566.8,31.93,28.58,45.32,13.1,29.61,987.7,1015.3,,2.08,172.8,69.9,92.0,239.7,Australia,FAO,2020
661,Celery  ,Vegtables,333.4,9.29,37.64,36.13,14.69,19.42,1896.5,1039.9,109.3,,381.9,46.9,96.0,61.3,Australia,FAO,2021
1791,Cottage Cheese (EV),Legumes,152.1,41.31,65.46,70.03,13.38,42.18,1436.1,209.0,42.83,7.15,262.7,96.2,35.0,292.7,USA,NutritionData.self.com,2024
2687,Tofu (HO),Legumes,129.4,,51.17,18.81,9.09,42.37,,495.6,54.54,19.94,188.8,57.2,61.0,32.6,UK,FAO,2018
4332,Quinoa,legumes,136.3,38.31,10.58,103.14,3.92,21.46,174.8,620.9,,18.44,175.4,31.1,65.0,287.0,USA,OpenFoodFacts,2020
3173,Carrot,Fruits,160.4,,30.99,21.45,14.82,56.95,1037.8,737.9,,1.47,372.8,62.4,93.0,158.6,USA,OpenFoodFacts,2022.
2331,Banana,Vegetables,246.7,10.84,49.04,87.96,16.54,4.21,1739.7,828.6,144.08,18.06,353.0,31.8,35.0,227.8,UK,OpenFoodFacts,2021
3254,Mushroom (TN),Proteins,123.1,31.17,,55.61,,,,353.3,,0.07,447.0,1.1,84.0,32.0,India,USDA,2019
2878,Carrot,Proteins,200.1,19.41,53.3,31.46,13.91,30.84,279.0,513.9,36.37,,277.1,81.9,63.0,219.8,China,NutritionData.self.com,2019
3834,Apple,Nuts & Seeds,358.5,25.63,,105.61,0.93,30.2,532.8,568.7,0.29,19.92,,17.6,28.0,118.0,Mexico,Kaggle FoodDB,2022
3403,Spinach (TT),Nuts & Seeds,899.0,29.21,29.23,118.33,10.63,17.66,,75.4,184.8,14.23,48.1,29.9,60.0,55.7,Australia,USDA,2020
1279,Shrimp,Vegetables,145.4,42.2,65.34,21.19,4.15,45.21,1746.0,279.4,173.29,16.99,325.5,7.8,66.0,99.9,UK,Kaggle FoodDB,2023
3274,Brown Rice,Proteins,491.4,29.49,48.1,93.87,15.95,11.71,1520.7,1107.4,127.99,5.63,368.3,65.1,105.0,251.2,China,FAO,2022
1622,Strawberry  ,Fruits,72.9,20.38,21.92,97.77,3.88,13.08,1981.8,1058.7,4.24,16.97,403.2,61.6,73.0,203.2,Brazil,Kaggle FoodDB,2021
3215,Black Beans,Fruits,222.0,19.04,2.58,82.63,9.99,2.26,1587.0,436.8,75.33,14.44,364.1,34.9,N/A,116.2,Brazil,Kaggle FoodDB,2023
3015,White Rice,Grains,566.7,33.89,76.72,24.97,3.19,52.91,1217.8,829.6,133.62,,204.8,57.4,8.0,31.9,India,Kaggle FoodDB,2018
68,Pasta,Grains,,16.88,60.17,74.13,12.79,54.39,550.2,296.5,,8.23,494.2,55.9,N/A,197.3,India,NutritionData.self.com,2020
2749,Black Beans,Grains,733.8,15.2,14.05,15.19,7.97,51.75,735.2,307.0,107.46,16.11,130.8,35.4,36.0,156.0,India,Kaggle FoodDB,2020
2278,Blueberries,Nuts & Seeds,465.5,4.82,48.12,89.53,19.94,24.35,1098.1,31.0,127.32,14.27,495.5,14.5,5.0,161.1,India,FAO,2023
4041,Chicken Breast,Oils,782.2,7.35,2.08,84.98,8.54,46.8,1408.0,568.8,61.21,14.74,394.7,67.5,90.0,89.4,Germany,FAO,2019
821,Green Beans,Seafood,726.5,42.16,39.52,8.22,18.5,,,565.4,0.37,18.65,315.1,61.9,82.0,221.9,UK,NutritionData.self.com,2022
1227,Carrot,Vegetables,369.9,6.16,,17.25,9.02,53.68,,856.9,100.97,9.52,203.0,18.8,19.0,136.8,Brazil,Kaggle FoodDB,2024
4136,Almonds,seafood,34.3,27.66,24.71,74.15,5.47,39.67,685.3,246.0,128.23,19.39,395.4,57.1,69.0,63.8,Nigeria,Kaggle FoodDB,2024
4320,Bread (Whole Wheat) (QT),Vegetables,474.3,36.3,6.39,119.54,13.2,30.46,930.4,458.4,189.62,19.69,241.3,19.1,10.0,38.4,UK,NutritionData.self.com,2022
2790,Banana (JR),Nuts & Seeds,895.4,29.11,28.74,33.31,18.53,,1816.9,696.4,188.48,0.95,196.5,51.8,108.0,270.1,India,NutritionData.self.com,2018
4624,Lamb,Fruits,627.5,37.11,71.1,97.13,18.27,34.33,1790.8,1017.6,83.98,3.62,374.4,93.8,50.0,122.9,Brazil,USDA,2023
4597,Tomato  ,Oils,675.8,24.94,74.88,119.75,10.04,7.76,1761.1,1077.2,6.08,6.01,359.4,2.0,N/A,181.0,USA,FAO,2019
4404,Black Beans,Seafood,335.2,15.12,,,,58.73,552.7,1124.9,128.41,8.11,173.4,74.2,14.0,57.2,Mexico,USDA,2020
3569,Black Beans,Fruits,703.8,,76.26,,13.6,36.98,1770.3,96.3,188.98,7.33,419.5,48.0,63.0,186.7,India,USDA,2019
1144,Black Beans,Vegetables,517.8,43.81,61.72,115.75,11.5,52.36,356.6,39.4,112.76,16.87,314.4,9.5,109.0,246.2,Germany,OpenFoodFacts,2024
398,Turkey Breast,Oils,397.5,22.95,51.82,96.27,8.34,25.15,1179.6,960.4,132.19,8.11,124.4,92.4,73.0,57.8,Canada,OpenFoodFacts,2019
3097,Watermelon,Oils,879.8,4.24,13.13,4.26,8.67,16.45,607.9,664.2,38.62,16.01,141.5,38.3,41.0,75.7,Brazil,FAO,2022
4436,Black Beans,Grainss,266.9,14.89,28.28,92.98,1.92,,1624.8,4.7,154.77,5.84,186.7,75.4,87.0,119.2,Canada,Kaggle FoodDB,2020
2940,Black Beans (EE),Seafood,57.3,23.82,22.82,,8.16,15.32,1002.5,895.8,70.93,4.37,498.0,50.3,76.0,74.5,China,FAO,2022
1399,Cucumber (KN),Seafood,563.1,22.09,25.83,5.46,16.96,38.27,,612.9,20.71,14.56,386.0,34.9,33.0,163.8,Nigeria,USDA,2022
1660,Cheddar Cheese,Vegetables,413.5,14.88,23.9,2.97,15.03,13.37,,43.4,160.85,16.11,236.1,59.8,33.0,87.6,India,NutritionData.self.com,2022
980,PEAS (UR),Seafood,545.2,28.83,,19.1,5.18,47.75,1383.8,972.7,171.05,11.18,489.1,45.2,97.0,261.2,Nigeria,NutritionData.self.com,2022
1299,Celery,PROTEINS,580.1,36.26,53.15,60.32,8.67,40.22,766.1,706.4,7.9,18.68,474.2,58.4,62.0,105.4,USA,OpenFoodFacts,2022
3667,Cheddar Cheese,Grains,758.5,35.38,35.5,73.34,10.34,24.33,,449.3,24.28,7.69,110.1,94.5,9.0,148.9,Germany,USDA,2024.
83,Celery,Legumes,311.2,41.89,52.46,46.05,4.82,42.43,1519.1,845.0,158.38,0.16,450.2,36.4,29.0,290.1,India,Kaggle FoodDB,2021
2322,Peas (OC),Oils,648.3,26.65,77.55,0.43,19.6,8.53,539.5,948.9,88.51,11.26,144.7,46.9,106.0,239.6,Nigeria,FAO,2023
3715,White Rice,Dairy,891.3,44.47,15.15,9.3,13.89,40.01,993.7,539.6,147.32,5.59,429.4,9.5,97.0,247.1,Australia,NutritionData.self.com,2022
3986,Salmon,Nuts & Seeds,838.8,34.86,30.33,78.25,7.12,48.94,1364.9,1170.6,102.2,17.7,481.0,69.1,65.0,237.9,UK,USDA,2022
4031,Mushroom  ,Seafood,610.7,17.48,33.52,,19.15,43.6,278.7,259.9,165.06,18.48,,59.0,95.0,223.3,UK,USDA,2018
2439,Green Beans,Oils,496.4,14.05,14.52,52.66,6.04,38.69,1908.1,707.6,25.46,1.62,,96.6,74.0,104.2,Brazil,OpenFoodFacts,2022
424,Cottage Cheese (HW),Grains,455.1,20.61,26.19,85.13,10.96,0.2,1230.7,597.3,80.6,3.58,440.8,67.5,97.0,14.2,USA,Kaggle FoodDB,2024
3349,Banana,Dairy,296.2,23.45,34.46,114.77,6.32,,813.2,599.8,142.32,15.77,141.9,65.2,30.0,157.8,China,Kaggle FoodDB,2024
1905,Cucumber,Proteins,676.2,13.2,56.14,,13.91,19.89,690.3,1167.2,123.6,12.42,91.8,20.2,4.0,80.0,Brazil,Kaggle FoodDB,2023
4678,Greek Yogurt,Grains,866.0,3.53,61.2,64.47,13.74,,725.0,949.1,95.21,6.02,266.0,16.2,27.0,279.2,Australia,NutritionData.self.com,2024
3572,Cottage Cheese  ,Seafood,,19.45,2.38,39.56,11.48,44.03,20.8,66.5,100.35,3.68,184.5,23.7,12.0,59.3,Germany,Kaggle FoodDB,2021
3348,Peas,Vegetables,198.0,1.74,15.81,,4.66,54.32,1365.6,504.8,10.5,,469.2,8.7,32.0,51.9,Canada,OpenFoodFacts,2019
1566,Mango,Nuts & Seeds,392.9,17.87,21.07,109.01,12.35,48.51,304.5,686.1,162.11,3.15,,74.6,62.0,13.8,India,FAO,2020
3576,White Rice,Nuts & Seeds,346.9,3.59,62.46,84.25,18.29,,833.0,243.5,75.77,3.25,453.3,91.9,91.0,47.8,Germany,Kaggle FoodDB,2018
840,Black Beans,Nuts & Seeds,0.0,31.54,38.02,107.02,11.69,19.33,817.7,695.2,119.14,13.08,19.3,3.8,71.0,285.6,Nigeria,Kaggle FoodDB,2018
501,Tomato,Nuts & Seeds,634.4,25.99,2.98,115.27,8.66,39.02,1929.9,253.1,189.32,18.83,461.3,96.8,42.0,185.3,India,FAO,2024
142,Egg (AT),Oils,241.6,6.39,37.54,117.79,3.48,37.02,,1047.0,191.22,15.63,238.7,38.3,100.0,101.2,Canada,USDA,2024
1378,Carrot,Seafood,473.0,,37.36,57.8,14.9,50.41,84.7,442.5,126.16,8.97,142.7,70.7,6.0,234.6,Nigeria,OpenFoodFacts,2018
3941,EGG,Legumes,686.4,23.17,12.06,81.5,15.96,6.52,846.7,936.7,86.85,,66.6,80.9,65.0,249.2,Nigeria,USDA,2020
4122,Bell Pepper (YT),Fruits,482.4,23.45,29.7,3.93,12.77,,1373.0,341.8,181.22,12.57,248.1,30.9,69.0,182.5,Germany,Kaggle FoodDB,2023.
1139,Turkey Breast (IA),PROTEINS,442.9,,55.05,113.37,3.29,42.83,1090.9,427.3,76.48,6.61,267.4,98.0,77.0,116.3,Australia,FAO,2019
4403,Pineapple,Proteins,236.3,28.04,5.05,68.47,4.98,57.55,159.0,432.1,24.72,16.08,278.1,16.5,22.0,46.8,UK,OpenFoodFacts,2018
1788,Lamb,Dairy,560.3,40.27,46.31,73.57,10.78,39.7,100.0,1065.4,124.93,15.74,461.8,49.9,105.0,169.7,USA,USDA,2018.
104,Egg,Legumes,467.5,16.69,27.02,67.26,5.76,1.91,100.5,401.1,,17.34,22.7,82.4,58.0,266.5,Nigeria,NutritionData.self.com,2020
551,Tofu (FU),nuts & seeds,477.7,,34.83,58.94,11.23,15.12,917.0,480.8,33.45,1.97,89.9,57.7,10.0,285.5,USA,USDA,2020.
3306,Broccoli,fruits,328.5,,,78.55,8.52,,1264.9,574.1,15.74,12.62,147.6,17.1,69.0,103.4,Nigeria,FAO,2022
2020,Pineapple (OB),Oils,604.1,,5.67,88.08,5.44,51.76,0.8,536.0,17.55,18.53,447.4,29.3,14.0,92.4,Mexico,Kaggle FoodDB,2019
949,Beef (Lean),Oils,789.0,34.04,17.8,58.98,4.29,3.27,613.5,198.5,89.18,15.43,65.5,18.0,96.0,191.3,China,OpenFoodFacts,2020
2410,Mango,Vegetables,419.5,29.9,78.34,56.59,10.53,20.18,1564.7,165.8,78.83,9.46,312.3,53.2,46.0,153.5,USA,FAO,2022.
533,PINEAPPLE,Nuts & Seeds,897.0,34.61,76.25,,8.4,22.99,538.3,958.8,27.04,0.83,210.4,64.3,69.0,195.9,USA,Kaggle FoodDB,2023.
4664,Broccoli,Oils,749.3,2.06,42.85,45.68,18.98,49.3,526.8,1100.4,107.01,3.19,195.0,87.5,25.0,26.4,Nigeria,OpenFoodFacts,2020
1830,Quinoa,Fruits,277.7,20.31,3.37,66.0,4.92,10.81,1373.1,875.3,74.96,7.37,479.9,20.4,8.0,275.2,UK,FAO,2018
3108,Peas,Seafood,28.0,24.79,72.72,37.6,15.83,24.36,1680.2,322.7,5.0,16.41,266.2,66.5,94.0,106.6,India,OpenFoodFacts,2021
4891,Cucumber (ED),Proteins,298.2,35.88,54.75,18.61,14.4,,1167.7,1050.6,119.42,7.31,98.0,63.1,19.0,299.7,Brazil,Kaggle FoodDB,2018
4113,Avocado,oils,81.1,27.05,14.95,64.72,9.29,11.54,,943.1,103.08,16.62,373.0,34.7,17.0,166.4,Australia,FAO,2019
1603,Kale (HN),Seafood,219.5,18.36,76.0,,14.55,57.86,622.2,234.5,2.24,,,37.6,69.0,64.9,USA,USDA,2021
640,Strawberry,Seafood,352.0,2.55,21.24,90.3,1.86,8.42,99999.0,589.2,135.18,14.63,283.0,66.0,86.0,119.7,Australia,FAO,2023
4981,Green Beans,Legumes,880.0,17.76,20.73,106.8,11.49,13.39,463.8,683.1,153.45,4.27,247.9,78.3,37.0,80.0,China,Kaggle FoodDB,2022
968,Olive Oil,Nuts & Seeds,281.5,4.46,,58.51,,44.47,711.1,1129.9,109.89,5.17,,26.6,N/A,270.6,USA,NutritionData.self.com,2024
4370,Spinach,Oils,182.3,29.11,,37.16,11.6,44.68,1755.0,1030.8,45.58,13.57,211.6,45.3,86.0,172.3,Germany,NutritionData.self.com,2018
2907,CHICKEN BREAST,Proteins,876.3,,,47.38,7.07,6.39,1307.4,1106.8,27.89,1.41,118.6,60.8,49.0,134.7,China,OpenFoodFacts,2024
1684,Bread (Whole Wheat),Proteins,743.8,15.54,21.69,,0.26,39.57,754.7,540.4,33.31,1.72,450.3,14.8,105.0,199.6,Canada,NutritionData.self.com,2019
4610,Pineapple,seafood,351.5,,,71.79,19.01,44.96,1186.5,603.1,145.51,5.9,199.8,86.6,30.0,178.3,USA,FAO,2023
3907,Orange,Oils,472.4,31.94,73.75,98.48,10.52,57.92,609.2,736.6,149.02,15.33,21.0,49.5,65.0,34.8,Australia,NutritionData.self.com,2021
156,Cheddar Cheese,Nuts & Seeds,233.0,15.12,33.36,81.67,3.8,55.8,1587.9,1023.4,64.18,,111.6,49.8,89.0,136.5,Brazil,NutritionData.self.com,2022
2649,OATS,Proteins,400.8,16.05,55.47,41.71,13.28,28.72,1329.1,626.3,120.4,12.67,128.8,56.1,N/A,227.5,Nigeria,Kaggle FoodDB,2019
3190,Bell Pepper,oils,714.6,,76.71,109.67,9.15,35.52,,220.3,137.67,12.1,401.7,79.5,N/A,95.7,Brazil,Kaggle FoodDB,2022
1090,Mushroom,Seafood,223.9,,51.73,113.54,13.33,7.23,843.0,1154.4,87.15,8.92,332.9,67.9,51.0,73.2,India,OpenFoodFacts,2018
2828,Mushroom,Fruits,104.0,16.86,1.88,21.19,16.94,,925.7,789.8,,3.77,421.9,10.8,45.0,274.7,Canada,FAO,2018
4373,Salmon (DT),Seafood,65.0,2.6,60.84,39.71,0.9,37.73,517.3,550.0,157.98,1.35,395.7,49.2,33.0,172.9,Canada,Kaggle FoodDB,2018
289,Spinach,Fruits,272.2,4.93,49.53,85.96,8.41,16.81,985.5,57.0,117.58,6.25,336.9,42.3,47.0,286.8,Brazil,Kaggle FoodDB,2018
931,Lamb (TA),Vegetables,142.6,4.02,,4.7,12.58,13.26,752.1,157.8,50.55,10.5,86.6,57.0,8.0,193.4,Germany,FAO,2019
2700,Onion,Vegetables,700.2,13.94,,104.97,18.43,39.74,701.8,1174.4,13.54,6.88,320.7,37.7,94.0,272.3,Australia,OpenFoodFacts,2020
3117,BROCCOLI,nuts & seeds,670.1,36.58,26.47,50.87,10.74,16.1,236.0,942.6,190.33,3.89,258.3,24.7,100.0,148.6,Brazil,FAO,2022
4138,Beef (Lean),PROTEINS,304.7,16.21,4.84,6.12,11.86,12.5,433.2,268.7,111.13,17.31,,85.0,59.0,67.9,Australia,Kaggle FoodDB,2019.
2577,Milk (Whole),Proteins,881.5,29.08,2.79,3.33,6.71,,408.0,1005.5,145.03,4.1,231.5,24.6,31.0,249.5,UK,OpenFoodFacts,2021
3690,Onion (FT),Grains,36.9,9.48,63.55,42.84,14.37,9.95,1442.2,314.1,98.48,5.13,154.0,76.2,100.0,195.3,UK,Kaggle FoodDB,2021
943,Kale,Vegetables,593.2,1.08,24.88,70.72,16.34,58.96,1315.2,830.7,142.03,18.91,111.4,96.1,72.0,75.8,India,Kaggle FoodDB,2023
4103,Blueberries (YR),Grains,502.4,16.28,23.23,71.65,0.93,51.84,1579.5,655.0,190.2,16.57,66.5,54.9,40.0,125.8,Germany,NutritionData.self.com,2022
4807,Apple,Oils,88.5,36.97,23.22,75.23,10.86,50.45,707.4,582.8,114.17,11.0,405.8,50.6,106.0,290.3,Germany,OpenFoodFacts,2024
1699,Tuna (Canned),Grains,867.5,40.46,72.11,80.04,6.93,3.3,146.8,90.2,36.1,3.96,53.8,21.0,16.0,277.1,Mexico,Kaggle FoodDB,2020
4855,Orange,Legumes,572.3,43.17,37.47,,6.64,15.7,271.1,244.6,47.03,7.16,,94.3,84.0,34.8,China,USDA,2021
3151,Peanut Butter,Oils,574.6,26.76,21.03,88.05,15.62,18.48,,873.7,183.68,9.48,285.0,4.7,72.0,251.7,UK,NutritionData.self.com,2018
3933,Celery,Fruits,568.0,8.65,5.62,59.95,0.91,36.84,1971.2,101.8,9.04,0.02,125.7,36.2,80.0,104.2,UK,USDA,2018
3367,Lentils (WZ),Grains,305.6,22.42,13.14,113.0,4.74,30.47,155.4,1114.5,188.36,15.78,132.6,34.5,109.0,177.5,Australia,FAO,2024
3271,Avocado,Legumes,242.9,17.19,13.43,,10.22,,804.1,1105.8,78.75,6.67,,77.0,N/A,182.2,Canada,OpenFoodFacts,2021
986,Pineapple,legumes,456.0,0.8,17.11,39.77,,44.82,245.7,582.0,162.84,13.38,202.0,35.0,5.0,27.9,Nigeria,OpenFoodFacts,2020
2953,Bread (Whole Wheat),Proteins,648.6,30.19,49.27,,12.98,,1868.0,208.4,191.76,18.55,351.5,17.5,105.0,89.6,Nigeria,USDA,2022
4865,Kale (IW),Seafood,296.1,34.68,58.56,,4.7,59.11,1109.8,1113.9,127.96,8.98,,5.1,62.0,194.9,India,OpenFoodFacts,2019
2370,Banana,Legumes,661.7,45.06,67.27,26.1,10.88,43.54,1778.7,809.0,133.48,5.37,90.3,3.4,56.0,285.7,Nigeria,OpenFoodFacts,2023
4925,Carrot,Oils,63.7,26.64,40.92,7.58,0.46,44.55,708.5,310.2,185.9,3.72,423.3,70.4,N/A,85.8,USA,FAO,2019
982,Tomato,Nuts & Seeds,698.4,0.95,47.38,104.42,16.11,23.19,1937.3,630.5,3.52,3.3,140.6,30.3,6.0,187.1,China,FAO,2023
2654,Garlic,nuts & seeds,66.1,40.63,36.4,100.22,17.09,42.53,1196.9,631.1,178.86,6.01,169.9,65.5,58.0,154.2,UK,OpenFoodFacts,2022
2586,Blueberries,Vegetables,569.8,33.79,21.09,31.84,13.38,41.53,573.8,491.5,22.27,4.59,163.7,32.6,35.0,86.5,Brazil,Kaggle FoodDB,2021
3372,Pasta,dairy ,543.9,21.91,19.77,85.22,19.87,16.47,1620.6,547.4,10.28,0.35,303.8,75.6,75.0,50.8,Australia,USDA,2022
3134,Salmon,Dairy,,18.74,,,3.86,59.82,792.1,748.8,34.68,3.82,52.0,43.9,29.0,160.1,Brazil,USDA,2023
3758,Oats,dairy ,321.1,16.45,65.63,33.01,,29.65,738.6,788.7,71.66,10.62,356.4,4.9,N/A,210.1,Germany,FAO,2022
2527,White Rice,Oils,205.4,29.31,1.01,86.67,13.19,35.58,1178.0,61.6,196.23,,96.2,15.2,108.0,230.3,UK,FAO,2022.
4097,Mushroom (CL),Vegetables,32.0,14.52,45.02,,10.32,56.96,1878.9,1140.2,,9.42,424.5,80.9,85.0,125.8,China,USDA,2020
1458,Spinach,Fruits,615.3,20.35,24.57,90.41,12.71,20.32,1070.1,647.0,73.59,0.27,486.2,93.8,56.0,206.2,Australia,USDA,2018
1396,Beef (Lean),Grains,749.4,13.97,20.31,57.9,3.05,12.8,1606.6,840.7,104.87,12.9,353.8,94.7,16.0,68.3,Australia,OpenFoodFacts,2024.
265,BLUEBERRIES,Oils,792.1,48.6,65.85,,1.29,42.39,566.4,519.7,108.26,18.15,417.0,53.5,25.0,30.9,Nigeria,FAO,2020
2550,Tuna (Canned),Vegetables,78.1,35.23,68.89,65.54,7.81,42.59,1488.1,873.9,90.99,9.92,172.0,50.0,43.0,219.7,Nigeria,OpenFoodFacts,2019
930,Peanut Butter (JK),Seafood,246.9,44.63,69.84,44.18,5.68,59.5,1595.6,375.0,47.56,,,70.7,101.0,205.4,UK,NutritionData.self.com,2024.
3264,Watermelon,Legumes,35.9,1.2,57.35,112.73,3.61,11.93,1473.9,47.7,21.71,3.74,308.3,53.1,14.0,161.2,USA,FAO,2023
2423,White Rice (KJ),Vegetables,,19.58,12.04,35.47,,19.26,698.3,221.6,19.0,19.82,144.6,39.4,25.0,216.9,Germany,USDA,2024
2179,Mushroom (DV),dairy ,,10.61,38.78,91.41,17.31,4.87,590.7,1033.8,111.98,14.82,346.2,12.4,67.0,38.8,Nigeria,NutritionData.self.com,2023
4073,Tomato,Vegetables,542.9,21.2,27.79,40.82,9.55,29.81,675.4,214.2,105.34,2.95,308.8,30.6,60.0,26.7,Australia,OpenFoodFacts,2021
247,Cucumber,Grains,,,12.81,96.96,10.51,22.61,1789.7,187.1,65.63,5.87,422.7,73.7,10.0,162.4,Brazil,NutritionData.self.com,2018
3827,Watermelon (BA)  ,Proteins,430.7,32.55,39.24,84.67,15.49,33.87,,640.6,13.15,4.98,225.3,25.0,26.0,294.0,Mexico,FAO,2024
1759,Corn (YB),Proteins,116.6,49.96,,62.31,1.27,45.66,660.6,285.2,80.91,5.73,344.5,71.8,17.0,97.2,Nigeria,NutritionData.self.com,2019
3570,Pineapple,Seafood,778.7,13.79,68.04,60.85,5.92,7.04,1172.6,779.0,194.22,12.65,348.6,15.6,85.0,16.0,Nigeria,USDA,2020.
4644,Tuna (Canned),Proteins,135.9,,49.43,58.02,11.9,51.0,1577.5,427.4,197.91,13.31,307.1,90.3,21.0,284.6,Canada,OpenFoodFacts,2022
924,Orange (OU),Dairy,723.9,32.44,2.03,50.86,6.45,5.85,1539.9,54.7,5.64,7.98,244.2,58.8,80.0,54.8,Nigeria,USDA,2024
4204,Carrot,Grains,867.9,23.87,64.96,5.22,14.74,21.14,770.8,529.9,,15.33,239.2,66.8,72.0,19.7,USA,NutritionData.self.com,2021
269,Onion,Nuts & Seeds,336.4,42.91,24.81,28.06,9.28,8.42,1743.3,745.7,59.9,19.72,375.9,28.5,25.0,112.6,India,USDA,2019
670,Peanut Butter,Legumes,270.9,37.4,7.94,6.65,7.54,29.55,489.6,794.4,147.19,,426.1,6.6,61.0,257.8,Canada,FAO,2022
2916,Lamb,Legumes,603.5,12.32,39.99,25.31,12.05,44.19,492.0,651.2,122.84,1.1,437.2,39.2,N/A,299.0,USA,FAO,2019
1911,White Rice,Nuts & Seeds,0.0,20.86,74.12,114.33,11.73,49.66,1783.2,653.8,183.92,6.32,393.9,3.8,18.0,38.1,Australia,FAO,2024
4913,Lamb,Legumes,490.4,4.94,59.16,85.17,2.54,40.06,1257.4,787.7,141.31,13.88,449.0,90.3,84.0,107.1,Nigeria,NutritionData.self.com,2021
1153,Carrot,Dairy,633.8,,29.43,67.89,13.73,13.2,965.0,507.8,86.48,17.36,319.4,29.6,3.0,97.2,USA,OpenFoodFacts,2019
4965,Tofu,Oils,444.7,24.64,30.79,19.64,7.76,37.76,1998.5,921.4,47.49,11.98,485.8,34.3,N/A,14.5,Australia,USDA,2020
3683,Peanut Butter,Proteins,700.0,8.89,67.49,74.17,11.96,24.94,298.8,796.2,67.07,14.31,391.1,52.7,33.0,166.9,China,FAO,2020
4374,Tuna (Canned),Vegtables,370.1,43.69,41.85,86.66,14.28,2.54,450.3,462.2,30.76,16.38,302.6,73.7,107.0,261.4,USA,Kaggle FoodDB,2021
1782,Celery (AB)  ,Dairy,813.6,24.15,44.93,52.25,18.36,31.47,561.6,612.9,191.17,18.86,61.8,73.4,44.0,113.9,Nigeria,OpenFoodFacts,2022
3948,Celery (CN),Proteins,550.2,46.55,34.19,86.14,15.67,18.42,579.3,643.0,89.25,10.24,118.9,18.2,73.0,137.1,China,NutritionData.self.com,2021
4111,Tuna (Canned),Dairy,516.2,47.17,66.36,60.08,14.98,21.01,1097.2,789.8,173.24,10.34,308.3,52.2,49.0,269.7,Australia,USDA,2019
1916,Corn,Oils,655.4,8.72,79.13,58.59,8.78,47.14,361.7,361.1,,16.33,409.7,24.1,46.0,66.8,Brazil,OpenFoodFacts,2023
613,Cucumber,Dairy,572.6,41.08,11.21,32.4,,28.71,448.6,326.6,86.32,18.49,301.5,64.6,107.0,267.7,UK,NutritionData.self.com,2018
2560,Strawberry (JF)  ,Dairy,460.5,40.55,46.88,115.22,9.13,41.44,1398.3,739.4,103.58,1.27,4.0,42.7,96.0,273.8,Australia,NutritionData.self.com,2022
2268,Green Beans  ,Fruits,638.3,19.37,29.06,66.16,16.26,46.72,1224.3,140.3,,7.52,319.7,65.0,50.0,44.5,Nigeria,OpenFoodFacts,2022
3869,Watermelon,seafood,599.2,32.49,49.44,11.2,1.82,49.64,1240.7,1021.7,94.53,13.39,,63.6,68.0,18.2,Canada,NutritionData.self.com,2020
1899,Tuna (Canned),Dairy,332.7,16.07,55.35,112.25,2.04,21.02,446.6,712.0,15.21,17.13,403.0,4.9,6.0,229.3,UK,NutritionData.self.com,2023
1650,Corn,seafood,643.7,42.96,65.18,39.08,,,1338.8,33.8,32.09,14.4,426.3,29.3,88.0,73.4,UK,USDA,2023
2610,Corn (IX),Proteins,75.2,10.64,,,4.09,,1954.2,1061.8,75.26,10.77,103.9,32.9,68.0,153.7,UK,Kaggle FoodDB,2022
259,Beef (Lean) (MV),Legumes,521.7,20.92,69.87,96.02,,2.96,925.6,179.3,77.8,0.16,476.3,98.6,59.0,201.8,USA,NutritionData.self.com,2024
848,LENTILS (HS),Proteins,897.2,36.83,71.13,92.82,4.41,1.39,234.3,1189.6,116.73,17.47,329.1,60.4,65.0,138.7,UK,USDA,2020
4385,Avocado,Dairy,792.7,26.79,66.36,104.24,15.08,,662.5,999.2,61.71,14.16,402.7,21.4,96.0,295.1,Nigeria,Kaggle FoodDB,2019
1234,Sweet Potato,Vegetables,47.4,8.81,50.22,33.63,15.99,58.47,1879.1,135.2,117.53,11.44,349.9,49.9,57.0,88.9,Mexico,Kaggle FoodDB,2018
1128,Bread (Whole Wheat) (RC),Grains,379.4,,,45.67,15.87,3.46,76.6,105.2,136.94,20.0,271.9,67.7,61.0,104.1,Germany,Kaggle FoodDB,2024
4735,Onion,PROTEINS,398.9,37.34,43.31,47.15,16.76,40.46,1142.7,718.8,44.44,16.26,72.3,6.7,42.0,71.1,Nigeria,NutritionData.self.com,2021
1968,Peas (PS),legumes,338.8,18.17,8.0,28.43,15.72,52.86,1760.2,691.7,112.95,11.57,311.4,75.9,107.0,84.4,Brazil,FAO,2020
559,Turkey Breast (TL),Seafood,684.5,13.83,24.78,110.4,2.03,,316.1,709.6,186.52,4.56,368.5,49.4,29.0,217.7,Canada,NutritionData.self.com,2020
905,Strawberry,Fruits,390.9,5.05,48.7,23.5,17.21,38.47,1823.1,1035.3,0.51,13.39,232.0,15.3,49.0,15.5,Australia,OpenFoodFacts,2023
485,Blueberries,Fruits,534.2,34.68,3.96,86.68,16.74,12.84,945.1,329.4,180.34,2.57,486.3,39.5,83.0,51.0,Australia,FAO,2024
2212,Oats,Seafood,728.3,8.62,40.72,,6.29,1.36,1522.9,1091.0,,11.83,154.8,64.4,30.0,107.4,Canada,FAO,2019.
1321,Corn,Legumes,237.5,30.94,48.23,106.06,2.7,10.28,306.2,1001.3,134.83,2.3,4.7,89.3,29.0,298.1,Australia,FAO,2019
2506,Watermelon,legumes,116.2,47.32,78.6,,12.41,23.48,622.7,313.2,116.06,3.49,487.5,24.5,78.0,219.2,Australia,OpenFoodFacts,2018
8,Bread (Whole Wheat),Dairy,782.2,42.39,51.51,67.85,2.33,14.69,813.9,1131.0,91.14,15.73,315.8,76.5,94.0,204.9,Canada,USDA,2021
4093,Green Beans,Proteins,441.1,24.45,33.61,16.55,5.31,25.55,1946.8,1014.2,189.04,4.39,372.9,93.4,79.0,107.4,Mexico,OpenFoodFacts,2019
4180,Green Beans,Nuts & Seeds,289.1,0.39,20.63,65.2,10.38,,1126.6,1157.6,77.74,0.25,398.2,20.2,6.0,257.5,Germany,NutritionData.self.com,2022
3401,CORN (RH),Nuts & Seeds,79.2,25.0,79.05,95.75,9.05,26.3,754.2,35.1,93.31,8.19,482.3,93.4,41.0,155.7,Nigeria,NutritionData.self.com,2024.
1451,Cheddar Cheese (RH),Vegetables,457.5,42.07,13.94,101.6,,26.04,186.1,769.5,52.51,5.64,311.5,63.7,22.0,292.6,UK,Kaggle FoodDB,2021
1202,Strawberry,Dairy,41.6,20.19,,92.41,11.88,30.79,579.5,900.9,95.02,,121.9,88.3,79.0,29.9,China,OpenFoodFacts,2023
1815,Cottage Cheese (XC),Grains,,23.91,19.24,,12.16,48.37,1602.4,530.2,,,429.6,2.7,29.0,92.6,India,Kaggle FoodDB,2021.
774,Olive Oil,Vegtables,369.6,36.0,16.18,107.72,2.31,38.2,646.2,99.3,17.62,1.18,148.0,68.2,55.0,92.8,Nigeria,OpenFoodFacts,2019
2275,TURKEY BREAST (NI),Oils,856.5,21.57,26.38,29.73,18.63,18.37,429.1,417.3,133.21,,256.5,68.2,57.0,287.9,China,FAO,2020
1012,TUNA (CANNED),Fruits,889.1,40.91,54.06,40.21,7.98,50.46,177.1,783.4,109.51,14.9,368.6,66.2,106.0,91.4,Mexico,OpenFoodFacts,2019
3002,Celery (RD),Fruits,,34.4,,48.29,3.68,,612.4,796.4,34.82,8.25,304.2,93.1,25.0,37.3,USA,FAO,2019
2606,Pork Loin (OU),Oils,469.8,33.55,36.09,,19.52,5.61,1054.1,997.8,38.27,6.98,90.8,68.2,106.0,25.4,China,OpenFoodFacts,2022
1992,Bell Pepper (MR),Oils,159.8,12.11,12.45,56.56,7.65,1.83,1180.4,357.2,123.27,6.43,312.2,61.8,37.0,269.8,UK,NutritionData.self.com,2020
1278,CHEDDAR CHEESE (EY),Grains,888.3,18.29,48.34,63.84,11.9,57.18,1684.7,125.0,115.53,10.02,479.5,33.8,15.0,149.1,Brazil,OpenFoodFacts,2024
1784,Spinach,Vegtables,580.7,15.87,58.25,59.81,18.91,2.42,353.9,194.1,,13.49,397.7,98.4,64.0,80.4,China,USDA,2019
3313,Avocado,Nuts & Seeds,643.7,1.56,,56.16,2.0,35.3,1449.7,1042.0,20.64,1.38,132.9,64.9,N/A,229.5,Mexico,FAO,2018
447,LENTILS,Seafood,887.7,17.46,31.54,56.14,1.82,49.08,1342.0,631.1,127.61,2.07,172.7,38.3,12.0,289.3,Brazil,FAO,2018
881,Beef (Lean),Dairy,223.3,10.29,29.96,3.99,6.29,36.56,986.0,306.0,197.44,0.52,444.6,59.6,7.0,202.2,Germany,Kaggle FoodDB,2020
368,Green Beans,Vegetables,816.7,18.61,29.3,54.15,,17.71,1529.3,56.0,156.16,13.04,,41.8,8.0,66.2,Canada,OpenFoodFacts,2024.
782,Broccoli,Proteins,497.6,20.32,40.19,81.92,1.15,15.26,1521.0,638.8,138.21,15.2,121.6,21.4,28.0,22.4,USA,OpenFoodFacts,2020
1750,Quinoa (PW),Vegetables,140.7,20.45,9.14,21.96,5.21,5.53,1939.2,1186.8,76.04,6.28,259.6,65.4,29.0,175.9,Mexico,Kaggle FoodDB,2023
3615,Watermelon,Legumes,343.3,11.73,39.14,92.91,9.24,14.18,1973.3,1099.3,87.8,15.94,103.8,46.5,16.0,32.4,Germany,Kaggle FoodDB,2021
3514,Green Beans,Grains,738.9,34.43,58.44,108.78,4.23,22.26,1218.8,1071.2,184.61,10.29,304.4,72.0,97.0,52.1,Brazil,FAO,2022.
3918,Black Beans,Proteins,324.3,41.48,58.92,97.55,11.07,16.45,620.3,452.1,93.89,13.54,,51.9,107.0,165.1,Brazil,NutritionData.self.com,2024
4457,Mango,Vegtables,629.0,19.07,,9.47,12.55,10.03,1363.7,145.2,118.12,13.79,394.6,3.0,92.0,161.1,Canada,USDA,2018
884,TUNA (CANNED),nuts & seeds,111.6,49.78,,21.66,10.03,4.1,657.1,387.5,30.26,6.88,402.8,68.8,92.0,54.7,Australia,FAO,2024
2528,Apple,Fruits,,27.43,0.1,108.48,14.32,37.58,957.4,659.4,177.77,9.89,455.9,55.7,2.0,122.1,USA,FAO,2024
1092,Spinach,Seafood,591.7,38.82,63.56,71.44,3.89,46.8,1588.4,1029.3,147.57,9.32,202.2,62.4,22.0,209.1,China,USDA,2020
3130,Celery,Dairy,757.9,11.76,16.2,86.84,17.89,30.6,1603.3,994.8,85.02,0.22,,65.2,1.0,286.8,USA,Kaggle FoodDB,2019
532,QUINOA,Dairy,899.8,6.76,60.7,78.7,11.64,36.35,1150.5,443.7,38.65,16.54,314.1,92.4,62.0,136.1,UK,OpenFoodFacts,2022
4582,Tomato  ,Seafood,,27.43,3.4,58.81,1.19,23.24,144.7,222.0,177.59,1.65,216.9,8.9,55.0,253.5,UK,USDA,2022
4572,Apple,Vegetables,613.9,5.21,75.31,117.35,5.42,59.52,28.5,783.3,34.43,12.22,177.0,79.4,13.0,97.0,Germany,Kaggle FoodDB,2018.
3543,Quinoa,Oils,149.3,40.23,4.21,59.82,7.25,56.77,141.1,989.9,160.62,18.19,392.2,60.7,35.0,254.4,Nigeria,Kaggle FoodDB,2018.
4227,Almonds,Vegetables,341.0,20.19,,60.37,13.38,32.25,1653.8,11.0,110.61,10.07,201.4,5.7,22.0,265.3,Australia,NutritionData.self.com,2024
2291,Shrimp,Proteins,557.5,36.15,34.2,53.61,2.29,33.23,1467.2,452.6,5.63,6.79,43.7,33.6,71.0,223.3,Canada,USDA,2020
1728,Olive Oil,Fruits,897.1,4.58,59.61,5.73,18.19,42.64,,741.8,55.12,15.83,178.3,4.4,11.0,87.2,Nigeria,NutritionData.self.com,2018
611,Cottage Cheese (FR),PROTEINS,54.6,3.94,42.92,,7.28,15.47,1821.5,341.1,30.19,1.03,324.4,29.2,89.0,216.1,Germany,FAO,2021
571,Bread (Whole Wheat),Oils,472.3,48.78,50.4,104.87,14.24,36.21,1521.8,943.0,17.35,18.79,1.2,30.5,17.0,164.6,India,Kaggle FoodDB,2023
2846,Tofu,Seafood,334.3,-1.0,22.28,30.31,,41.45,1039.3,89.8,191.98,6.39,112.1,96.4,26.0,220.6,Canada,Kaggle FoodDB,2021
3230,MANGO,Seafood,215.7,26.3,21.64,27.38,1.58,17.14,343.4,264.6,0.77,11.41,140.1,12.1,50.0,210.7,Brazil,FAO,2018
344,Watermelon (QT),Dairy,401.8,8.16,56.38,0.41,1.26,50.3,1846.6,60.2,144.85,11.33,278.5,59.5,36.0,287.4,Brazil,OpenFoodFacts,2018.
3201,Lamb,Nuts & Seeds,507.0,,0.38,106.88,12.75,23.38,1294.1,1162.4,173.0,12.55,101.7,81.0,26.0,125.3,India,Kaggle FoodDB,2024
3350,Black Beans,Seafood,232.5,32.37,40.14,31.98,11.59,19.61,1175.5,118.3,42.06,7.15,371.6,80.3,19.0,76.0,Brazil,OpenFoodFacts,2022
435,Watermelon (OX),Oils,94.0,29.85,72.63,53.44,12.18,45.41,1821.5,510.4,80.82,12.32,27.3,43.0,88.0,196.4,Germany,FAO,2018
1904,Milk (Whole),Seafood,51.1,32.2,33.4,42.7,8.91,,1869.5,991.8,,4.7,190.5,22.8,73.0,61.8,China,USDA,2023
4055,SALMON (CS),Vegetables,706.0,28.82,17.88,58.04,3.07,47.91,1707.6,0.8,158.39,10.4,486.6,77.9,9.0,42.2,Canada,FAO,2021
4152,Chicken Breast,Legumes,20.0,24.91,69.83,85.87,4.86,24.58,336.0,668.7,54.11,3.23,40.7,60.1,98.0,253.9,UK,NutritionData.self.com,2022
2070,Pork Loin (GZ),Nuts & Seeds,310.6,9.23,25.84,102.01,3.22,,,158.2,141.35,8.46,379.4,13.8,100.0,227.7,India,USDA,2019
1538,Pineapple (KX),Proteins,619.4,44.42,40.51,,0.78,55.93,1578.6,939.0,99.73,6.98,195.4,5.8,38.0,168.9,India,Kaggle FoodDB,2020
2400,Bell Pepper (CQ),seafood,580.5,12.57,18.43,117.65,12.49,24.25,435.5,738.7,45.42,,458.7,22.3,62.0,168.9,India,Kaggle FoodDB,2023
2498,Shrimp (AI)  ,Dairy,781.7,42.53,,72.57,19.51,20.87,110.0,443.4,0.44,,48.8,20.2,5.0,246.3,India,NutritionData.self.com,2020
1518,Pasta,Vegetables,810.3,36.39,11.28,110.95,2.81,58.27,226.3,468.6,40.95,19.96,297.5,62.5,11.0,10.1,China,USDA,2024
966,Oats,Vegetables,333.0,44.89,13.27,43.38,6.74,55.83,1625.1,38.2,59.22,12.64,232.2,51.2,100.0,81.4,China,Kaggle FoodDB,2021
4543,Beef (Lean),Dairy,208.3,17.46,14.69,12.56,1.96,53.72,1967.7,1037.5,136.56,,482.1,20.0,70.0,277.7,Nigeria,USDA,2024
529,Black Beans,Oils,69.6,21.81,71.37,63.29,18.73,7.3,1223.3,537.7,50.0,7.78,355.8,30.7,49.0,129.5,Canada,Kaggle FoodDB,2020
177,Bread (Whole Wheat),Nuts & Seeds,,44.27,61.01,39.21,17.41,59.38,424.8,1062.7,34.25,4.03,327.1,92.6,36.0,287.2,Germany,NutritionData.self.com,2018.
3712,Sweet Potato,Nuts & Seeds,650.1,14.55,12.11,83.96,19.87,13.18,1473.1,194.5,148.97,8.32,379.5,47.6,33.0,215.6,USA,FAO,2024
2708,Green Beans,Seafood,253.7,38.13,,1.86,7.33,41.92,1603.0,839.9,173.28,,,51.8,N/A,133.6,India,OpenFoodFacts,2020
4432,Bell Pepper,Seafood,501.3,9.52,71.78,10.29,8.95,58.59,1844.8,16.2,4.79,13.29,425.4,31.6,78.0,28.3,India,OpenFoodFacts,2020
573,Corn (LV),oils,369.0,41.11,23.74,105.4,0.26,12.64,,78.5,1.97,15.05,453.4,33.1,15.0,140.8,India,OpenFoodFacts,2018
4319,Apple,Fruits,376.8,32.46,70.24,117.66,1.85,1.24,626.6,371.0,55.07,7.97,152.3,33.3,36.0,205.7,Mexico,USDA,2023
3739,Salmon,Dairy,683.4,4.58,13.09,109.97,8.15,11.53,43.2,633.3,22.0,15.71,495.7,68.3,38.0,271.7,Nigeria,NutritionData.self.com,2020
4287,PEANUT BUTTER (IL),Vegetables,787.3,30.59,5.58,76.21,6.68,49.02,1305.7,742.7,,19.53,107.3,71.1,21.0,271.5,UK,FAO,2020
2620,Turkey Breast,Grains,295.7,21.96,50.43,13.06,5.32,16.98,1822.4,850.3,109.47,16.79,,73.3,54.0,14.5,Nigeria,OpenFoodFacts,2024
2375,Bell Pepper,Fruits,612.2,6.14,72.94,32.24,17.14,1.99,,288.8,176.68,12.8,468.6,98.7,33.0,223.0,Canada,Kaggle FoodDB,2021
3424,Olive Oil,Seafood,54.3,0.68,55.2,82.39,15.81,28.08,1058.1,148.9,81.49,,261.9,51.3,48.0,219.3,Mexico,Kaggle FoodDB,2018
2751,Onion,fruits,361.6,8.0,2.26,88.63,15.42,6.25,690.5,486.2,195.17,18.67,413.0,79.9,77.0,213.6,Brazil,NutritionData.self.com,2024.
2209,ALMONDS (QC),Nuts & Seeds,277.2,19.22,28.15,88.86,11.56,35.44,,818.4,136.75,14.14,166.9,42.4,35.0,62.9,Canada,FAO,2019
4766,White Rice (YT),Nuts & Seeds,893.1,10.81,28.25,44.58,,39.9,638.8,342.5,37.98,7.48,234.7,26.2,47.0,50.4,Nigeria,USDA,2021
4248,Black Beans,Legumes,,22.57,,7.66,15.23,18.97,,578.1,31.76,13.74,200.1,8.8,109.0,79.3,Mexico,NutritionData.self.com,2024
384,Black Beans (TL),Grains,792.2,0.55,68.97,101.21,7.22,15.83,1981.9,113.8,175.63,0.44,57.1,31.5,20.0,11.5,USA,FAO,2018
853,Orange,Vegetables,204.7,42.59,50.07,18.95,0.82,32.53,,1118.2,101.45,7.55,306.3,0.7,52.0,120.5,China,OpenFoodFacts,2022
1881,Apple (OB),PROTEINS,626.2,38.38,39.25,60.49,10.65,7.82,55.5,5.2,99.45,19.35,419.5,13.0,12.0,63.7,China,USDA,2020
371,SWEET POTATO,Nuts & Seeds,108.7,19.29,29.2,22.42,2.23,34.77,,780.2,100.31,0.31,176.1,27.0,64.0,11.7,India,Kaggle FoodDB,2023
3754,Tomato,Vegetables,628.1,8.76,18.76,16.04,10.13,24.35,1997.9,202.8,,12.83,93.3,95.3,87.0,284.8,Australia,USDA,2021
3275,Corn,Seafood,755.8,26.08,56.98,82.21,2.64,38.39,1709.4,99.3,192.12,7.13,223.0,16.7,43.0,234.6,Germany,USDA,2018
4459,Onion,Nuts & Seeds,385.9,33.19,59.22,,0.19,40.8,1718.4,590.9,93.26,6.36,115.6,6.8,105.0,67.1,Nigeria,USDA,2023
1106,Beef (Lean),dairy ,173.0,9.01,8.33,39.4,2.7,7.99,1857.1,603.0,57.68,8.22,,10.7,14.0,10.1,Brazil,OpenFoodFacts,2023
3247,Peanut Butter (YQ),seafood,460.1,10.89,26.89,,3.58,11.39,1928.1,932.4,77.32,9.38,191.8,53.0,41.0,235.4,Mexico,OpenFoodFacts,2018
2362,Zucchini (HU),Fruits,391.4,22.75,26.99,27.11,15.59,8.77,908.1,395.6,79.3,9.39,,14.2,102.0,120.4,Australia,FAO,2018
4150,Corn (YC),Vegetables,706.2,27.25,12.53,110.74,2.12,,720.0,1045.3,117.85,17.5,450.9,96.5,72.0,109.0,Australia,OpenFoodFacts,2019
1337,Bell Pepper,Grains,,8.5,25.01,41.36,13.72,51.08,445.3,615.0,,18.35,123.8,90.4,19.0,214.9,Australia,NutritionData.self.com,2023
2190,Celery (UN),Dairy,605.2,30.29,34.7,23.66,13.85,53.91,1223.9,778.3,30.58,10.67,169.5,65.8,102.0,39.7,Brazil,OpenFoodFacts,2024
4734,Pineapple,Legumes,837.4,39.17,54.14,52.44,2.51,8.06,1881.1,901.4,156.58,,27.4,44.0,45.0,268.6,India,Kaggle FoodDB,2018
2471,White Rice,Proteins,220.4,40.91,56.44,93.43,11.24,50.57,247.3,1117.6,48.83,12.04,13.7,69.2,42.0,206.1,UK,FAO,2021
3546,Apple,Proteins,156.3,25.73,,81.38,8.68,10.04,1124.0,1000.7,6.46,11.56,189.6,83.4,N/A,201.0,Mexico,FAO,2023
4202,Pasta,Fruits,192.7,22.2,71.07,40.44,2.98,48.02,1194.3,993.2,170.39,3.68,222.7,84.1,9.0,129.9,Brazil,OpenFoodFacts,2024
4997,Almonds,Oils,,44.89,14.22,5.62,14.54,44.87,927.2,917.4,63.89,4.52,367.2,37.0,31.0,126.6,Germany,OpenFoodFacts,2018
1172,Shrimp,Nuts & Seeds,883.4,31.33,57.44,78.4,11.49,11.16,1965.5,453.9,23.15,9.92,94.8,30.6,81.0,249.9,India,Kaggle FoodDB,2018
4129,Kale (CF),dairy ,280.3,35.52,52.55,117.99,10.8,12.85,782.8,712.3,125.83,2.31,,84.3,63.0,162.6,Australia,Kaggle FoodDB,2021
4090,Celery,Nuts & Seeds,-999.0,30.65,43.3,90.11,14.35,27.88,99999.0,1113.8,112.28,9.97,497.6,94.7,47.0,170.7,China,NutritionData.self.com,2018
1423,Cottage Cheese,Proteins,56.6,3.01,75.35,,9.7,15.07,1051.2,426.5,28.79,10.15,167.3,13.4,67.0,199.7,Mexico,NutritionData.self.com,2018
2493,Avocado,Grains,690.4,16.91,26.87,110.63,17.4,14.13,1058.2,1159.9,135.03,,191.6,85.0,92.0,54.7,Brazil,FAO,2024
2823,OLIVE OIL,Proteins,,20.65,11.57,81.21,11.88,9.41,971.6,627.4,177.05,,441.9,57.3,48.0,46.8,India,OpenFoodFacts,2021
4607,Black Beans,Legumes,764.6,40.71,62.31,107.56,9.11,,1000.7,504.1,33.13,7.06,102.5,88.0,51.0,74.5,Australia,NutritionData.self.com,2018
1465,Bell Pepper (VO),Proteins,899.5,40.59,53.77,26.94,5.22,15.49,1630.9,291.0,89.37,13.14,410.9,74.9,4.0,144.8,USA,USDA,2020
875,Brown Rice (MH),Oils,,20.84,72.82,55.12,0.27,43.72,1169.4,499.3,183.29,2.64,152.5,43.6,54.0,121.6,Germany,Kaggle FoodDB,2019.
2298,Garlic (DI),Grainss,52.3,24.42,47.93,98.11,14.22,,902.5,124.6,21.0,16.35,268.1,79.9,12.0,76.1,China,USDA,2020
2971,Cheddar Cheese  ,Fruits,,49.13,40.26,5.71,10.77,31.72,1127.4,239.2,26.47,7.2,357.2,8.9,57.0,226.5,Australia,USDA,2020
4476,Bell Pepper,Dairy,445.7,40.78,41.93,8.96,8.82,49.12,437.1,548.3,180.37,6.12,180.3,50.5,63.0,285.4,China,NutritionData.self.com,2018
1252,Bell Pepper,seafood,443.7,8.78,57.43,49.41,0.12,40.41,,991.9,188.87,16.28,494.4,23.7,103.0,188.3,China,FAO,2021
2949,Broccoli,Dairy,345.0,46.6,70.76,51.38,6.72,29.81,1427.4,439.9,64.33,,50.4,42.2,41.0,69.5,Canada,FAO,2020
841,Peas,oils,,20.93,68.37,69.18,0.76,50.66,,429.8,118.11,4.56,369.1,33.0,4.0,161.7,China,USDA,2024
4962,Tuna (Canned),oils,199.6,28.58,61.5,23.29,12.56,4.89,929.8,615.5,20.41,0.45,244.4,17.1,29.0,243.7,Brazil,OpenFoodFacts,2022
582,Green Beans,Oils,-999.0,18.18,79.26,47.79,4.49,49.27,1880.8,232.6,90.08,18.25,327.5,74.6,3.0,139.6,China,Kaggle FoodDB,2018
205,Lentils,nuts & seeds,553.7,48.83,12.77,58.59,17.35,31.56,1740.1,94.0,104.58,15.45,166.6,79.1,82.0,156.8,Canada,OpenFoodFacts,2020
1642,Tomato (CW)  ,Vegetables,761.0,39.73,65.69,34.79,11.95,36.2,633.2,1187.8,92.1,5.24,421.4,82.9,77.0,137.9,Australia,OpenFoodFacts,2018
2015,Shrimp,Nuts & Seeds,488.5,25.26,16.85,34.98,7.49,55.59,1421.0,527.6,184.05,,468.7,71.4,64.0,127.7,UK,NutritionData.self.com,2019
906,Tofu,Vegetables,805.6,31.19,32.94,15.67,18.71,7.88,1566.2,15.2,36.11,17.1,468.9,47.5,N/A,24.0,Mexico,OpenFoodFacts,2023
632,Green Beans,Vegtables,807.8,29.16,59.4,55.77,13.69,30.62,1271.8,279.0,16.01,8.89,418.0,98.3,41.0,44.8,China,USDA,2024
3300,Salmon (XJ),Grains,727.4,,7.43,89.47,5.57,20.26,667.7,564.5,32.39,11.41,327.9,94.8,94.0,67.0,India,Kaggle FoodDB,2024
1975,LENTILS (MI),Grains,282.9,27.38,12.65,19.85,12.85,39.24,1303.7,1188.1,32.89,0.48,240.5,59.5,80.0,297.1,USA,FAO,2023
163,Corn (FL),Seafood,577.5,16.38,37.95,53.92,13.49,24.08,1905.6,1027.5,,3.66,283.4,11.7,91.0,276.8,Australia,USDA,2020
4048,Mushroom,Dairy,516.5,28.61,15.34,48.98,10.24,,889.9,29.7,22.82,16.86,228.0,17.1,94.0,204.4,UK,Kaggle FoodDB,2018
3050,Kale (OC),PROTEINS,252.6,7.02,41.47,112.12,18.6,43.71,686.8,580.9,67.25,11.65,235.9,5.7,45.0,163.8,USA,NutritionData.self.com,2019
4635,Black Beans,Dairy,140.8,,48.21,48.84,6.06,31.52,1366.5,438.6,47.91,8.14,365.6,23.5,80.0,211.0,Brazil,FAO,2023
618,Salmon (HX),Nuts & Seeds,263.7,12.23,69.94,84.32,19.57,7.58,638.9,296.4,,11.62,459.7,25.4,74.0,32.4,USA,USDA,2018.
876,Egg (TZ),Oils,157.4,12.99,24.33,108.92,6.5,11.34,552.1,562.1,83.09,9.84,198.9,35.2,46.0,168.3,Australia,USDA,2023
1432,Quinoa,Vegetables,473.7,47.07,50.19,85.85,17.6,5.89,986.6,767.6,104.21,0.13,372.2,94.4,77.0,170.8,Canada,Kaggle FoodDB,2021
548,Greek Yogurt,Legumes,611.0,2.56,,29.25,0.69,55.18,1823.3,536.0,194.67,19.2,261.2,8.1,102.0,85.8,Canada,FAO,2022
3980,Cheddar Cheese (SB),Fruits,395.0,16.71,16.02,0.07,16.89,54.37,,1198.3,114.7,6.18,308.7,9.9,9.0,46.2,India,Kaggle FoodDB,2023
4686,Almonds (XD),Dairy,365.9,22.58,13.45,60.36,6.28,4.62,549.0,587.8,91.73,15.77,101.5,15.3,29.0,70.4,Canada,USDA,2019
4355,Mango,Grains,496.2,4.0,7.55,98.59,3.73,34.8,1173.5,675.7,112.2,12.68,96.7,13.6,58.0,134.1,China,NutritionData.self.com,2021
3559,CARROT,Oils,92.4,38.62,7.27,81.8,8.06,36.13,1988.4,441.9,173.3,19.29,215.6,17.0,104.0,204.3,Brazil,FAO,2023
4942,Onion,Fruits,401.7,2.79,16.09,69.05,3.22,34.67,863.0,559.1,175.77,9.36,92.3,47.9,46.0,59.2,Nigeria,FAO,2021.
2639,Turkey Breast (QE),Proteins,856.7,2.91,32.95,58.62,6.28,49.93,1299.6,265.2,144.41,12.68,456.1,86.5,76.0,52.6,China,USDA,2021
4371,Black Beans (NY),Legumes,198.0,39.06,69.99,4.69,16.81,,532.6,1104.6,122.73,3.23,89.3,21.2,38.0,276.7,Mexico,OpenFoodFacts,2023
1862,Cucumber,Nuts & Seeds,597.4,-1.0,1.19,37.45,12.19,35.55,199.8,102.3,42.53,,289.5,87.2,10.0,197.9,Mexico,OpenFoodFacts,2020
641,Bell Pepper,Grains,37.7,28.68,45.75,55.26,6.68,5.09,,846.1,19.39,13.68,131.8,51.7,6.0,149.5,Canada,NutritionData.self.com,2018.
3186,Onion (DD),Vegetables,491.3,7.55,67.93,13.55,12.36,24.48,,371.4,18.77,2.19,431.8,88.2,49.0,213.7,India,FAO,2024
638,Milk (Whole) (HA),Grains,233.4,42.03,60.41,,7.02,54.22,301.9,6.6,50.39,4.55,360.0,19.1,12.0,298.6,Canada,USDA,2023.
3748,Tomato,Fruits,381.9,5.28,54.27,43.71,17.77,23.65,701.7,1171.1,154.0,,280.7,90.3,28.0,56.7,India,USDA,2022
3687,Cucumber,Oils,,15.85,45.86,86.92,1.0,29.98,211.5,119.1,119.52,9.53,224.9,98.0,18.0,258.9,Canada,OpenFoodFacts,2019
2309,Beef (Lean),Proteins,120.2,39.49,13.79,0.14,19.49,53.9,,883.7,35.41,19.74,52.8,24.4,92.0,125.4,Mexico,Kaggle FoodDB,2024
3185,Shrimp (UM),Proteins,473.2,,40.33,34.33,,12.26,567.4,733.6,9.03,,461.6,32.6,23.0,10.7,India,OpenFoodFacts,2023
2097,Onion (ZT),Legumes,528.3,41.8,14.18,,11.83,26.65,366.4,777.8,156.67,10.29,166.0,52.4,62.0,278.5,USA,USDA,2018
2641,Egg (SR),Dairy,282.3,22.56,32.32,33.45,,22.38,918.9,277.6,70.44,15.26,28.5,43.8,85.0,175.5,USA,NutritionData.self.com,2021
3280,Pork Loin (AL),Nuts & Seeds,716.6,1.42,68.32,,10.81,38.95,386.2,46.9,51.87,14.74,128.4,36.9,13.0,278.4,Canada,FAO,2020.
3917,Chicken Breast,Oils,,25.75,64.37,42.54,10.89,16.31,1746.4,587.1,161.91,5.74,219.8,77.6,46.0,195.5,Brazil,OpenFoodFacts,2018
3708,Tuna (Canned),fruits,264.2,25.21,19.75,,19.49,50.03,1789.6,1105.0,,16.19,89.6,60.0,59.0,221.7,USA,OpenFoodFacts,2023
922,Avocado (DZ),Seafood,,48.3,47.59,111.38,13.93,54.57,1421.4,281.6,128.57,13.42,211.8,82.8,10.0,166.7,USA,Kaggle FoodDB,2022
547,TURKEY BREAST (XC),Nuts & Seeds,119.9,5.71,76.25,77.24,15.76,15.61,505.5,1159.9,59.15,11.09,200.4,25.1,102.0,230.6,UK,NutritionData.self.com,2022
3909,Peas,PROTEINS,,27.73,68.49,61.61,,43.03,1423.9,206.4,120.06,1.03,123.1,66.7,97.0,120.2,India,Kaggle FoodDB,2024
1901,Shrimp,Legumes,507.7,11.56,5.2,34.27,,44.84,1398.3,1067.1,167.59,4.21,451.6,45.1,103.0,44.8,India,Kaggle FoodDB,2020
2029,Zucchini,Legumes,245.7,19.24,35.83,79.37,,59.97,,1185.2,49.5,15.48,48.1,65.8,9.0,201.3,Nigeria,Kaggle FoodDB,2020
2302,Bell Pepper (AT),Legumes,523.4,21.57,47.16,65.69,,38.44,20.5,391.4,112.63,8.71,114.7,10.8,19.0,252.6,India,OpenFoodFacts,2018
1886,Quinoa (DN),seafood,,46.59,8.89,51.28,8.73,39.92,1299.6,1070.3,126.61,12.63,490.7,1.2,18.0,94.0,USA,FAO,2019
1643,Corn,Oils,478.4,24.78,34.8,101.44,4.75,57.63,653.6,898.5,,9.6,,47.7,20.0,124.0,Brazil,USDA,2024
3740,Peas,Seafood,528.5,29.58,69.69,46.55,16.43,33.78,1776.6,605.4,0.84,15.31,282.9,56.7,5.0,173.9,Australia,NutritionData.self.com,2020
4957,Apple,Fruits,334.1,37.12,71.12,92.74,13.35,1.31,233.9,1020.6,62.46,4.52,473.4,55.3,50.0,133.5,Mexico,FAO,2019
2098,Lamb,Fruits,578.4,2.28,69.84,27.76,12.22,18.67,247.3,313.0,42.58,15.51,432.4,46.3,40.0,18.9,Brazil,FAO,2022
4900,Kale,Oils,821.5,2.18,33.85,37.98,0.69,54.12,765.3,1129.6,194.25,18.48,120.0,83.5,90.0,89.7,Canada,USDA,2022
3797,Salmon (KI),nuts & seeds,488.4,6.93,77.19,83.03,6.52,8.62,975.9,301.6,29.25,11.71,165.0,87.6,97.0,63.6,USA,FAO,2018
4634,Spinach,legumes,778.0,33.27,55.52,,1.86,36.78,1838.4,290.6,73.71,18.8,330.6,26.0,53.0,195.0,UK,FAO,2024
4699,Spinach,Grains,141.8,26.65,16.29,30.62,16.2,53.83,1609.2,943.0,149.46,14.01,84.8,39.6,79.0,27.2,USA,NutritionData.self.com,2024
837,Almonds  ,oils,825.1,44.34,46.0,108.19,6.69,,1621.0,1095.7,84.23,0.13,,80.2,80.0,282.7,Nigeria,NutritionData.self.com,2022
602,Beef (Lean) (WA),Seafood,265.2,15.85,16.67,115.99,6.31,36.54,1827.4,825.3,63.3,2.11,405.1,85.0,27.0,219.0,India,OpenFoodFacts,2022
2185,Bell Pepper (TB),Proteins,594.8,11.48,5.81,26.68,17.54,4.42,1340.6,288.3,22.06,2.03,91.6,93.7,89.0,198.8,Germany,Kaggle FoodDB,2022
4267,Almonds,Vegetables,590.4,14.89,75.91,3.87,19.75,48.04,1019.8,672.8,135.35,13.15,416.2,62.8,32.0,264.1,Australia,FAO,2020
2643,Almonds,Oils,708.0,21.97,61.12,41.4,4.22,45.41,,598.7,167.04,4.56,293.2,49.8,45.0,298.5,Nigeria,USDA,2020
4442,Onion,Legumes,,5.31,33.95,69.73,0.61,26.41,1185.5,729.5,34.64,1.12,424.0,33.1,8.0,80.3,USA,USDA,2018
1583,Pork Loin (PA),Proteins,543.1,37.0,,80.0,3.68,16.17,834.0,1141.8,186.24,18.7,,78.3,7.0,148.1,Canada,Kaggle FoodDB,2021
4401,Broccoli,Fruits,,34.38,3.05,86.89,16.11,3.91,57.2,737.2,35.31,11.1,155.4,10.5,75.0,61.1,Australia,Kaggle FoodDB,2021
3051,Green Beans,Seafood,200.7,,74.21,17.73,14.88,14.37,1805.7,492.7,54.6,15.3,27.1,31.6,36.0,274.5,Brazil,Kaggle FoodDB,2018
4131,Beef (Lean) (PF),Dairy,,12.31,2.3,28.84,6.99,53.79,1262.1,276.1,130.89,5.12,193.4,91.9,13.0,259.7,Canada,USDA,2019
1071,Egg,Dairy,280.8,47.47,21.41,32.13,2.66,37.45,750.1,667.1,199.0,0.24,244.6,51.2,N/A,177.3,UK,FAO,2021
1776,Brown Rice,Proteins,297.6,14.43,24.48,46.13,10.41,34.78,1350.0,843.2,154.87,6.39,390.3,73.3,74.0,252.0,UK,Kaggle FoodDB,2024
4956,Egg (JI),Dairy,679.1,17.54,57.25,119.58,7.61,41.36,981.1,713.5,0.37,11.44,230.6,19.7,17.0,218.0,China,FAO,2020
1284,Orange,Vegtables,28.6,35.71,,55.65,16.92,25.29,,61.2,35.01,19.56,236.0,10.1,44.0,275.8,Brazil,USDA,2018
3253,Apple (RK),Legumes,553.0,0.63,,80.56,18.05,27.16,512.9,733.5,66.3,1.13,12.3,18.5,71.0,261.3,Mexico,FAO,2020
3492,Tofu,Seafood,554.0,6.84,13.39,17.75,16.4,17.08,1910.4,323.6,45.96,2.83,385.6,48.9,65.0,75.4,India,USDA,2024
4901,Oats,Nuts & Seeds,25.3,1.25,10.98,26.06,15.96,34.7,1953.2,1166.3,45.94,17.71,14.7,67.7,101.0,27.3,China,FAO,2020
1837,Quinoa,Legumes,132.7,18.4,47.1,71.1,13.86,9.71,964.1,1155.8,170.72,1.51,195.4,1.6,11.0,251.6,Canada,NutritionData.self.com,2024
4375,Salmon,Legumes,470.3,3.87,73.94,,18.59,23.19,42.4,458.3,133.78,10.76,263.7,13.8,105.0,105.9,Canada,USDA,2023.
1020,Olive Oil,Vegetables,49.9,4.56,76.24,,18.88,9.44,1710.6,124.7,19.16,,268.3,71.2,109.0,13.1,Canada,Kaggle FoodDB,2021
4233,Apple,Seafood,335.6,46.4,16.39,39.84,3.35,35.25,,751.1,160.45,17.84,461.9,5.6,45.0,212.4,USA,FAO,2018.
1327,Egg  ,Seafood,180.3,47.54,35.41,23.71,19.38,20.34,,132.0,116.33,3.73,,80.8,41.0,71.0,UK,FAO,2022
476,Spinach,Proteins,893.8,20.52,34.83,9.89,,48.26,1582.7,310.3,162.92,18.51,285.8,11.0,13.0,114.7,Brazil,Kaggle FoodDB,2022.
4467,Peas,Vegetables,137.0,46.3,,106.21,11.67,9.04,1379.2,935.7,177.07,10.25,270.9,69.5,25.0,103.8,USA,Kaggle FoodDB,2019
1652,Quinoa (SQ),Oils,286.8,43.26,46.43,,13.41,28.41,242.1,1078.6,139.79,0.87,367.6,39.7,23.0,247.5,China,FAO,2018
4789,Spinach (ET),Seafood,453.8,25.16,6.99,107.2,7.35,43.82,1567.0,103.6,,0.8,459.3,87.6,52.0,44.3,Canada,Kaggle FoodDB,2022.
4420,Broccoli (HM),Legumes,175.8,25.92,15.78,81.76,,20.02,777.3,429.3,195.61,0.82,488.3,20.8,9.0,203.0,Nigeria,FAO,2018
2781,Peas (QK),Dairy,,22.83,54.4,9.36,6.57,38.93,928.3,100.9,175.39,16.37,390.6,88.9,98.0,250.2,Mexico,NutritionData.self.com,2021
3011,Tuna (Canned),Nuts & Seeds,,41.99,45.24,79.64,19.83,21.94,1255.1,519.9,105.58,13.08,455.8,31.9,93.0,154.4,India,FAO,2018
2752,Blueberries (WM),Dairy,613.2,34.44,10.97,35.27,18.33,8.14,1614.5,37.7,111.39,10.36,195.2,26.4,22.0,269.4,USA,FAO,2023
1374,Black Beans,Legumes,453.2,45.62,34.65,50.43,1.57,11.22,208.8,1048.6,58.16,14.51,68.2,24.0,95.0,16.8,UK,Kaggle FoodDB,2020
740,Garlic,Fruits,351.7,22.83,15.61,51.38,4.26,51.13,1201.7,1015.6,16.37,11.47,299.0,20.5,34.0,74.9,UK,FAO,2023
3857,Pineapple (LH)  ,Oils,332.1,,5.78,19.27,16.49,39.08,1405.0,802.9,85.63,4.09,499.8,94.6,67.0,231.4,Germany,OpenFoodFacts,2019
2597,MUSHROOM,Seafood,258.8,10.55,55.64,21.92,,4.44,1935.7,609.5,196.91,17.05,395.7,40.0,N/A,267.5,USA,NutritionData.self.com,2021.
868,Spinach,Proteins,180.1,11.73,60.28,111.04,17.93,48.17,632.4,169.6,169.54,0.36,74.2,41.4,30.0,81.6,Canada,USDA,2024
1141,Kale,Dairy,745.7,23.37,,54.22,15.67,25.69,189.6,252.6,47.94,1.69,375.5,67.3,79.0,87.6,Germany,USDA,2020
998,Apple (LT),Fruits,140.4,38.28,55.89,86.06,6.27,41.94,875.6,872.1,153.52,2.31,308.3,70.2,95.0,192.4,India,FAO,2022
1338,Greek Yogurt,legumes,618.6,9.58,,41.99,0.45,14.13,99999.0,452.5,29.25,17.65,497.8,17.8,21.0,35.9,USA,Kaggle FoodDB,2020
542,Banana,Nuts & Seeds,553.4,32.51,49.0,,1.25,41.42,1285.1,211.3,91.14,2.76,414.8,65.6,N/A,248.2,China,Kaggle FoodDB,2022
1100,White Rice,Dairy,328.1,43.73,79.15,102.33,12.76,13.79,155.6,876.5,105.82,2.9,219.4,97.4,49.0,296.1,Mexico,USDA,2022
1133,MILK (WHOLE) (RM),Nuts & Seeds,91.3,27.03,25.92,108.91,8.81,48.97,427.0,367.6,101.11,19.74,218.3,38.0,30.0,128.7,UK,FAO,2019.
160,Lamb,Seafood,660.8,11.37,66.71,40.01,6.01,40.05,929.8,683.0,101.77,,7.4,75.5,47.0,87.3,Nigeria,Kaggle FoodDB,2018
2891,Zucchini,Seafood,,7.61,52.79,42.51,15.51,42.5,686.7,281.5,36.93,6.7,371.9,23.8,7.0,294.0,Brazil,FAO,2020
2259,Banana,Dairy,298.9,36.05,42.68,97.19,2.14,35.26,695.3,562.1,,6.52,178.9,43.4,3.0,141.6,India,OpenFoodFacts,2024
4170,Orange (NL),Seafood,,14.35,28.2,95.05,12.17,40.07,921.5,238.6,99.72,4.85,23.5,95.2,63.0,177.3,China,USDA,2024
60,Broccoli,Nuts & Seeds,,17.42,25.34,52.61,13.38,6.53,1603.9,697.7,59.94,16.19,190.7,28.8,18.0,42.3,Australia,OpenFoodFacts,2018
3072,Quinoa,Grainss,556.8,20.8,68.99,112.62,7.82,50.51,345.0,266.8,150.08,0.67,370.1,67.3,59.0,140.3,USA,NutritionData.self.com,2024
1939,Greek Yogurt,Nuts & Seeds,458.5,24.95,7.47,105.07,,28.45,1239.1,744.0,75.14,3.66,406.2,18.5,98.0,101.0,India,FAO,2020.
4763,Cottage Cheese,Oils,684.0,48.55,1.39,107.64,5.61,40.49,205.4,65.8,165.23,10.13,172.9,0.4,55.0,136.4,Brazil,FAO,2020
1607,Avocado,Seafood,79.5,6.54,28.12,72.21,9.79,35.17,757.7,934.0,162.5,5.12,184.9,54.2,96.0,20.0,Mexico,OpenFoodFacts,2021
1079,Avocado,seafood,212.1,27.63,10.51,93.42,1.22,41.69,1428.8,598.0,21.27,14.58,37.4,57.7,93.0,94.8,Germany,USDA,2018
4931,Bread (Whole Wheat),Proteins,392.9,41.18,10.16,32.3,11.14,23.55,1456.6,171.8,140.61,2.65,195.7,69.0,N/A,288.6,UK,Kaggle FoodDB,2024
3337,Apple,Oils,819.2,47.05,68.51,92.17,8.25,30.38,952.3,1143.5,114.42,2.74,147.4,79.7,100.0,81.1,Nigeria,Kaggle FoodDB,2022
2650,Almonds (KM),Vegetables,422.8,29.63,73.36,119.38,8.7,44.4,490.4,208.2,126.92,12.61,140.4,69.7,61.0,242.5,UK,OpenFoodFacts,2021
941,BROWN RICE (RT),Grains,261.2,20.62,49.79,52.33,16.31,24.34,1640.7,810.3,46.52,2.32,105.6,15.0,30.0,243.4,Mexico,OpenFoodFacts,2024.
1081,White Rice,Dairy,712.0,22.42,79.69,66.8,18.26,22.96,1832.2,939.4,56.08,17.13,448.8,23.2,108.0,82.6,Mexico,Kaggle FoodDB,2024
188,Strawberry (OS),Legumes,508.6,18.23,69.98,61.3,4.46,43.61,711.1,963.9,173.62,15.51,216.8,59.9,103.0,24.3,USA,USDA,2019.
2806,Garlic,Nuts & Seeds,880.0,5.44,66.0,55.04,10.82,18.87,396.0,7.7,95.96,3.07,332.8,53.9,76.0,84.8,USA,OpenFoodFacts,2021
2086,Celery,Legumes,458.1,1.02,23.11,93.64,12.48,14.45,703.4,286.6,88.1,1.94,146.4,29.4,74.0,129.8,Brazil,FAO,2018
2250,Cottage Cheese (PU),Fruits,9999.0,40.64,77.61,115.86,0.57,46.83,631.6,919.5,137.98,19.8,303.5,46.8,67.0,115.0,Mexico,Kaggle FoodDB,2019
4978,Tuna (Canned),Dairy,201.3,41.53,16.42,29.22,,40.81,912.4,985.2,129.02,19.68,61.1,35.5,20.0,195.1,UK,Kaggle FoodDB,2024
4664,Broccoli,Oils,749.3,2.06,42.85,45.68,18.98,49.3,526.8,1100.4,107.01,3.19,195.0,87.5,25.0,26.4,Nigeria,OpenFoodFacts,2020
2024,Kale,Vegtables,,39.65,77.94,2.61,,20.04,1564.7,725.0,121.78,2.07,365.2,93.0,64.0,184.9,Nigeria,FAO,2019.
2857,Onion,Fruits,214.4,20.59,64.03,66.18,13.03,47.67,1997.2,157.5,104.68,8.14,29.1,68.8,35.0,149.2,Mexico,FAO,2022
1493,Watermelon,Oils,220.0,20.6,33.26,47.41,14.52,4.6,1021.9,1074.5,110.15,14.53,162.2,82.3,87.0,139.8,UK,FAO,2021
3845,Spinach,Seafood,,1.05,,77.63,6.44,40.59,276.3,250.9,79.62,9.42,447.5,84.4,97.0,57.0,Nigeria,USDA,2018
227,Banana,Seafood,876.2,29.21,56.54,17.71,4.56,28.66,1699.9,1115.4,92.29,14.28,35.2,72.4,N/A,297.8,Germany,NutritionData.self.com,2021
3906,Mushroom,Nuts & Seeds,445.9,31.38,30.16,52.66,2.73,38.72,1090.0,791.5,,0.0,457.4,19.0,7.0,11.7,China,NutritionData.self.com,2020
1930,Olive Oil,Grains,77.1,31.94,19.1,95.45,5.62,,199.0,18.4,12.46,5.58,476.3,35.4,N/A,61.4,USA,OpenFoodFacts,2020
3259,Cucumber (JE),Fruits,364.8,,2.93,91.9,2.72,27.3,1410.1,1143.5,70.75,12.3,237.8,27.6,61.0,16.8,India,Kaggle FoodDB,2023.
4629,Tomato,Vegetables,588.2,2.47,52.48,82.35,18.75,16.84,835.0,140.7,66.1,12.28,431.0,80.4,18.0,81.3,Nigeria,Kaggle FoodDB,2021
1405,Watermelon,Dairy,604.1,,67.17,105.52,,32.48,1672.5,180.3,141.72,2.41,136.9,93.7,9.0,248.8,India,FAO,2019.
2180,Cottage Cheese (JW),Legumes,471.1,25.12,8.46,99.9,3.4,,1441.8,516.1,,14.58,45.2,8.0,95.0,262.8,Mexico,USDA,2024.
698,Shrimp (VZ),Seafood,531.5,20.33,,84.9,13.27,32.18,389.5,1055.5,181.3,2.73,,8.7,62.0,177.2,Brazil,Kaggle FoodDB,2024
1125,Oats,Oils,596.6,40.13,1.45,60.81,16.65,10.14,1298.4,497.7,,10.9,445.4,84.0,66.0,69.5,China,Kaggle FoodDB,2020
2979,Bell Pepper  ,Legumes,639.3,36.61,13.47,52.65,14.19,18.83,1114.5,550.7,85.44,18.63,364.5,8.7,101.0,100.3,Nigeria,USDA,2020
3110,Sweet Potato (NU),Nuts & Seeds,559.7,38.54,13.89,19.14,,1.83,1812.5,402.9,167.0,2.35,239.1,55.5,97.0,226.7,UK,OpenFoodFacts,2023
1779,Pineapple (DF),Fruits,,49.47,,50.0,3.65,21.02,1326.9,322.1,,18.16,15.2,73.2,97.0,116.5,Nigeria,OpenFoodFacts,2021
3044,Tofu,Fruits,375.2,35.28,67.17,7.33,16.84,42.83,1460.3,643.9,19.77,14.34,499.8,89.4,25.0,231.5,Nigeria,Kaggle FoodDB,2024.
1038,Orange  ,oils,657.8,43.7,20.37,97.19,4.07,5.47,711.9,390.5,152.31,5.63,15.0,64.3,N/A,151.3,Mexico,USDA,2020
4306,Orange,Nuts & Seeds,90.6,7.03,52.29,66.17,4.29,33.16,733.1,1096.7,111.06,4.39,,87.7,72.0,227.7,Mexico,FAO,2022
2257,Egg (GH),Fruits,475.4,2.62,25.16,2.77,15.7,10.83,1477.4,81.1,132.5,10.99,,25.8,48.0,213.3,Mexico,FAO,2019
314,QUINOA,Dairy,867.1,48.11,4.28,1.49,18.98,55.19,1237.8,319.3,61.46,11.79,185.5,40.9,92.0,279.9,UK,Kaggle FoodDB,2023
2282,Cucumber,Nuts & Seeds,338.4,2.77,79.19,43.25,8.32,23.73,663.0,1142.1,159.96,5.59,159.9,94.9,49.0,37.8,Australia,OpenFoodFacts,2022
2548,Chicken Breast,Oils,378.6,12.7,54.39,59.29,8.94,33.52,1090.5,334.7,102.43,19.71,483.2,24.2,107.0,110.6,Mexico,NutritionData.self.com,2023.
1417,Sweet Potato  ,Proteins,54.6,19.34,74.04,116.04,,5.82,894.3,158.2,76.54,12.32,430.3,49.9,31.0,285.3,Canada,NutritionData.self.com,2023
1037,Pineapple,Dairy,,35.71,48.68,45.82,10.17,11.65,1093.3,618.1,48.08,9.76,31.9,59.7,13.0,215.2,China,Kaggle FoodDB,2023.
2160,Sweet Potato,Vegetables,679.0,29.09,12.32,35.33,13.96,8.86,1299.6,113.4,,3.29,437.2,42.2,60.0,171.5,China,Kaggle FoodDB,2022
4294,Turkey Breast (TG),Oils,819.1,28.3,,99.5,10.11,59.55,1355.5,347.0,135.96,2.08,197.0,93.5,83.0,48.0,Brazil,OpenFoodFacts,2023
1755,Watermelon,Vegetables,878.8,0.17,31.94,81.83,7.36,40.32,20.8,306.4,6.55,15.75,348.1,24.8,N/A,224.2,Mexico,Kaggle FoodDB,2023
3322,Bread (Whole Wheat) (TI),Grains,78.5,34.84,27.12,,,58.43,1090.5,928.4,18.95,2.46,367.3,67.5,59.0,199.2,USA,USDA,2019
4805,GARLIC (AK),Dairy,742.7,28.04,5.69,29.72,12.46,19.4,1994.9,319.5,145.71,15.14,268.4,12.8,N/A,244.2,Germany,USDA,2022
4229,Egg,legumes,430.2,19.26,0.14,20.99,5.74,6.75,434.0,137.8,137.81,15.45,248.7,97.1,56.0,152.4,Australia,Kaggle FoodDB,2021
2521,Peas,Grains,629.4,18.53,4.36,67.34,9.13,24.41,779.9,284.6,173.12,19.09,174.0,12.8,N/A,286.5,UK,USDA,2023
4526,TUNA (CANNED) (GC),dairy ,398.1,,27.82,88.95,13.66,28.01,702.9,29.7,81.33,14.05,492.3,92.9,27.0,294.0,Mexico,USDA,2020
3820,Zucchini,Proteins,440.1,17.18,9.7,12.74,16.11,27.04,1080.2,764.5,79.92,5.12,351.3,70.3,2.0,290.5,Canada,FAO,2020
3658,Peanut Butter (TF),Legumes,469.3,10.26,31.53,91.1,7.55,49.55,1324.4,532.1,3.07,10.04,280.6,44.0,54.0,177.5,Mexico,NutritionData.self.com,2019
1507,Cottage Cheese,Vegetables,530.6,38.6,70.67,71.05,17.69,31.82,508.8,402.7,132.11,,270.9,47.5,N/A,274.3,Canada,FAO,2021
1924,White Rice (LC),Nuts & Seeds,332.8,28.34,78.35,87.24,1.51,17.75,1377.6,895.9,154.0,14.39,,34.7,11.0,109.1,UK,Kaggle FoodDB,2023
449,Shrimp (WC),Proteins,351.1,27.29,38.08,52.57,10.18,0.33,151.3,688.2,189.16,13.15,39.8,84.6,97.0,297.8,USA,OpenFoodFacts,2022.
4208,Spinach,Grains,496.4,34.38,69.17,118.26,11.21,41.34,1471.4,641.4,47.73,0.08,58.5,55.7,22.0,42.5,India,Kaggle FoodDB,2019
89,Pork Loin,Grainss,800.7,,60.58,71.44,10.06,37.19,99999.0,1091.2,92.55,15.47,480.1,20.9,26.0,223.9,Canada,OpenFoodFacts,2024
2192,Chicken Breast (GN),Vegetables,818.3,24.37,18.67,86.05,3.7,23.24,189.5,204.7,173.95,10.54,178.0,1.8,54.0,189.0,Canada,Kaggle FoodDB,2024
3461,Lamb,Legumes,262.3,48.11,78.04,15.38,16.09,25.08,491.8,476.4,,18.73,473.7,46.6,32.0,78.2,UK,FAO,2023
362,Apple,Fruits,586.1,11.44,71.02,5.91,6.08,39.99,358.0,1106.9,20.9,8.17,257.2,98.6,86.0,106.3,Canada,USDA,2023
2184,Apple (YF),Seafood,287.5,38.58,33.07,36.63,14.84,46.83,334.0,17.6,40.5,5.04,366.9,65.5,97.0,50.2,Mexico,USDA,2019
1135,Kale,Nuts & Seeds,621.3,1.0,45.06,24.68,14.04,7.15,1395.2,51.5,178.84,1.67,125.2,58.3,95.0,292.0,India,Kaggle FoodDB,2019
2099,Quinoa,Fruits,,11.91,59.42,40.08,14.38,50.04,971.4,971.6,146.56,14.65,456.8,34.0,89.0,234.1,USA,FAO,2024
2156,Orange  ,Proteins,231.1,41.16,23.56,40.08,7.84,47.93,1942.2,763.3,137.29,0.36,236.1,64.3,14.0,74.1,Australia,Kaggle FoodDB,2021
1831,Mushroom (CN),Vegetables,,46.58,36.32,70.97,6.44,53.81,336.1,801.3,168.55,1.66,,50.9,40.0,286.2,Australia,Kaggle FoodDB,2024
1054,Zucchini,Seafood,722.9,19.77,64.18,90.9,9.33,10.92,570.0,436.9,121.91,4.05,305.0,20.3,105.0,273.4,Australia,FAO,2024
2461,Broccoli,Grains,894.6,24.02,13.78,17.49,11.6,19.1,1524.4,658.2,114.23,9.8,478.4,81.7,105.0,65.2,Mexico,NutritionData.self.com,2019
23,Black Beans (WW)  ,Seafood,9999.0,47.66,72.74,10.05,6.53,39.46,858.7,138.6,154.59,3.1,275.0,81.2,64.0,58.4,Nigeria,NutritionData.self.com,2019
2067,Onion,Vegetables,197.2,1.81,26.51,65.53,15.78,36.83,1637.4,210.5,169.67,12.99,260.3,41.8,57.0,238.8,USA,FAO,2023
1654,Corn,legumes,336.9,9.0,14.0,112.92,,53.32,1451.0,1132.7,133.82,14.24,385.8,95.1,56.0,216.1,USA,OpenFoodFacts,2023
2756,Tomato (LN),Legumes,275.6,37.44,66.96,39.63,,0.67,203.8,220.7,194.92,,34.8,84.3,79.0,117.9,UK,NutritionData.self.com,2018
3423,Chicken Breast (DY),Seafood,690.8,,66.91,71.69,8.46,20.87,1865.7,419.8,45.28,1.34,404.0,63.1,8.0,44.5,Nigeria,FAO,2023
2981,Egg,Seafood,405.1,,14.7,,14.59,,,487.4,114.77,6.39,140.6,60.3,102.0,231.9,China,FAO,2023
4196,Apple (RQ),Fruits,184.2,4.76,5.57,117.53,8.65,8.82,1866.2,352.5,144.79,5.24,131.4,49.1,59.0,226.5,Australia,NutritionData.self.com,2024
2469,Shrimp (CB),Vegetables,438.5,30.75,44.11,118.26,6.78,40.58,452.3,969.2,172.69,5.59,426.0,35.9,59.0,170.4,Mexico,USDA,2019
2326,Quinoa,Oils,,9.77,63.21,96.51,11.3,17.44,1244.5,1000.8,28.68,13.26,412.4,50.7,81.0,121.4,Canada,USDA,2021
461,ALMONDS,Proteins,123.4,40.03,40.4,20.35,10.47,44.47,1154.2,416.7,147.92,6.36,402.1,52.3,42.0,202.2,India,OpenFoodFacts,2024
1068,PORK LOIN,Nuts & Seeds,117.2,16.77,26.78,24.39,7.04,13.85,1668.6,353.9,151.8,6.26,352.7,76.2,8.0,240.7,Australia,Kaggle FoodDB,2022
88,MILK (WHOLE) (BV),seafood,581.1,3.19,33.34,16.23,,29.17,1193.0,231.4,6.34,,334.2,86.6,18.0,279.4,Nigeria,FAO,2024
1431,White Rice (RZ),Vegetables,420.2,36.1,15.42,34.91,18.41,24.51,335.4,1198.6,101.69,2.93,,67.2,87.0,268.5,Germany,Kaggle FoodDB,2021
2819,Tomato (KB),Nuts & Seeds,28.0,,34.16,101.85,10.16,40.56,1937.9,151.6,30.75,5.94,187.4,91.4,78.0,270.8,Nigeria,Kaggle FoodDB,2020
283,Cottage Cheese,Grainss,350.5,9.04,74.04,110.44,12.8,28.31,623.1,1018.2,118.8,4.35,379.9,70.0,4.0,126.2,Germany,OpenFoodFacts,2019
2484,Olive Oil,legumes,,24.87,5.18,17.84,0.74,37.56,1877.2,894.9,,10.66,199.3,66.6,19.0,43.6,Mexico,Kaggle FoodDB,2023
463,Tomato (GI),Nuts & Seeds,676.5,3.5,77.92,44.27,7.19,25.31,298.7,1169.8,91.59,1.62,10.9,5.9,107.0,146.0,Germany,NutritionData.self.com,2023
213,Turkey Breast,Oils,593.7,16.38,9.49,102.94,4.81,15.14,810.5,99.5,191.81,10.13,107.3,59.9,74.0,109.8,USA,USDA,2020
2589,Bell Pepper,Seafood,232.9,26.14,75.83,43.49,4.62,55.05,1829.9,1070.4,112.76,0.16,470.3,33.7,35.0,218.7,Mexico,OpenFoodFacts,2018
701,Beef (Lean),Grains,488.7,14.81,14.75,35.84,17.63,43.55,1698.6,166.9,178.95,4.18,324.0,5.8,83.0,139.6,Canada,FAO,2023.
2582,Tuna (Canned),Dairy,802.0,19.78,73.21,44.27,,47.33,754.7,1071.5,189.2,3.05,92.3,23.5,66.0,265.8,Nigeria,FAO,2023
1369,Celery,Proteins,,25.24,27.96,51.84,13.49,18.88,227.3,128.0,54.6,11.34,462.5,13.1,105.0,82.8,Mexico,OpenFoodFacts,2020
235,Corn,Vegetables,191.8,25.28,63.97,12.43,5.63,56.62,1080.4,21.8,199.23,2.98,,79.3,N/A,91.4,Brazil,NutritionData.self.com,2023
4826,Lamb (PH),Legumes,160.7,39.6,10.55,80.69,6.38,20.79,1989.3,1088.3,183.96,13.07,2.2,36.0,90.0,248.2,India,OpenFoodFacts,2021
598,Blueberries,legumes,171.6,34.16,48.77,101.16,9.9,50.26,1653.8,846.7,75.24,11.7,334.4,31.4,106.0,38.7,Brazil,USDA,2021
4558,Broccoli,Vegtables,617.6,25.29,42.67,8.32,8.49,42.82,740.3,460.1,58.59,,307.0,71.7,35.0,17.7,Germany,FAO,2024
2251,Garlic,Vegetables,102.6,42.68,53.43,21.68,18.78,1.93,60.4,648.4,177.43,14.7,253.7,30.2,37.0,28.9,Brazil,NutritionData.self.com,2022
4194,Cucumber (QL),Vegetables,662.6,,65.07,32.56,1.83,48.09,560.4,401.3,185.35,5.95,19.6,15.2,13.0,222.4,Nigeria,OpenFoodFacts,2024
2284,Cucumber,Seafood,,31.17,33.43,95.22,9.65,30.8,1366.6,525.4,3.45,4.38,373.3,58.5,22.0,107.4,Mexico,OpenFoodFacts,2024
663,Shrimp (KZ),Proteins,553.1,40.66,70.56,58.79,,48.92,1886.9,303.8,43.5,6.24,245.4,48.0,67.0,261.5,Brazil,Kaggle FoodDB,2019
1377,White Rice  ,Fruits,411.9,37.09,59.54,18.56,4.23,45.27,1769.4,713.0,60.46,,499.6,46.5,34.0,269.0,Mexico,Kaggle FoodDB,2018
2286,Peanut Butter (HC),Seafood,,25.25,61.21,60.23,16.8,56.77,505.0,1160.7,157.9,9.41,69.3,15.1,55.0,178.3,Nigeria,OpenFoodFacts,2024
4863,Spinach,Nuts & Seeds,0.0,46.67,9.86,25.09,11.55,13.59,720.3,917.0,36.95,2.94,397.3,33.4,43.0,227.8,India,Kaggle FoodDB,2021
3405,Tofu,seafood,678.4,22.78,21.32,6.65,10.35,25.47,756.5,1058.8,79.6,14.98,134.3,5.4,87.0,218.9,USA,OpenFoodFacts,2024
2665,Green Beans,Proteins,554.8,17.94,,78.02,17.0,14.23,1185.8,1189.7,57.85,,446.1,98.0,89.0,273.2,Canada,FAO,2021
3659,Cheddar Cheese,Oils,561.3,7.87,,71.85,15.84,7.32,734.9,631.9,,2.6,488.5,14.8,20.0,14.6,Mexico,USDA,2019
780,CHEDDAR CHEESE (UU),Oils,584.2,11.83,16.2,119.61,18.74,22.34,556.0,152.4,,9.0,107.3,22.0,61.0,189.3,Australia,Kaggle FoodDB,2019.
3919,Sweet Potato (HD),Legumes,610.6,22.24,74.03,59.39,4.54,3.71,1660.8,408.6,23.11,14.87,240.7,35.3,67.0,202.7,Canada,OpenFoodFacts,2023
3600,Onion (CO),fruits,,32.8,75.14,33.51,,48.45,,814.8,175.8,13.78,257.4,76.4,8.0,184.5,Germany,NutritionData.self.com,2024
3653,Zucchini (ZM),Grains,,,0.11,114.78,9.17,36.6,859.2,528.3,18.2,9.09,322.0,89.4,102.0,121.0,Germany,Kaggle FoodDB,2022
3505,Quinoa,Grains,809.7,7.75,9.68,75.31,1.34,13.55,1815.3,1153.9,150.45,18.51,474.3,29.4,84.0,129.2,Brazil,OpenFoodFacts,2022
3409,Onion (MN),Fruits,232.5,25.54,14.73,41.51,6.39,14.07,1872.9,317.9,103.34,16.79,183.7,84.3,99.0,13.0,Brazil,OpenFoodFacts,2020
4984,Zucchini,Proteins,758.4,45.5,29.94,39.26,10.05,44.33,359.3,9.5,135.21,17.3,12.1,20.1,98.0,70.1,USA,Kaggle FoodDB,2022
686,Carrot,seafood,510.0,37.97,23.83,,10.46,25.43,1948.1,425.3,57.86,17.78,471.7,52.3,50.0,85.0,Germany,USDA,2021
3552,Turkey Breast,Proteins,,4.64,43.06,102.25,6.04,33.04,,73.6,84.25,16.59,,26.2,67.0,29.4,Mexico,OpenFoodFacts,2019
2928,Oats,seafood,886.7,43.19,41.56,5.87,9.92,22.71,376.8,7.2,79.83,12.3,291.1,91.2,22.0,217.5,Mexico,USDA,2020
3662,Mushroom,Nuts & Seeds,461.1,20.66,19.97,113.21,,6.07,1206.0,953.2,25.9,10.11,190.1,86.4,2.0,140.8,UK,FAO,2018
2172,Corn,Oils,,44.35,70.35,28.61,9.79,30.17,664.4,868.9,130.22,7.96,20.7,3.7,43.0,118.4,India,NutritionData.self.com,2021
2842,Lentils,Legumes,683.8,22.03,45.73,1.15,17.37,54.87,129.5,1181.9,183.72,17.39,120.8,77.9,N/A,58.2,China,OpenFoodFacts,2019
1851,Avocado,Legumes,271.6,11.42,23.04,107.65,0.9,28.84,1801.6,1082.2,180.22,15.4,185.3,94.7,64.0,155.3,UK,FAO,2019
488,Onion,Seafood,267.2,33.15,74.97,9.27,15.03,27.61,1353.5,249.1,80.41,7.72,157.1,85.2,47.0,240.5,Germany,NutritionData.self.com,2019
1689,Green Beans,Vegetables,553.5,27.22,26.31,65.36,13.03,27.92,388.9,340.7,27.22,8.23,,38.1,58.0,153.1,Australia,Kaggle FoodDB,2021
2231,Blueberries,Oils,674.0,0.56,49.19,69.95,8.34,3.68,778.9,795.4,31.37,4.37,296.3,44.4,93.0,297.0,China,USDA,2022
3481,Lentils (EA),Proteins,155.2,0.25,55.57,47.62,0.62,3.9,1317.7,232.6,109.83,14.39,177.8,33.0,61.0,33.0,USA,OpenFoodFacts,2019
2321,Beef (Lean),Fruits,818.7,12.38,34.54,46.22,9.41,29.3,1446.9,924.2,112.56,7.93,410.5,20.8,38.0,10.5,China,USDA,2020.
783,Oats,Dairy,241.6,29.84,73.36,30.34,3.38,1.32,367.1,1146.6,84.47,9.84,395.9,50.4,60.0,22.9,Australia,USDA,2023
522,Peas,Vegetables,355.2,28.91,54.31,118.77,15.4,14.5,925.4,522.3,117.46,5.53,204.6,81.8,12.0,93.9,China,USDA,2019.
523,Zucchini,nuts & seeds,873.5,32.36,69.88,,2.65,12.4,1413.9,1018.8,133.36,1.08,,29.8,52.0,110.0,Mexico,OpenFoodFacts,2021
4627,Almonds,Seafood,311.8,29.81,26.62,22.07,,25.26,737.3,1113.7,10.7,12.5,157.6,27.3,76.0,177.8,USA,FAO,2020
4154,Green Beans,Proteins,333.8,24.85,13.56,,11.86,31.63,322.7,724.7,123.6,8.62,202.2,63.3,100.0,30.0,India,Kaggle FoodDB,2024
2399,Cottage Cheese,fruits,,34.33,42.84,19.33,19.53,19.76,51.4,107.4,60.23,,,46.1,19.0,144.2,Brazil,OpenFoodFacts,2023
2208,Garlic (SD),seafood,775.3,20.39,46.51,56.17,5.57,6.66,445.6,907.5,110.13,14.82,115.0,12.4,27.0,91.3,China,NutritionData.self.com,2023
3707,Sweet Potato,Proteins,670.4,37.23,44.79,41.19,2.91,10.7,318.8,689.2,1.18,8.82,454.1,30.6,9.0,61.9,Australia,USDA,2020
3786,Spinach,dairy ,111.9,23.64,17.8,78.1,,13.43,1556.5,521.1,161.85,0.15,14.7,50.3,84.0,237.0,UK,Kaggle FoodDB,2024
4672,Tomato,Oils,793.8,34.93,70.05,80.87,8.8,55.28,119.5,232.1,61.15,16.39,364.1,69.7,104.0,55.6,Brazil,Kaggle FoodDB,2021
4037,Green Beans (AH),Fruits,,5.46,23.11,84.72,1.55,,184.4,751.0,51.76,0.32,283.9,46.6,87.0,86.4,China,OpenFoodFacts,2020
1512,Kale (FW),Fruits,651.9,39.16,47.86,52.84,,35.63,1069.7,437.1,2.92,9.88,,87.9,63.0,202.9,Nigeria,USDA,2023
1883,PEANUT BUTTER,Dairy,579.9,16.15,13.58,,18.45,,192.1,527.5,7.11,7.71,52.5,56.9,55.0,109.4,Nigeria,OpenFoodFacts,2019
652,Olive Oil (EU),Dairy,492.7,33.79,66.16,28.44,12.9,47.1,1146.0,640.1,101.73,17.51,109.0,9.6,77.0,127.3,Canada,USDA,2023
2969,Sweet Potato,PROTEINS,853.4,21.07,49.95,51.58,3.82,39.27,1816.4,610.5,112.68,0.03,,75.7,56.0,283.9,Germany,NutritionData.self.com,2022
3296,Olive Oil (VN),Seafood,78.6,42.09,17.59,79.14,9.72,14.46,925.9,857.6,,10.18,184.5,20.7,74.0,164.5,Brazil,USDA,2023
370,CUCUMBER (UQ),Fruits,81.0,8.61,48.51,48.2,,51.33,1635.0,1072.3,,8.28,241.1,86.4,107.0,182.7,Mexico,Kaggle FoodDB,2022
2811,Pork Loin (NK),Legumes,237.7,11.23,22.99,105.51,8.98,28.37,129.8,932.9,81.94,8.32,315.9,95.7,2.0,157.4,Mexico,NutritionData.self.com,2024
119,Oats,seafood,805.5,37.91,7.54,6.86,1.56,30.24,201.7,575.2,1.87,16.72,80.5,35.9,28.0,235.7,Canada,OpenFoodFacts,2024.
4042,Salmon (OO)  ,Legumes,274.7,15.88,12.22,39.64,7.13,39.23,,1146.8,52.22,12.45,,44.2,85.0,102.6,Germany,FAO,2021
4640,Turkey Breast,Nuts & Seeds,734.5,1.18,51.1,27.27,17.45,36.88,1414.4,235.7,193.47,13.09,292.9,72.0,56.0,142.3,Germany,FAO,2019
2217,Garlic,Grains,749.9,28.33,39.29,15.9,,39.39,180.9,198.7,95.45,,197.6,47.3,15.0,267.3,Canada,OpenFoodFacts,2022
3775,Almonds,Vegetables,599.6,47.39,70.35,37.46,13.46,15.4,341.2,392.6,65.17,10.97,84.4,38.8,26.0,45.1,Mexico,NutritionData.self.com,2023
1614,Mango,Proteins,305.4,1.91,77.59,5.71,17.23,33.92,878.0,378.2,24.03,14.09,135.4,63.9,64.0,168.3,UK,NutritionData.self.com,2022
3104,Strawberry (AV),oils,401.9,2.47,61.94,5.01,3.06,44.07,1943.2,269.5,183.77,,380.5,40.9,80.0,103.5,USA,Kaggle FoodDB,2021
963,Celery (CJ),Grains,235.9,20.38,38.83,68.86,18.92,,,183.4,176.12,18.43,326.2,91.5,46.0,172.9,China,NutritionData.self.com,2021
2511,Mango,Legumes,,41.86,25.71,16.8,8.97,22.66,812.2,766.3,63.08,5.26,217.3,56.4,65.0,116.0,China,Kaggle FoodDB,2019
3781,Broccoli,Grains,371.6,7.24,79.64,56.75,13.72,45.22,1964.2,274.3,128.64,0.72,354.2,43.0,28.0,40.8,India,USDA,2024
3071,Shrimp,Legumes,641.8,21.84,32.3,99.7,13.48,15.56,730.9,610.7,41.1,10.06,104.2,80.5,59.0,23.2,Brazil,NutritionData.self.com,2019
4774,Oats,Dairy,740.6,,41.14,118.62,3.01,29.88,765.3,471.0,52.81,7.72,83.7,12.3,22.0,261.2,Australia,NutritionData.self.com,2021
3568,Turkey Breast,Dairy,607.1,,36.47,90.9,7.81,24.79,100.8,29.5,3.16,13.99,67.0,66.7,64.0,58.3,Australia,OpenFoodFacts,2020
2416,Cheddar Cheese,Fruits,868.3,27.22,8.09,110.39,2.96,1.73,258.4,178.5,84.58,6.38,64.8,50.7,38.0,186.9,Australia,NutritionData.self.com,2024
4798,Watermelon (OE),Proteins,709.2,32.3,14.93,24.36,19.67,12.85,,854.8,149.09,14.81,308.2,83.0,98.0,69.0,Canada,OpenFoodFacts,2018
4369,Apple,Fruits,163.8,39.59,76.97,92.85,0.49,,1702.5,1010.7,152.55,4.16,355.2,44.7,N/A,99.6,Mexico,OpenFoodFacts,2021
2186,SHRIMP (MI),Legumes,845.7,46.12,57.13,25.55,7.41,32.4,783.1,379.3,171.98,15.24,61.2,24.2,56.0,286.5,USA,OpenFoodFacts,2023.
4544,Broccoli,Seafood,269.3,23.51,22.79,,13.6,21.57,132.5,376.0,120.57,,,20.6,50.0,202.6,India,FAO,2020
2568,Lentils,Fruits,267.3,2.85,4.76,107.86,0.54,37.34,506.5,716.6,194.28,6.48,1.6,56.0,47.0,235.3,Brazil,NutritionData.self.com,2019
2038,Chicken Breast  ,Oils,153.1,,68.09,16.92,,12.96,1313.1,1014.0,3.3,12.44,40.8,44.5,104.0,222.8,USA,FAO,2024
4396,Carrot,Seafood,761.1,0.5,42.14,71.47,0.11,27.34,1442.4,350.3,132.32,12.82,33.3,95.3,91.0,299.2,China,FAO,2018
773,Orange (TH),Nuts & Seeds,132.2,12.93,,27.18,12.33,,736.7,304.4,184.85,4.91,,85.2,33.0,12.1,Brazil,Kaggle FoodDB,2022
1285,Kale (CP),Legumes,,10.45,70.38,21.7,5.91,16.83,1409.7,802.4,185.82,9.46,411.7,61.8,59.0,297.7,Canada,NutritionData.self.com,2020.
4744,Milk (Whole) (AA)  ,oils,895.0,34.23,34.19,54.4,15.13,36.97,1074.3,1163.0,164.65,10.06,28.9,54.1,53.0,93.3,USA,Kaggle FoodDB,2020
4884,Salmon,Seafood,178.5,46.81,37.33,20.74,6.74,59.13,1459.7,423.1,,1.53,205.8,10.5,89.0,214.2,USA,FAO,2019
2588,Salmon,Fruits,620.7,36.56,61.21,67.08,8.19,44.45,1868.3,918.8,50.64,3.01,474.3,3.8,100.0,16.1,Nigeria,NutritionData.self.com,2024.
4716,Peas (KL),Dairy,302.4,24.99,,12.69,0.35,,,434.6,173.24,6.93,167.3,32.5,85.0,260.9,USA,FAO,2024
1415,APPLE (QN),Vegetables,487.4,10.04,33.27,67.67,0.37,23.71,1797.6,437.5,61.09,19.07,270.4,77.2,72.0,172.7,Brazil,Kaggle FoodDB,2018
1235,Chicken Breast,Nuts & Seeds,593.5,19.0,14.94,85.74,14.51,57.43,691.7,646.9,91.85,19.05,82.5,35.1,48.0,107.7,Canada,Kaggle FoodDB,2023
2874,Egg,Legumes,389.1,44.61,6.03,33.52,13.92,59.41,1404.9,738.4,199.16,4.58,122.7,9.3,54.0,55.5,Canada,OpenFoodFacts,2021
436,Quinoa,Grains,636.9,37.01,29.06,,12.19,16.78,1781.6,1152.6,151.03,4.62,156.8,69.1,N/A,57.2,Brazil,Kaggle FoodDB,2024
1675,MILK (WHOLE) (PQ),Nuts & Seeds,715.2,6.67,2.95,73.73,7.03,58.03,1944.4,906.7,50.06,6.69,,34.4,2.0,183.9,USA,Kaggle FoodDB,2021
366,Pork Loin (JY),Legumes,359.8,49.52,,1.27,15.21,44.09,213.2,128.2,152.08,0.7,318.1,51.9,30.0,235.1,Mexico,NutritionData.self.com,2022
2821,Celery,Legumes,835.1,17.79,,98.08,3.19,48.1,85.1,14.5,152.96,14.43,326.1,29.7,93.0,111.3,Canada,FAO,2019
232,OLIVE OIL (JT),Legumes,462.3,21.02,26.45,74.36,6.55,15.66,,191.0,16.57,13.62,41.0,56.2,28.0,293.4,UK,FAO,2020
4402,Celery,Oils,476.3,14.77,34.39,60.0,1.43,30.59,80.3,724.6,73.37,5.2,485.3,25.5,54.0,34.9,UK,USDA,2019
148,QUINOA,Grains,462.4,44.97,41.54,91.4,4.57,57.0,147.8,895.5,162.89,,301.4,81.1,96.0,283.5,Germany,USDA,2019
4536,Brown Rice,Proteins,537.4,22.1,12.09,61.48,5.0,47.93,1789.3,398.2,111.14,15.75,222.8,36.2,N/A,20.2,Germany,USDA,2019
408,Bell Pepper,Oils,29.5,22.23,47.25,34.16,11.53,54.9,461.1,1128.0,198.92,1.34,315.0,91.5,56.0,261.9,India,Kaggle FoodDB,2022
2091,Pineapple (QQ),Dairy,702.5,4.64,21.84,10.76,,,1433.4,120.6,,16.28,359.1,22.3,59.0,190.3,Nigeria,Kaggle FoodDB,2021
87,Egg,PROTEINS,662.1,38.46,57.29,96.9,4.18,51.59,1493.7,1153.7,,3.14,430.7,58.4,57.0,226.5,Mexico,OpenFoodFacts,2022
845,Egg (MY),Seafood,150.8,43.69,10.31,5.46,19.08,30.86,1828.9,601.5,58.47,4.14,269.2,86.9,100.0,185.4,China,FAO,2020
1032,Black Beans (BW),Fruits,544.7,17.87,0.2,25.22,16.88,52.57,1823.5,678.2,72.39,18.8,76.9,36.6,62.0,84.0,Brazil,NutritionData.self.com,2018
2803,Green Beans,Fruits,850.5,49.32,55.7,31.92,10.35,10.76,596.9,1170.5,86.27,19.71,369.4,94.6,3.0,234.9,India,OpenFoodFacts,2023
3414,Shrimp,Nuts & Seeds,337.2,22.66,11.26,118.06,18.23,41.6,99.0,781.4,158.68,5.3,200.7,52.0,37.0,244.1,Canada,FAO,2022
2900,Kale (JV),Grains,53.1,44.26,0.88,46.22,12.67,53.0,639.1,269.2,74.54,7.06,266.6,62.7,N/A,231.6,Canada,Kaggle FoodDB,2020
4868,Zucchini (IS),Vegtables,150.7,9.95,33.18,65.49,19.66,,,509.1,79.37,11.51,43.3,50.1,52.0,52.3,Mexico,OpenFoodFacts,2018
2629,Corn,Nuts & Seeds,454.6,45.07,46.01,,13.81,0.56,430.5,216.6,197.62,0.21,397.7,1.9,3.0,255.9,Australia,NutritionData.self.com,2020
4795,Apple,Oils,,25.75,16.86,72.82,14.17,53.92,1171.3,486.9,30.34,10.78,,83.7,108.0,101.8,Mexico,Kaggle FoodDB,2020
856,Quinoa,PROTEINS,0.0,38.14,44.54,34.97,7.62,26.4,941.2,1055.3,,16.2,325.5,25.6,42.0,94.5,Canada,USDA,2021
79,MILK (WHOLE) (UE),Nuts & Seeds,335.4,24.23,4.55,9.22,15.73,21.09,802.3,516.3,18.4,9.62,476.7,1.3,73.0,117.8,Brazil,OpenFoodFacts,2024
2248,Watermelon,Proteins,751.6,43.15,8.36,93.62,16.42,8.31,1395.6,712.2,,16.98,460.0,52.6,3.0,154.9,UK,FAO,2021
4710,Tomato,Dairy,,27.79,4.48,66.38,15.93,8.82,316.3,588.8,,4.34,42.2,52.0,49.0,177.9,Germany,OpenFoodFacts,2022
3899,Pork Loin (XL),Vegtables,495.5,3.85,77.05,,11.56,,1408.9,702.4,175.78,7.76,130.8,3.0,82.0,239.7,Germany,FAO,2018
3103,Olive Oil (DF),Vegetables,824.8,,16.07,16.53,15.04,23.22,1230.8,203.5,72.58,12.96,377.3,25.7,1.0,219.7,India,Kaggle FoodDB,2021
383,Kale,Legumes,573.5,13.12,20.34,1.61,5.9,23.78,,279.2,75.68,6.48,94.8,26.1,60.0,137.6,China,OpenFoodFacts,2021
2280,Sweet Potato,Oils,82.4,30.34,31.13,26.59,8.17,,729.1,716.9,55.98,18.49,236.5,46.5,1.0,133.6,UK,Kaggle FoodDB,2018
4448,Celery (IS),Seafood,723.3,35.83,39.73,,2.94,56.31,816.3,165.4,131.41,12.14,347.9,3.6,5.0,129.6,Nigeria,OpenFoodFacts,2022
4378,Zucchini,Legumes,758.4,20.53,53.84,69.72,4.6,38.68,24.7,739.6,24.74,19.97,430.0,37.9,N/A,27.1,Australia,Kaggle FoodDB,2021.
4112,Peas,Oils,460.2,26.44,48.22,46.05,4.98,37.44,,875.9,102.54,8.29,220.1,70.5,96.0,149.1,Brazil,FAO,2020
3655,Milk (Whole),Proteins,46.8,,47.25,94.45,10.28,55.09,,922.9,95.21,17.59,77.5,77.1,107.0,267.9,Germany,FAO,2020
2177,Quinoa,Proteins,265.8,49.59,3.04,51.06,6.81,57.0,1743.0,819.4,9.97,6.06,181.3,37.8,N/A,280.6,Australia,NutritionData.self.com,2024
425,ALMONDS,Vegetables,70.7,22.29,62.48,112.21,18.53,56.04,1644.6,1091.5,22.21,13.56,384.6,66.1,9.0,107.1,India,FAO,2018
393,Salmon,seafood,,43.41,51.71,34.96,5.45,26.21,1108.0,1128.2,48.34,15.82,16.4,22.1,3.0,103.6,Canada,OpenFoodFacts,2022
4873,Peas,Fruits,193.1,13.24,30.75,42.68,1.79,26.62,1775.1,287.0,140.96,4.89,194.6,61.2,N/A,211.0,Canada,NutritionData.self.com,2020.
3642,Zucchini,Proteins,819.4,21.31,38.05,96.41,9.06,52.09,783.2,140.6,67.06,18.01,,97.6,103.0,103.8,India,NutritionData.self.com,2022
105,Brown Rice,Fruits,818.7,15.85,56.24,103.94,,37.99,1508.2,1038.5,,8.55,235.1,77.7,105.0,89.9,Australia,FAO,2024
2673,Tomato,Fruits,647.6,44.15,46.63,85.49,5.65,42.95,1167.9,1133.9,,17.52,426.4,56.4,7.0,111.6,Brazil,USDA,2020.
3169,Blueberries  ,Nuts & Seeds,,,44.93,24.33,3.35,50.48,1603.1,383.2,36.01,4.8,348.8,51.5,35.0,56.3,Brazil,OpenFoodFacts,2022
4413,Watermelon,Seafood,610.0,37.72,48.84,61.17,16.13,4.29,308.0,732.4,188.23,10.45,463.4,13.9,94.0,107.5,UK,Kaggle FoodDB,2020
4435,Tuna (Canned),Dairy,84.0,14.94,73.55,54.62,5.63,12.32,986.7,383.3,2.41,5.02,447.7,96.3,8.0,171.2,USA,USDA,2021
2993,Onion (XU),Dairy,506.4,,6.0,2.2,0.07,12.51,864.0,157.1,,3.51,1.5,12.6,47.0,55.3,Nigeria,FAO,2018
1949,Spinach (SE),nuts & seeds,,44.14,43.93,9.46,12.41,,1166.4,659.0,77.35,12.96,421.3,30.8,42.0,174.1,Canada,Kaggle FoodDB,2019
1460,Tofu (SH),Dairy,599.8,17.43,69.55,,14.93,36.27,792.8,570.9,145.83,2.7,160.7,61.0,74.0,259.7,Mexico,OpenFoodFacts,2023
3474,Corn,Fruits,635.7,8.64,26.71,52.0,10.49,45.65,240.3,833.4,109.74,11.74,347.7,49.0,102.0,86.0,UK,FAO,2024
2987,Garlic,Legumes,65.5,39.22,75.59,54.45,5.05,33.97,1169.0,29.7,173.82,4.74,313.0,90.3,98.0,13.0,India,NutritionData.self.com,2020
2881,Bread (Whole Wheat) (NV),dairy ,311.8,2.8,60.41,34.95,13.87,13.57,323.5,497.3,177.96,7.45,10.9,25.1,95.0,217.7,Germany,NutritionData.self.com,2022
4937,Oats,Seafood,820.4,,61.87,85.9,,54.67,1936.3,928.5,91.75,4.36,241.7,49.7,11.0,192.7,Australia,USDA,2024
1588,Celery,Grains,375.8,2.55,3.56,32.51,12.97,,1732.0,225.0,131.52,7.72,347.7,98.8,22.0,95.1,Germany,Kaggle FoodDB,2020
3902,Strawberry,Oils,353.6,45.64,65.09,58.92,18.63,32.93,,606.4,6.77,15.08,396.0,56.7,47.0,52.0,Germany,FAO,2018
1732,Watermelon,Nuts & Seeds,,11.26,16.71,6.31,19.79,27.96,1138.6,105.3,4.82,9.75,92.3,64.9,89.0,242.5,China,NutritionData.self.com,2021
772,Watermelon,oils,,36.08,55.87,11.6,2.06,53.85,1345.8,1156.3,10.09,11.97,368.8,11.2,31.0,41.3,Brazil,Kaggle FoodDB,2020
3958,Milk (Whole),Vegetables,389.3,42.59,32.15,97.71,3.72,18.33,,1045.5,,,106.5,2.0,43.0,251.2,Australia,USDA,2020
4915,Tomato (AK),Legumes,166.3,22.63,31.37,10.28,13.87,38.91,1238.9,137.4,,19.19,417.7,72.7,46.0,122.2,Germany,FAO,2021
1792,Pineapple,PROTEINS,668.9,15.24,0.45,5.11,2.43,39.05,1065.1,127.2,19.25,15.2,95.3,52.6,39.0,70.6,Germany,FAO,2019
2356,Bell Pepper,Dairy,,38.05,16.93,47.18,2.14,45.03,1182.3,716.7,63.79,6.73,491.5,94.4,50.0,182.8,Brazil,NutritionData.self.com,2018
1941,Banana (NZ),Dairy,71.5,40.62,7.27,87.51,2.16,10.01,717.9,462.6,121.04,14.35,484.1,52.0,11.0,139.0,Brazil,Kaggle FoodDB,2019
703,Kale,Fruits,316.2,28.27,13.26,49.09,8.14,48.15,1534.3,647.1,186.57,10.7,364.2,26.8,49.0,199.2,Brazil,NutritionData.self.com,2021
2443,Apple,Grains,690.5,6.8,73.06,107.58,4.45,58.78,797.6,170.1,66.76,11.06,306.1,94.2,22.0,224.3,USA,NutritionData.self.com,2024
2998,Orange,Vegetables,292.6,22.82,69.41,87.08,17.28,16.97,250.7,731.2,82.13,10.37,292.8,69.5,106.0,229.2,India,OpenFoodFacts,2022
497,Bell Pepper,Vegetables,533.6,29.01,,48.91,8.1,38.84,1497.8,505.3,166.92,13.85,84.2,55.0,16.0,216.7,Australia,FAO,2023
465,Spinach (NT),Nuts & Seeds,866.7,13.41,12.94,99.38,19.59,45.6,1457.4,1022.1,183.08,6.12,222.0,83.3,9.0,290.9,Nigeria,Kaggle FoodDB,2024.
4366,Mango,Oils,606.5,25.31,37.03,45.59,0.8,4.05,834.5,708.9,168.75,12.12,0.9,93.6,N/A,55.2,Mexico,Kaggle FoodDB,2021.
4574,Beef (Lean),Grains,687.1,2.66,68.19,54.58,8.82,37.31,1707.2,998.5,161.93,10.85,181.2,7.1,96.0,228.0,Canada,USDA,2023
173,Blueberries,Dairy,470.6,1.15,41.05,89.91,0.91,2.89,991.6,281.3,19.3,4.87,57.7,47.3,75.0,264.0,Australia,NutritionData.self.com,2024
3278,Mushroom,Nuts & Seeds,446.9,21.18,55.27,41.54,14.92,30.8,1496.6,932.4,65.93,5.84,363.8,92.6,44.0,162.9,USA,NutritionData.self.com,2024
4944,Green Beans,Proteins,339.7,33.1,27.6,98.75,19.42,49.59,1380.5,801.0,65.11,17.04,391.3,24.0,101.0,112.6,Canada,NutritionData.self.com,2020
2541,Pasta (QW),legumes,599.5,9.67,6.29,62.24,17.4,43.09,1364.8,931.3,79.42,14.52,283.8,26.8,106.0,88.1,Mexico,NutritionData.self.com,2019
3479,Salmon,Grains,449.9,32.72,34.32,72.93,8.9,,788.5,620.3,77.69,12.6,279.2,21.2,26.0,268.5,Australia,NutritionData.self.com,2019
3448,Oats,Nuts & Seeds,649.3,42.95,46.1,53.04,8.13,55.29,1076.7,1113.3,189.18,7.22,157.7,48.2,73.0,33.1,USA,OpenFoodFacts,2024.
2261,Strawberry,Legumes,701.0,12.89,78.54,91.25,16.98,24.34,991.6,551.9,32.18,18.07,96.0,86.0,101.0,250.9,Australia,FAO,2018
2113,Tuna (Canned),fruits,182.1,20.46,21.4,51.24,8.85,59.72,1304.4,312.8,121.94,6.61,375.0,38.3,31.0,233.8,Nigeria,FAO,2021
901,Mango (XQ),Legumes,202.9,31.61,41.15,39.01,16.61,19.35,1667.6,617.0,33.33,6.5,415.9,54.7,63.0,178.9,Canada,NutritionData.self.com,2018
1447,Milk (Whole),Fruits,629.5,48.44,71.68,99.2,18.09,38.29,,687.8,157.39,4.93,240.5,1.2,22.0,214.8,Canada,USDA,2021
3809,Tuna (Canned) (TG),Fruits,,2.12,23.33,6.74,6.21,59.63,1346.0,147.3,51.27,18.96,374.8,72.9,69.0,67.9,India,OpenFoodFacts,2018
2698,CHEDDAR CHEESE,Fruits,294.4,34.51,66.88,95.59,18.6,38.29,1146.3,1143.8,47.28,9.03,201.4,50.3,97.0,151.3,Mexico,FAO,2024
4833,Shrimp,Vegetables,588.1,,64.83,65.25,17.41,15.77,1764.0,795.8,91.24,15.0,73.1,81.7,102.0,14.7,China,USDA,2023
742,PORK LOIN,Fruits,285.2,28.52,62.17,85.52,11.98,53.85,1630.8,723.0,33.34,9.62,448.8,77.5,103.0,275.4,Canada,USDA,2022
2294,Sweet Potato (CZ),seafood,474.6,24.69,37.58,105.98,2.55,43.46,1409.6,756.6,152.57,8.84,310.4,34.2,107.0,26.8,Nigeria,Kaggle FoodDB,2024
2453,BELL PEPPER (QU),Legumes,510.8,13.47,1.23,64.9,7.69,49.55,1166.1,962.9,9.45,17.54,274.8,71.4,24.0,218.1,Brazil,OpenFoodFacts,2018
4993,Green Beans (OE),Vegetables,320.6,23.61,19.0,10.74,18.32,9.5,629.4,671.0,192.88,,306.4,29.8,1.0,223.9,USA,USDA,2019
4215,Orange,Oils,581.2,1.27,31.1,60.88,17.77,25.01,1470.8,318.3,84.0,15.1,155.2,59.5,108.0,260.0,Canada,NutritionData.self.com,2023
1207,Blueberries (EI),Legumes,621.3,13.0,62.13,112.37,13.99,36.62,523.0,339.5,134.02,17.85,267.0,98.9,47.0,201.5,China,Kaggle FoodDB,2021
510,Pineapple (VG),Fruits,658.6,23.25,21.88,22.34,5.02,48.65,1233.1,108.2,9.41,12.88,292.1,81.0,28.0,202.1,Brazil,Kaggle FoodDB,2021
4285,TURKEY BREAST (EC),Proteins,506.1,42.33,35.96,,8.05,10.89,1684.3,506.7,153.73,6.8,130.3,70.9,13.0,42.8,Nigeria,OpenFoodFacts,2020
3592,Bell Pepper (AU),Proteins,174.4,0.58,33.76,28.38,13.95,42.12,1083.3,55.8,171.99,3.25,22.6,79.4,94.0,216.2,UK,Kaggle FoodDB,2018
2986,Greek Yogurt (DC),oils,871.0,39.12,,57.52,15.93,32.64,1214.9,1109.4,4.71,14.9,72.7,9.4,13.0,69.8,Mexico,NutritionData.self.com,2021
4249,Lamb (XH)  ,Seafood,534.4,10.05,,114.39,7.18,2.74,1679.0,463.6,7.39,4.25,477.1,56.9,93.0,10.7,Mexico,OpenFoodFacts,2019
1550,ONION,Oils,577.2,22.16,76.25,10.97,13.5,7.99,357.5,700.5,69.8,3.6,433.1,40.7,9.0,19.0,Australia,USDA,2023
3484,Orange,Seafood,,46.61,7.5,89.95,18.57,17.67,399.1,876.4,103.06,5.26,205.0,35.2,3.0,264.3,Mexico,OpenFoodFacts,2022
2203,SPINACH,Vegetables,,25.97,10.44,50.22,2.52,42.31,1777.6,1055.9,82.41,,358.9,80.2,7.0,204.0,USA,Kaggle FoodDB,2021.
2567,Mushroom,Seafood,224.5,46.0,57.98,,0.77,31.12,559.8,1158.7,143.18,,308.3,28.9,78.0,27.1,China,OpenFoodFacts,2019
4281,Milk (Whole),Fruits,163.1,20.96,71.46,,1.39,16.02,530.4,124.5,,4.4,12.0,36.9,44.0,99.2,Germany,FAO,2019
2045,Salmon,Fruits,776.9,46.64,58.12,10.17,14.55,43.51,1792.5,243.7,23.22,18.08,316.7,8.9,4.0,211.5,India,FAO,2023
768,Bread (Whole Wheat),legumes,791.6,3.46,,73.89,16.43,54.68,481.9,357.8,165.73,11.31,467.9,1.0,57.0,92.3,Australia,NutritionData.self.com,2019
4197,Chicken Breast,Dairy,42.6,36.97,12.29,,13.31,52.41,,73.3,8.8,14.24,131.5,13.9,11.0,92.0,USA,OpenFoodFacts,2023
3985,Onion  ,Seafood,739.2,0.67,76.79,79.36,3.88,46.6,1004.9,445.8,138.7,12.67,213.5,50.9,13.0,263.2,Mexico,USDA,2024
422,Spinach (WJ),Vegetables,714.9,15.54,,82.37,16.17,56.65,434.7,738.5,75.82,19.43,296.2,59.9,16.0,218.3,Australia,FAO,2018
124,Greek Yogurt (EH),Dairy,116.8,,57.48,73.14,11.11,52.42,149.6,330.5,140.01,16.81,157.2,16.5,52.0,188.8,Germany,Kaggle FoodDB,2020
4293,Tofu (PC),Dairy,517.9,26.96,,96.3,12.38,48.83,1597.7,841.5,188.2,7.04,409.0,41.6,37.0,18.6,USA,USDA,2024
3341,CORN,Grains,802.4,41.1,66.63,73.56,1.1,1.28,,84.1,28.75,16.4,101.5,27.9,82.0,181.8,India,NutritionData.self.com,2019
820,COTTAGE CHEESE,dairy ,315.0,24.89,34.38,23.08,4.19,32.94,,1022.9,89.4,,175.6,39.5,97.0,271.9,Mexico,OpenFoodFacts,2024
1404,LAMB (UR),Grains,668.0,43.68,33.7,54.46,10.57,26.06,995.6,393.5,143.22,9.26,485.4,74.1,40.0,127.6,Australia,FAO,2021
1383,Kale,Dairy,873.1,1.49,48.41,63.18,1.67,32.44,,991.0,,2.9,52.3,28.5,89.0,213.2,China,FAO,2019
2149,Corn,Grains,454.9,22.21,10.35,44.55,,53.02,434.0,1050.2,17.03,13.04,106.5,98.3,105.0,53.3,Germany,FAO,2022
1576,Zucchini,Legumes,104.2,,12.13,117.81,12.19,10.76,,559.0,86.39,9.39,19.9,49.8,71.0,97.7,UK,Kaggle FoodDB,2019
1639,Peas (ZR),PROTEINS,893.4,4.36,38.54,41.82,17.61,21.54,1412.3,1026.5,140.6,16.35,,50.5,87.0,227.9,Mexico,FAO,2019.
1796,Turkey Breast,Legumes,,14.35,69.76,17.66,10.78,15.14,1716.8,1057.5,149.86,3.58,33.6,15.1,44.0,40.3,Brazil,FAO,2023.
4963,Cucumber,Dairy,,24.26,70.2,82.74,9.08,0.57,1341.4,173.3,41.04,10.66,46.3,72.1,25.0,170.3,Australia,NutritionData.self.com,2024
400,Beef (Lean),oils,684.0,43.37,39.34,82.13,12.46,53.67,1843.8,1099.9,124.55,18.1,119.0,54.1,93.0,10.3,Nigeria,Kaggle FoodDB,2023.
2311,GARLIC (OE),Oils,466.5,48.35,49.16,70.08,8.65,41.7,719.1,1090.6,98.68,0.59,154.0,24.1,97.0,64.2,Australia,OpenFoodFacts,2024
883,Banana (MS),Proteins,37.3,18.0,30.98,37.69,15.23,,1093.5,605.4,64.28,14.84,498.5,24.9,47.0,168.6,Mexico,OpenFoodFacts,2023
2043,Garlic,Seafood,480.6,32.34,67.55,25.83,14.28,32.17,1351.8,952.3,137.65,13.11,305.7,58.5,27.0,289.2,Australia,NutritionData.self.com,2019
4451,Orange,Fruits,,22.48,70.94,46.08,15.96,25.5,1747.5,100.3,71.15,12.93,82.6,44.7,20.0,204.2,USA,FAO,2021
1353,Tomato (EX),Grains,406.0,1.97,21.91,1.14,18.75,23.43,1448.8,745.6,42.05,9.81,433.1,27.2,82.0,26.4,India,FAO,2018
2923,Peanut Butter (FK),Oils,738.8,9.0,34.11,67.29,1.36,51.03,,949.4,,4.43,457.8,15.3,82.0,252.6,China,Kaggle FoodDB,2023
4690,Quinoa (IN),Oils,878.7,41.79,29.71,45.68,17.02,,70.6,570.8,73.37,14.45,234.5,62.6,61.0,96.2,Germany,FAO,2022
2131,Bell Pepper,Proteins,162.8,,49.07,92.42,16.8,47.18,149.9,360.1,15.5,7.28,428.4,90.4,49.0,91.9,Germany,FAO,2021
983,Tuna (Canned),Vegetables,113.8,48.02,70.3,107.09,2.82,11.52,464.6,898.5,70.76,12.39,192.9,5.9,29.0,185.9,Brazil,OpenFoodFacts,2020.
457,Pork Loin,Grains,30.0,18.4,20.14,103.97,2.94,50.16,696.9,748.1,152.9,,,30.1,42.0,236.6,USA,Kaggle FoodDB,2019
3762,Lentils (SF),Vegetables,666.7,33.6,38.53,29.02,5.31,13.0,467.6,147.4,23.66,8.97,309.1,79.9,21.0,85.6,Nigeria,FAO,2021
1080,Cheddar Cheese,Vegetables,856.0,17.89,65.53,8.38,8.73,56.08,962.0,297.2,180.26,0.07,339.4,76.2,54.0,287.7,Brazil,NutritionData.self.com,2024
1951,Corn,Dairy,98.0,37.66,79.47,114.99,11.23,0.01,1084.5,901.2,130.02,2.71,193.0,5.5,105.0,47.8,China,USDA,2024
4449,Spinach,Seafood,314.1,,43.54,23.05,2.01,2.44,,651.2,187.18,11.28,108.6,52.6,9.0,295.9,China,NutritionData.self.com,2023
690,LENTILS,Nuts & Seeds,184.6,32.33,19.46,108.45,10.91,22.4,1497.1,427.7,155.69,,,55.1,30.0,271.8,Mexico,NutritionData.self.com,2024
2430,Zucchini (MD),Oils,801.8,33.32,51.67,33.46,6.14,,574.3,671.5,197.39,10.65,60.5,84.0,91.0,264.5,India,NutritionData.self.com,2020.
642,Carrot,dairy ,303.4,40.99,71.54,51.51,7.02,15.79,43.1,937.3,72.06,12.0,186.5,59.3,61.0,224.5,Australia,USDA,2024
2393,Almonds,Seafood,398.9,40.53,53.08,105.43,,,1644.3,14.7,171.05,,277.6,71.2,72.0,132.2,Australia,OpenFoodFacts,2021
2826,Tuna (Canned),Oils,766.3,-1.0,15.66,85.71,18.83,48.46,1146.4,217.2,22.5,17.32,62.8,41.4,76.0,252.5,USA,NutritionData.self.com,2022
1954,Tofu (MF),Dairy,667.4,0.45,55.55,116.67,18.16,12.59,1624.0,134.0,101.2,15.22,450.2,85.5,36.0,122.5,Nigeria,NutritionData.self.com,2022
4380,GREEK YOGURT (XP),Dairy,465.0,,2.85,88.09,13.89,51.64,627.5,373.4,,12.13,1.2,70.4,42.0,93.3,China,FAO,2022
3538,STRAWBERRY,Legumes,332.7,44.39,64.0,107.34,19.92,41.72,434.9,664.2,129.03,,98.2,4.5,22.0,168.2,India,Kaggle FoodDB,2020
3663,Quinoa (TP),Grains,64.2,1.88,,48.17,15.07,50.98,1500.3,961.7,135.19,12.95,315.4,93.1,92.0,23.2,Germany,Kaggle FoodDB,2018
2711,Peanut Butter (VR),Fruits,700.4,1.77,12.66,16.86,4.44,38.8,1855.6,1015.6,134.17,18.98,432.8,36.4,34.0,183.6,Mexico,OpenFoodFacts,2020
3556,Lamb,Dairy,569.1,34.01,31.97,,13.14,21.99,654.4,17.4,167.58,0.12,219.6,87.1,42.0,171.6,USA,Kaggle FoodDB,2024
4914,Mango (IC),Oils,192.0,30.36,48.4,43.54,1.44,34.8,1355.9,136.8,73.73,10.45,78.6,5.4,109.0,162.7,Brazil,FAO,2022
3122,Black Beans,Proteins,,,3.47,116.72,7.19,50.7,1863.7,10.3,33.05,5.93,438.4,22.2,28.0,95.5,Brazil,OpenFoodFacts,2018
1885,Bread (Whole Wheat),Fruits,,47.17,57.46,64.73,2.91,38.08,1787.7,1099.1,160.53,13.31,218.3,82.4,27.0,236.4,USA,Kaggle FoodDB,2023
3692,White Rice (HV),Grainss,481.8,32.95,3.18,84.78,3.99,12.74,1979.5,665.7,180.9,14.06,487.2,31.1,84.0,297.4,Germany,NutritionData.self.com,2022
390,MILK (WHOLE),Legumes,730.0,43.19,71.46,107.74,0.93,,1848.2,931.3,57.06,5.06,298.8,26.1,37.0,173.8,Nigeria,NutritionData.self.com,2022
2495,Cucumber,Legumes,469.9,,5.93,31.89,8.49,7.68,119.9,67.7,21.82,17.32,295.9,28.4,N/A,289.2,Canada,FAO,2023.
3327,Broccoli,Dairy,726.6,,39.46,71.76,16.35,56.79,1753.2,1016.5,106.15,14.6,50.6,46.6,70.0,71.9,Canada,OpenFoodFacts,2022.
3081,White Rice,Dairy,668.2,15.76,21.83,39.38,12.31,13.74,,858.0,126.36,16.1,270.3,7.6,4.0,218.9,India,USDA,2020
846,Apple,Fruits,384.9,11.9,68.43,,18.81,,,725.1,,6.77,373.4,61.1,18.0,198.9,UK,FAO,2024
543,Brown Rice (OO),Nuts & Seeds,221.2,43.41,59.04,5.82,19.29,39.29,1754.9,244.5,64.95,12.39,489.1,13.7,105.0,296.8,Canada,NutritionData.self.com,2022
92,Blueberries (XE),Vegetables,647.7,2.73,,76.74,14.9,53.4,1369.3,62.3,92.55,,315.9,65.9,104.0,287.8,India,Kaggle FoodDB,2018
4850,Avocado  ,Seafood,115.6,25.24,,36.72,5.63,15.78,,283.6,9.64,11.19,484.0,52.3,14.0,147.9,China,OpenFoodFacts,2018
1980,Sweet Potato,Dairy,760.9,2.04,22.0,78.74,2.7,52.72,1710.2,1124.8,82.43,3.04,24.4,64.0,9.0,166.2,Australia,USDA,2023
2996,Corn,Proteins,781.5,13.73,75.22,74.62,1.67,12.96,1326.0,125.1,93.12,11.52,443.6,71.1,95.0,239.8,China,NutritionData.self.com,2020
4218,Shrimp,Fruits,458.4,45.55,12.52,42.95,3.38,40.55,147.9,252.8,102.12,18.63,345.7,64.6,26.0,201.0,Brazil,FAO,2022
3152,Avocado (JC),Seafood,,41.21,3.62,,9.0,27.0,277.2,10.1,20.18,9.59,406.6,19.0,18.0,233.6,Canada,USDA,2018
2530,Mushroom (US),Oils,898.1,13.05,15.12,61.05,15.21,20.54,765.5,211.1,55.1,5.88,5.6,52.6,58.0,131.3,Germany,Kaggle FoodDB,2019.
1677,Peanut Butter,Vegetables,91.2,31.73,24.77,74.18,,40.81,766.5,7.3,168.05,15.95,113.8,56.0,106.0,106.9,China,FAO,2019
1049,Cheddar Cheese,Dairy,,40.75,32.51,68.03,19.13,14.91,1055.1,546.2,196.91,13.01,386.9,56.2,77.0,110.6,UK,NutritionData.self.com,2024
1961,White Rice (MA),Oils,,26.61,77.42,72.95,1.5,58.22,1730.3,679.4,22.19,3.09,341.8,82.6,94.0,46.9,Brazil,USDA,2022
2531,Blueberries,Grainss,615.6,4.32,15.35,77.18,3.56,12.76,1281.3,135.6,21.73,18.48,334.0,62.4,102.0,97.2,USA,OpenFoodFacts,2024.
3537,CELERY (BU),Vegetables,245.7,6.9,29.99,19.24,4.7,33.76,51.9,269.8,157.52,8.13,44.9,26.2,52.0,139.5,India,Kaggle FoodDB,2021
238,Milk (Whole),Vegetables,41.4,33.1,26.61,69.32,17.55,37.45,,197.1,182.22,9.44,234.1,92.8,6.0,157.6,Brazil,FAO,2023
3163,Shrimp  ,Nuts & Seeds,,21.09,43.48,97.42,16.01,16.73,1066.8,933.6,37.79,4.97,450.5,37.2,35.0,291.6,Brazil,OpenFoodFacts,2020
3719,Celery,seafood,409.7,44.18,25.15,30.16,,2.62,256.6,525.4,43.91,14.06,84.7,95.8,32.0,270.7,Brazil,Kaggle FoodDB,2022
1134,Lamb,dairy ,213.8,3.97,54.31,6.83,12.96,13.36,1994.8,1066.6,88.54,14.14,132.8,7.7,24.0,158.2,Brazil,Kaggle FoodDB,2018.
1806,Bell Pepper,dairy ,701.7,40.0,9.18,116.07,2.07,57.45,1209.1,653.5,129.68,7.46,460.6,43.5,41.0,56.7,UK,Kaggle FoodDB,2018
4273,Strawberry,Nuts & Seeds,153.3,33.22,13.75,5.26,9.61,0.69,1972.3,861.6,164.94,6.25,421.2,35.0,73.0,58.4,Germany,OpenFoodFacts,2020
164,Bell Pepper (QR),Dairy,491.5,23.48,,59.18,15.66,6.85,309.4,608.7,55.47,3.88,75.4,5.8,81.0,226.4,India,NutritionData.self.com,2021
3723,Bread (Whole Wheat),Seafood,843.2,11.08,17.73,117.81,5.15,17.45,1151.3,143.0,125.89,13.9,273.5,67.9,35.0,168.1,Mexico,OpenFoodFacts,2022
4856,Mushroom (HB),Vegetables,189.0,24.12,68.95,95.52,4.87,4.06,722.5,998.0,194.93,18.71,492.6,6.4,100.0,298.8,Brazil,Kaggle FoodDB,2024
4039,Blueberries,Grains,600.3,36.81,41.92,111.04,9.7,24.61,766.3,908.1,167.46,12.55,254.1,0.3,80.0,162.8,Germany,NutritionData.self.com,2022
3681,Corn,Oils,680.7,0.56,75.3,21.17,19.56,32.3,1173.4,1123.5,50.73,7.05,462.3,41.9,5.0,58.2,China,Kaggle FoodDB,2020.
3412,Avocado,Proteins,134.5,49.03,,116.06,6.84,6.69,1320.7,6.4,193.08,14.85,34.2,42.3,42.0,255.0,Mexico,NutritionData.self.com,2021
3876,Lentils (SG),Proteins,388.9,5.71,5.33,109.14,11.37,36.01,1388.1,142.2,20.53,7.07,335.7,38.2,28.0,256.9,India,FAO,2023
2002,Mushroom,Dairy,237.3,9.42,6.4,81.43,0.13,1.58,15.9,325.9,179.28,6.25,473.9,16.0,93.0,12.7,UK,FAO,2019
1812,Cottage Cheese (JP)  ,Dairy,692.6,2.7,75.27,82.41,4.54,12.25,1506.7,239.7,94.99,0.38,343.3,47.3,26.0,53.2,India,Kaggle FoodDB,2018
3319,Egg,Dairy,728.0,42.9,71.01,83.39,11.11,14.91,1169.6,23.8,162.46,,427.0,76.7,94.0,189.1,Brazil,Kaggle FoodDB,2020
4717,Milk (Whole),oils,544.5,10.83,74.61,2.92,7.66,,935.6,1189.0,89.71,11.26,275.7,11.7,56.0,107.7,Germany,FAO,2021
1429,Lentils (AV),Grainss,582.4,13.49,,53.27,11.17,7.01,1871.4,30.2,42.95,1.09,83.4,80.3,7.0,54.4,Germany,FAO,2020
4684,Pasta,Nuts & Seeds,282.5,41.01,8.82,110.79,5.2,34.99,300.2,1065.0,9.51,9.74,462.2,53.2,85.0,282.9,Mexico,USDA,2019
4655,Cottage Cheese (TS),Fruits,357.4,26.02,38.06,64.19,11.27,30.21,1110.9,589.4,6.91,16.29,86.5,25.2,89.0,141.4,Mexico,OpenFoodFacts,2024
3623,Chicken Breast,oils,212.0,25.18,67.61,52.69,7.31,48.41,5.5,585.8,153.1,18.23,,78.8,77.0,136.6,Australia,USDA,2022
4600,Bread (Whole Wheat),Dairy,256.9,19.99,79.27,83.21,2.56,8.7,1755.6,1072.4,,6.18,157.8,87.4,104.0,236.2,China,NutritionData.self.com,2024
4793,Kale (MT),Nuts & Seeds,73.0,0.85,50.37,59.67,14.63,45.24,1377.4,13.4,191.35,11.95,246.4,62.0,108.0,258.8,China,FAO,2022
3524,Mango,Vegetables,108.9,-1.0,,114.66,1.85,12.34,1348.2,361.1,,14.33,324.1,76.7,88.0,263.7,Australia,FAO,2021
1453,Lamb (FF),Seafood,784.6,21.57,2.0,,2.08,56.03,1486.0,98.0,88.91,10.2,430.6,90.9,18.0,260.1,Mexico,Kaggle FoodDB,2020
594,Corn (XC),Nuts & Seeds,324.2,48.63,20.32,79.25,13.63,31.98,1637.0,469.0,118.9,5.49,108.1,26.9,76.0,157.6,Canada,FAO,2022
2726,Olive Oil,fruits,286.6,7.07,74.1,111.7,16.53,4.1,822.2,1069.9,37.94,19.93,379.6,76.5,47.0,276.6,Australia,OpenFoodFacts,2019
42,Peas,Grainss,455.8,29.63,11.26,2.42,15.04,36.33,166.0,845.4,144.62,10.01,,57.9,11.0,172.0,Germany,OpenFoodFacts,2020
561,Watermelon,seafood,,17.11,9.43,,2.79,46.8,838.1,300.6,140.96,12.06,493.2,76.7,14.0,283.3,Australia,FAO,2024.
3128,Watermelon,Vegetables,91.4,46.69,45.19,119.39,6.43,48.46,1075.6,188.8,11.28,13.12,161.9,3.7,13.0,173.7,UK,NutritionData.self.com,2020
3244,Orange  ,fruits,632.9,20.65,56.16,11.63,19.34,20.13,194.5,221.0,14.45,7.74,24.1,62.0,76.0,244.1,Brazil,NutritionData.self.com,2019
244,Corn (UE),dairy ,345.7,-1.0,25.45,114.55,15.58,24.63,1919.4,789.8,179.32,19.83,,16.8,54.0,275.4,Germany,NutritionData.self.com,2019
1340,Oats (LQ),Fruits,47.0,14.39,32.28,46.02,10.65,51.35,594.7,761.5,55.46,3.47,10.3,31.8,13.0,104.8,China,USDA,2023
3399,Olive Oil,Grains,239.1,,3.67,99.24,9.83,8.7,46.0,491.3,,11.03,285.8,54.2,93.0,80.5,UK,USDA,2022
3320,Chicken Breast,Grains,700.1,24.8,45.31,19.23,5.86,36.39,1987.3,618.7,112.83,19.0,465.4,30.4,41.0,176.0,Canada,OpenFoodFacts,2021
4050,Corn,Vegetables,197.3,25.89,1.54,38.11,5.42,2.37,,1157.8,36.89,4.07,481.4,25.7,55.0,171.4,India,USDA,2021
1443,Avocado (GL),Legumes,611.9,36.17,17.91,18.82,14.03,19.86,1420.7,505.4,55.12,3.57,468.7,30.1,103.0,104.7,Canada,FAO,2023
262,Milk (Whole) (OR),Fruits,891.2,,54.41,99.87,,17.58,892.4,832.2,155.24,3.47,241.1,69.7,104.0,15.7,USA,OpenFoodFacts,2020.
2945,Cottage Cheese,Nuts & Seeds,687.9,19.13,,47.31,7.35,2.35,54.5,399.5,159.97,11.96,12.3,43.8,61.0,277.1,UK,FAO,2020.
1690,Zucchini,Nuts & Seeds,693.0,3.73,52.28,58.97,5.94,48.28,1684.5,882.2,117.14,,463.7,64.4,16.0,106.4,Australia,OpenFoodFacts,2023
1726,Greek Yogurt,Seafood,,4.57,32.84,97.73,10.12,31.1,1766.9,90.3,110.24,13.46,318.9,11.7,70.0,47.5,Australia,NutritionData.self.com,2021
1204,Beef (Lean),Proteins,304.8,32.55,60.43,117.05,11.69,26.83,1900.4,1145.5,10.79,18.77,229.5,79.1,45.0,138.4,China,USDA,2018
835,White Rice (DN),Nuts & Seeds,458.6,39.84,40.54,96.31,4.17,23.79,1693.3,1114.4,41.04,13.23,185.6,15.6,86.0,37.2,UK,FAO,2020
1867,Quinoa,Proteins,58.0,19.7,6.5,97.58,10.18,41.86,967.2,930.0,132.53,16.02,69.1,78.6,52.0,10.3,Mexico,USDA,2021
2497,White Rice,Oils,528.0,3.72,,57.59,17.35,24.71,556.9,332.6,87.93,17.22,112.8,17.4,14.0,271.4,India,Kaggle FoodDB,2019.
4988,Watermelon (LB),oils,548.2,14.74,61.52,94.77,7.87,5.43,1159.4,366.2,166.27,9.38,84.2,95.9,97.0,77.2,Nigeria,NutritionData.self.com,2019
2011,Pork Loin (TU),Fruits,49.6,12.6,76.79,111.39,19.61,11.08,114.4,956.9,95.23,6.59,35.0,11.1,N/A,53.7,Germany,OpenFoodFacts,2019
2958,OLIVE OIL (DI),Fruits,778.3,41.6,71.45,112.58,5.68,16.29,1237.8,108.6,91.67,11.78,,29.6,59.0,212.7,Germany,USDA,2022
341,Bread (Whole Wheat) (AW),Fruits,452.6,40.55,10.12,84.71,19.62,25.34,910.8,51.7,,8.98,458.7,4.7,100.0,99.0,USA,Kaggle FoodDB,2022
4443,Apple (JW),Dairy,217.7,11.95,11.65,19.55,2.51,25.36,1113.5,914.6,85.8,12.99,471.4,0.2,22.0,185.5,Brazil,USDA,2020
1602,Greek Yogurt (FI),Dairy,304.6,29.86,66.92,86.71,17.35,27.57,186.7,508.1,67.63,4.41,445.9,93.1,15.0,111.7,India,FAO,2023
2797,OLIVE OIL (OA),Seafood,84.3,46.85,65.9,53.79,9.04,51.03,1165.6,183.8,194.28,2.03,118.1,41.3,22.0,158.6,USA,NutritionData.self.com,2021
3204,Beef (Lean),Grains,775.8,18.92,66.0,98.32,5.79,47.37,1819.0,539.0,199.57,0.36,54.6,4.8,75.0,218.8,Mexico,FAO,2023
4840,Kale (SV),Fruits,261.1,,27.09,106.63,17.85,46.02,1750.6,1071.7,151.76,8.37,305.1,55.0,63.0,19.6,Germany,USDA,2021
481,Tuna (Canned),dairy ,573.9,40.6,,72.72,,14.05,1513.6,172.3,,,62.7,14.9,40.0,227.5,Canada,FAO,2019
3009,LAMB,legumes,613.1,34.71,12.87,69.42,,19.2,633.5,998.2,143.95,19.3,8.0,92.7,62.0,33.9,China,NutritionData.self.com,2024
3766,Tuna (Canned),seafood,283.9,40.23,39.21,94.53,13.74,10.84,747.8,816.0,195.89,8.44,,70.7,91.0,19.7,Brazil,USDA,2019
1524,Mango,Legumes,109.3,9.43,5.56,,2.21,1.65,262.7,501.8,23.63,18.71,,73.9,64.0,279.9,Australia,OpenFoodFacts,2020.
3621,Zucchini (AG),Seafood,612.0,49.8,38.64,72.97,16.49,31.87,404.7,884.8,114.12,4.28,394.2,75.8,52.0,144.6,Nigeria,FAO,2019.
4578,Celery (PD),Legumes,204.5,37.17,41.75,8.95,17.0,35.32,481.1,1133.4,76.75,2.1,90.2,3.8,66.0,52.0,USA,NutritionData.self.com,2024
4824,Pasta,Fruits,366.1,10.0,22.29,61.25,6.04,14.53,582.6,584.4,153.76,6.13,207.2,3.8,45.0,131.0,China,USDA,2021
3249,Peanut Butter,Legumes,786.1,45.67,46.46,14.39,18.17,32.13,1565.7,1061.1,37.67,18.41,225.0,32.7,1.0,254.4,Mexico,FAO,2022.
800,Cottage Cheese,Nuts & Seeds,831.8,8.27,7.76,14.67,12.05,48.46,1507.7,338.9,77.34,8.34,,77.9,82.0,200.6,Australia,NutritionData.self.com,2019
1767,Corn,Proteins,668.9,,20.56,63.28,19.95,10.05,,119.2,84.82,16.75,46.0,84.5,108.0,25.2,Germany,USDA,2021
4613,Blueberries,Dairy,447.8,45.18,54.18,,10.63,37.88,1374.6,548.7,20.82,18.41,99.2,50.9,26.0,133.5,China,FAO,2018
2454,Egg (SG),legumes,325.6,30.24,65.35,11.86,17.04,39.09,515.5,1061.4,48.22,1.41,292.5,44.7,14.0,31.1,UK,OpenFoodFacts,2024
3065,Lentils (KM),Legumes,,48.29,28.93,70.22,1.37,49.28,1892.7,662.3,153.68,9.52,293.6,58.5,77.0,38.7,Brazil,FAO,2019
4067,Apple,Seafood,130.8,12.74,77.13,7.99,2.73,,1012.9,959.9,0.02,16.72,455.8,7.9,76.0,273.0,USA,USDA,2024
4181,Milk (Whole),Seafood,374.4,21.52,7.54,99.48,6.95,3.59,108.4,519.1,124.21,5.13,133.1,87.8,66.0,152.1,Canada,Kaggle FoodDB,2018
4822,Greek Yogurt (HG)  ,Oils,274.3,37.59,0.11,47.59,2.06,40.73,494.6,66.7,73.51,0.58,427.7,5.6,61.0,131.7,Mexico,USDA,2024
3922,Celery  ,Oils,372.2,2.01,3.82,8.16,,36.36,139.7,469.7,94.35,6.8,132.5,2.0,90.0,26.6,Nigeria,Kaggle FoodDB,2022.
1272,Cheddar Cheese (CU)  ,Legumes,,46.43,7.2,,,5.67,99999.0,1026.0,115.39,19.48,418.0,85.3,5.0,239.3,Brazil,OpenFoodFacts,2020
4425,Banana,Oils,297.5,47.46,30.45,59.25,,32.28,694.5,603.7,10.93,15.71,434.6,52.7,66.0,115.3,Mexico,Kaggle FoodDB,2021
4641,Almonds,fruits,852.3,24.23,42.58,29.31,0.99,,1939.7,880.9,94.2,,354.6,46.5,85.0,86.4,Germany,Kaggle FoodDB,2019
4158,Celery (TA),Fruits,769.0,30.29,48.55,,,55.68,1119.3,487.1,167.5,18.77,218.8,3.8,84.0,183.6,Australia,Kaggle FoodDB,2023
4272,Peanut Butter (TX),Vegetables,860.0,26.14,33.79,118.97,1.01,25.75,895.1,117.2,194.94,4.05,282.7,87.8,N/A,77.7,China,FAO,2021
348,Kale,Dairy,59.9,12.96,74.19,67.71,2.26,12.76,,566.3,154.43,11.85,21.3,71.4,13.0,246.5,USA,USDA,2018
4119,PINEAPPLE,Legumes,146.1,46.89,,66.79,19.0,7.45,412.0,937.4,147.82,13.59,218.6,32.0,N/A,45.0,UK,OpenFoodFacts,2023
4765,Milk (Whole),Nuts & Seeds,493.8,44.24,74.1,39.21,14.28,52.47,191.5,986.2,,13.35,194.8,96.8,86.0,36.3,Nigeria,USDA,2020
2563,Turkey Breast,Dairy,64.2,5.76,54.25,66.42,17.71,,,767.0,24.42,3.81,486.7,16.5,58.0,99.0,Germany,NutritionData.self.com,2021
4806,SWEET POTATO,Nuts & Seeds,499.3,39.5,44.62,92.57,15.58,51.12,1973.7,151.6,189.08,16.45,399.7,47.7,53.0,10.0,India,NutritionData.self.com,2019
1424,Lentils,Grainss,150.5,13.19,,,12.15,36.97,1752.0,175.3,188.23,18.05,346.3,32.1,62.0,68.4,Australia,Kaggle FoodDB,2021
657,Orange (OG),Seafood,9999.0,33.84,34.57,47.44,2.77,59.67,823.0,456.4,27.02,14.99,402.7,8.9,59.0,191.6,Australia,NutritionData.self.com,2021
2103,Orange,Proteins,159.0,47.96,78.36,,2.58,13.72,1051.2,1079.0,82.67,2.28,159.7,50.1,66.0,215.0,Brazil,OpenFoodFacts,2020.
633,Tofu,nuts & seeds,470.3,9.41,17.59,117.31,16.89,26.64,,719.6,30.23,14.12,105.9,22.7,92.0,101.7,UK,OpenFoodFacts,2021
4752,Bread (Whole Wheat) (TK),Fruits,410.9,5.41,15.88,18.98,6.08,1.37,1313.0,636.7,81.05,7.57,127.6,26.6,67.0,128.9,Nigeria,FAO,2018
2494,Mango,Nuts & Seeds,360.2,28.52,10.74,,14.95,15.84,706.7,735.0,119.58,1.86,72.5,34.0,30.0,262.6,Nigeria,USDA,2018
2666,Banana,Grains,279.9,13.94,27.73,15.25,4.31,38.56,1343.4,711.8,177.86,,293.3,81.8,53.0,100.4,India,NutritionData.self.com,2020
3429,Greek Yogurt,Proteins,780.7,15.5,21.0,44.99,,23.36,1160.3,975.0,134.02,19.33,206.2,16.1,25.0,164.4,UK,OpenFoodFacts,2019
3905,Lamb,Grains,762.9,30.38,41.26,,6.22,30.94,1663.0,736.2,28.26,13.43,293.4,84.3,10.0,62.8,Mexico,USDA,2023
3574,Bread (Whole Wheat) (JK),Oils,890.7,,42.14,86.99,,29.07,240.3,156.3,78.25,14.68,45.4,6.0,47.0,170.1,UK,Kaggle FoodDB,2024
3789,Sweet Potato,Vegtables,,4.48,59.33,118.69,3.15,35.64,1644.5,434.1,86.88,1.5,390.8,76.8,40.0,245.5,Canada,FAO,2023
3833,Bread (Whole Wheat) (KX),Proteins,,36.05,55.01,33.27,9.22,9.95,1001.5,399.7,92.65,10.07,12.5,84.1,106.0,15.1,USA,OpenFoodFacts,2023
2501,Turkey Breast (WN),Fruits,748.2,27.19,64.54,28.87,8.43,58.32,23.9,603.5,13.77,1.0,312.7,20.4,57.0,29.7,Brazil,Kaggle FoodDB,2019
1466,Pineapple  ,Nuts & Seeds,62.4,2.86,2.57,8.21,18.25,,1111.4,316.2,173.08,13.74,388.9,80.3,38.0,248.6,Canada,FAO,2018
3018,Salmon (MD)  ,Oils,376.0,30.92,43.21,106.71,8.67,44.84,518.6,209.5,84.38,5.16,54.3,73.0,12.0,29.9,Mexico,NutritionData.self.com,2019
116,Lamb (BF),Seafood,786.9,31.58,13.74,99.26,11.76,45.18,292.8,156.2,156.02,,,28.8,15.0,185.9,China,Kaggle FoodDB,2023
1822,Celery,Nuts & Seeds,126.8,26.06,52.54,63.29,15.91,30.67,1646.9,252.5,50.46,9.82,434.1,31.8,75.0,107.5,USA,FAO,2019
1495,Zucchini,Fruits,551.0,48.3,43.68,11.65,14.76,52.05,,672.5,175.66,,63.1,57.0,1.0,253.3,Canada,NutritionData.self.com,2020.
2402,BROCCOLI (NA),Legumes,83.1,,42.24,90.41,0.94,31.6,1484.2,85.0,116.98,18.48,405.2,63.2,8.0,30.7,China,FAO,2019
1233,Carrot,nuts & seeds,207.5,-1.0,8.85,86.34,14.81,50.87,282.1,151.9,10.13,17.6,,93.7,58.0,297.8,Australia,FAO,2023
2662,Salmon,Legumes,794.5,31.11,48.26,53.77,10.29,42.29,633.9,963.1,176.42,5.75,229.7,31.4,67.0,120.6,UK,OpenFoodFacts,2024
2818,Peas (IC),Grains,,47.03,76.91,75.28,2.87,3.33,312.2,16.9,123.06,7.82,75.7,83.4,78.0,257.5,Canada,FAO,2023
4757,Lentils,Legumes,28.7,12.21,41.33,25.45,4.01,59.5,1544.0,1009.2,12.71,13.53,169.7,26.0,75.0,163.0,USA,FAO,2020
4713,WHITE RICE (KJ),Legumes,245.8,12.96,44.04,55.95,11.18,,1684.1,734.5,6.99,1.52,,46.0,71.0,140.1,Canada,Kaggle FoodDB,2022
1154,Carrot,Legumes,618.5,3.24,33.25,35.7,13.62,10.01,,588.5,185.2,11.7,57.8,48.2,26.0,119.0,India,OpenFoodFacts,2020
4100,Blueberries,Grainss,44.5,18.97,71.6,78.72,4.81,29.28,779.5,244.2,192.04,0.82,404.1,0.9,7.0,170.1,Germany,FAO,2024
58,White Rice,Grains,192.5,13.91,62.02,80.49,2.87,18.67,106.3,99.6,24.23,6.4,114.6,37.8,15.0,15.0,Mexico,USDA,2019
3622,Apple,Seafood,214.0,9.08,23.86,74.88,15.19,28.83,551.4,17.6,49.53,9.3,194.9,41.5,14.0,161.5,Mexico,FAO,2019
4423,Bell Pepper,Proteins,547.4,29.19,,105.17,,14.08,,1031.1,150.67,3.82,241.7,18.6,12.0,91.5,India,OpenFoodFacts,2023
1138,Bread (Whole Wheat) (SW),Vegetables,455.7,46.67,72.0,76.91,12.31,35.98,1814.0,1026.5,130.47,18.24,492.5,61.5,61.0,179.4,China,Kaggle FoodDB,2024
1736,Quinoa (QH),Nuts & Seeds,800.2,28.2,56.69,110.04,9.19,38.82,1659.6,319.6,43.23,6.81,63.5,75.7,68.0,181.3,India,NutritionData.self.com,2020
2824,Beef (Lean),Dairy,215.4,36.41,48.9,51.68,14.97,51.19,415.7,745.9,150.0,15.09,430.3,27.2,70.0,226.1,Nigeria,NutritionData.self.com,2020
2197,Black Beans  ,Grains,425.1,6.64,64.45,12.38,2.32,46.45,1640.8,433.0,129.31,12.83,180.5,13.0,46.0,277.8,USA,FAO,2023
3787,Zucchini,seafood,527.6,24.84,56.73,17.3,,33.44,1959.0,1084.6,65.17,5.12,430.6,75.9,79.0,144.4,Australia,NutritionData.self.com,2020
2476,Green Beans,Nuts & Seeds,,24.91,27.96,2.62,6.25,42.78,939.0,683.0,54.99,3.49,249.0,7.1,67.0,182.2,UK,Kaggle FoodDB,2024
2565,Onion,Seafood,374.5,25.07,30.86,87.54,,,1942.1,1042.5,51.82,18.89,,84.0,87.0,128.0,Nigeria,NutritionData.self.com,2023
4939,Egg,Fruits,690.7,43.74,29.35,43.03,3.4,11.24,579.7,158.7,138.71,13.1,281.9,36.7,66.0,157.5,Mexico,OpenFoodFacts,2020
3154,Strawberry,Vegetables,396.3,47.16,28.05,19.97,8.58,43.71,1107.3,716.5,186.35,0.89,284.6,16.9,10.0,27.1,Brazil,NutritionData.self.com,2024
2609,Mushroom,Oils,642.1,16.89,69.3,50.6,11.77,16.58,1065.0,402.4,103.37,11.37,42.9,63.3,25.0,86.0,China,USDA,2018
3898,Pork Loin (XT),oils,,28.97,9.82,69.34,13.14,,1484.3,948.1,62.91,7.9,339.2,19.1,80.0,120.4,UK,NutritionData.self.com,2018
708,Turkey Breast (OP),Proteins,732.7,5.26,43.05,5.32,8.97,8.97,1117.6,316.5,198.11,5.68,390.2,82.6,68.0,243.1,Brazil,FAO,2022
4415,SWEET POTATO,seafood,381.5,23.44,49.04,64.16,15.88,33.66,658.1,373.4,152.97,9.24,168.3,86.8,1.0,71.2,Germany,FAO,2022
1094,Kale  ,Grains,471.2,28.23,26.58,47.15,9.39,57.4,128.1,87.9,86.56,17.55,442.2,78.9,1.0,259.1,Germany,NutritionData.self.com,2023
3796,Quinoa,Nuts & Seeds,-999.0,20.24,68.17,69.69,16.44,13.3,1457.2,841.6,69.56,7.27,212.2,91.1,12.0,37.1,Canada,Kaggle FoodDB,2022
1377,White Rice,Fruits,411.9,37.09,59.54,18.56,4.23,45.27,1769.4,713.0,60.46,,499.6,46.5,34.0,269.0,Mexico,Kaggle FoodDB,2018
36,Orange (QD),dairy ,731.4,19.05,27.58,96.88,16.25,33.42,677.8,66.0,85.04,,197.7,82.7,100.0,63.0,Germany,FAO,2018
73,Garlic,Seafood,24.9,24.3,50.85,73.73,9.39,57.25,737.7,582.6,188.61,18.0,473.7,26.6,42.0,212.2,Canada,Kaggle FoodDB,2023
1923,Peanut Butter,Proteins,0.0,10.59,7.88,88.12,9.21,16.3,325.4,309.4,173.75,9.68,374.8,22.6,91.0,296.0,UK,Kaggle FoodDB,2018.
3385,Pasta,Dairy,,12.97,35.68,45.4,18.41,36.52,1157.6,312.9,63.99,,316.9,97.1,18.0,113.2,UK,NutritionData.self.com,2022
1765,Turkey Breast (BQ),Nuts & Seeds,152.0,39.66,,96.43,11.92,20.62,,1075.9,86.45,3.89,385.0,35.9,78.0,225.2,Brazil,Kaggle FoodDB,2019
744,Lentils,Seafood,462.4,49.58,42.13,80.01,19.14,20.93,454.0,671.0,,18.18,365.3,30.8,27.0,185.4,Brazil,FAO,2024
3066,White Rice,Vegetables,,-1.0,48.11,90.14,2.9,2.57,521.9,105.8,5.75,7.23,276.9,82.1,82.0,17.3,Australia,Kaggle FoodDB,2018
1006,Green Beans,seafood,599.7,48.12,75.89,26.65,11.03,,151.1,643.7,181.06,2.97,421.8,89.6,58.0,50.6,Nigeria,NutritionData.self.com,2020.
2669,Pineapple,Vegtables,670.0,43.56,25.7,61.73,3.43,12.5,,799.9,51.37,11.06,396.4,76.9,11.0,26.3,Germany,FAO,2022
1191,Kale,Oils,79.3,34.9,48.61,67.13,6.21,38.58,759.4,337.5,27.71,12.18,438.7,82.9,88.0,84.6,UK,Kaggle FoodDB,2018
3818,Oats,Legumes,744.7,17.93,39.07,15.12,6.0,38.39,1132.0,1029.8,,5.15,181.9,76.7,38.0,183.7,China,Kaggle FoodDB,2018
2602,Corn (NX),Oils,,8.92,38.07,78.98,19.93,1.16,1145.0,1044.1,70.31,18.25,128.2,50.4,12.0,263.5,UK,OpenFoodFacts,2021
1126,Garlic,Seafood,504.8,39.36,57.8,63.38,16.93,,1223.2,1123.1,158.05,5.55,,53.8,108.0,142.5,Nigeria,FAO,2022
1242,TURKEY BREAST (UI),Oils,703.4,4.83,69.94,72.52,7.81,36.6,1258.3,774.0,153.09,5.67,52.5,72.8,5.0,246.9,Brazil,NutritionData.self.com,2019
3035,Pineapple,Dairy,264.5,39.74,3.39,97.15,1.5,41.85,1870.8,690.6,109.17,18.14,115.0,97.7,70.0,219.2,Germany,Kaggle FoodDB,2023
4260,Watermelon,Dairy,372.6,6.57,6.56,15.01,2.14,42.08,1420.1,391.1,141.79,12.0,331.5,86.5,86.0,37.0,India,USDA,2024
3670,Almonds,Grains,415.2,40.56,68.93,115.97,13.07,34.78,1865.4,174.4,125.7,14.29,192.4,91.6,14.0,149.9,USA,FAO,2023.
999,Greek Yogurt,Vegetables,856.2,24.32,20.57,89.41,9.08,45.3,1020.9,280.2,,16.99,244.9,74.9,3.0,32.4,India,Kaggle FoodDB,2019
4811,Watermelon,Oils,168.6,5.74,20.38,23.52,1.12,,904.6,1149.1,,18.44,337.5,3.0,26.0,264.9,Germany,USDA,2021
2685,Cucumber,Fruits,316.9,4.77,41.7,70.94,8.55,23.52,1517.2,22.7,157.9,3.59,469.5,67.5,20.0,251.2,Canada,FAO,2022
1578,Lamb,Seafood,584.9,13.61,73.39,102.06,,19.47,917.4,428.1,29.83,8.68,246.5,13.7,80.0,240.6,Nigeria,NutritionData.self.com,2020
4938,Bell Pepper,Nuts & Seeds,520.7,33.89,67.11,97.45,17.42,53.11,1730.4,181.4,54.38,11.92,479.0,15.0,7.0,169.0,UK,NutritionData.self.com,2022
1827,TOFU,Grains,56.9,9.94,27.18,70.48,10.46,7.61,1566.4,1116.7,87.97,12.79,133.6,28.0,3.0,157.5,Canada,OpenFoodFacts,2023
3510,Brown Rice,Dairy,74.9,14.47,47.41,49.29,7.34,47.87,378.7,331.6,83.12,18.47,346.1,41.4,37.0,54.3,Australia,FAO,2020
248,Garlic,Vegetables,870.7,43.23,62.99,31.3,4.67,32.44,578.0,1002.3,128.82,1.84,319.4,8.3,19.0,274.9,USA,FAO,2019
4682,Banana,Proteins,238.9,1.3,1.78,31.27,19.99,15.11,167.1,75.5,,7.1,81.1,67.2,95.0,228.1,Mexico,NutritionData.self.com,2021.
441,Beef (Lean),Grains,94.7,23.07,55.5,103.48,3.83,28.29,1247.3,1015.2,92.83,,345.6,64.0,107.0,293.2,USA,USDA,2022
4660,Shrimp,Grains,653.9,40.88,78.74,56.48,2.41,38.41,1158.2,96.5,103.3,3.36,354.4,74.7,62.0,76.1,Australia,NutritionData.self.com,2018.
1101,White Rice,Oils,70.9,17.69,21.8,77.46,13.74,19.6,689.3,372.0,173.74,8.74,328.3,61.7,13.0,265.7,Australia,NutritionData.self.com,2019
2638,Black Beans (BJ),Dairy,689.7,31.2,64.85,20.89,2.68,14.46,1379.3,521.5,122.04,1.63,26.3,32.6,14.0,283.4,Nigeria,FAO,2019
4809,Greek Yogurt  ,Vegetables,237.3,49.32,53.76,73.0,7.1,56.99,1809.4,324.2,163.56,2.52,429.0,17.3,64.0,106.9,Australia,OpenFoodFacts,2023.
650,Greek Yogurt (TI),Fruits,458.6,29.08,54.35,17.2,13.91,28.9,149.2,354.4,141.37,15.66,339.7,4.7,62.0,237.1,Australia,Kaggle FoodDB,2019
1547,APPLE,fruits,729.3,28.0,40.74,119.02,14.17,55.67,655.7,1026.3,111.77,12.57,391.7,82.8,25.0,186.7,China,NutritionData.self.com,2024.
3771,KALE,Vegetables,501.1,12.81,45.46,71.38,3.94,54.86,1213.5,92.2,164.21,3.47,223.6,88.3,20.0,183.1,USA,FAO,2023
3794,SHRIMP (UN),Fruits,670.2,35.86,60.97,116.13,14.4,40.23,1044.2,595.4,,11.34,173.7,3.8,27.0,45.6,Mexico,Kaggle FoodDB,2018
4511,Chicken Breast,Seafood,173.5,27.27,74.73,65.86,7.32,47.61,430.0,34.2,166.21,10.63,,14.1,52.0,38.3,USA,USDA,2021
4959,Brown Rice,Nuts & Seeds,184.0,33.38,48.66,49.72,12.13,12.93,509.4,565.1,167.98,13.61,108.6,29.3,95.0,170.3,USA,USDA,2020
4898,Carrot,Oils,282.2,34.02,12.81,75.44,,16.85,,546.7,180.04,11.18,131.4,75.9,N/A,287.0,Australia,Kaggle FoodDB,2024
631,Pasta,Nuts & Seeds,,37.86,44.41,51.4,,11.63,1400.3,573.1,172.73,10.67,158.9,46.0,5.0,58.7,USA,USDA,2022
673,Mushroom,Seafood,,32.06,16.37,23.73,11.88,41.18,56.3,920.2,189.44,6.96,162.8,94.8,35.0,255.0,Nigeria,OpenFoodFacts,2019
1250,Beef (Lean),fruits,562.7,4.4,,5.51,3.27,24.18,305.2,378.8,82.53,12.76,402.4,82.0,25.0,131.9,Germany,Kaggle FoodDB,2024
483,Celery,Grains,420.0,22.37,61.56,73.69,17.16,5.54,1700.3,712.8,94.64,2.24,435.9,17.8,95.0,278.8,Brazil,FAO,2022
1585,Cottage Cheese (WB),Vegetables,889.3,33.49,,44.92,,51.91,1896.5,1036.3,65.49,7.78,468.2,23.0,24.0,32.8,USA,USDA,2024
4510,Spinach,Fruits,848.5,8.1,50.45,86.31,11.68,37.87,,59.9,72.01,13.98,411.3,26.4,41.0,187.4,China,NutritionData.self.com,2019
4769,Banana,Proteins,641.6,49.3,,91.44,7.05,45.06,633.1,150.3,32.88,0.71,112.1,57.6,33.0,37.2,India,Kaggle FoodDB,2022.
3241,Kale,Dairy,385.9,35.54,18.79,71.12,13.23,51.92,1600.0,420.1,51.48,19.3,88.4,86.4,27.0,176.6,USA,Kaggle FoodDB,2019
1463,Watermelon,Fruits,113.8,47.44,50.17,20.35,15.32,58.54,1803.6,219.5,166.67,5.55,58.3,4.4,108.0,133.7,UK,FAO,2024.
4142,Pineapple,Legumes,138.4,10.0,56.42,85.98,18.25,39.63,,729.5,,2.49,406.9,66.9,7.0,85.2,UK,NutritionData.self.com,2024
3861,Almonds (ZG),Proteins,736.9,25.34,24.77,32.97,0.34,17.01,667.0,117.8,78.62,4.44,391.0,23.4,61.0,203.4,China,FAO,2019
2213,Cucumber,Fruits,35.8,13.43,79.33,74.65,2.76,27.85,1020.0,283.5,139.3,8.14,201.0,84.5,14.0,21.5,Mexico,OpenFoodFacts,2019
2579,Mango (XX),oils,334.9,45.84,31.03,8.06,9.47,31.95,915.8,377.8,182.39,13.54,131.7,17.7,81.0,37.8,China,Kaggle FoodDB,2021.
4052,Cucumber,Grains,626.4,27.4,30.75,0.52,6.22,17.6,1875.1,407.7,57.01,11.04,337.4,95.5,28.0,79.9,Mexico,USDA,2019
50,Tuna (Canned),Grains,182.7,26.01,,59.48,18.2,38.24,1829.9,476.9,60.06,19.93,388.4,57.4,1.0,203.7,Canada,OpenFoodFacts,2019
4424,TUNA (CANNED),Dairy,661.2,20.14,7.96,14.98,15.74,32.47,1397.0,329.0,86.73,5.05,244.5,57.4,109.0,260.0,India,USDA,2019
3260,Green Beans (ZD),Proteins,808.2,39.7,14.91,36.69,13.18,9.99,1315.0,1177.8,39.14,,151.7,59.8,3.0,252.9,China,Kaggle FoodDB,2022
859,Pork Loin (TU)  ,Legumes,517.1,1.1,65.13,2.88,17.64,,1214.7,1138.0,153.0,7.95,420.7,67.6,101.0,191.1,UK,Kaggle FoodDB,2024.
1073,Corn,Oils,57.0,8.53,29.46,115.76,0.84,6.02,317.7,695.8,101.76,3.37,273.1,69.2,66.0,216.0,Canada,USDA,2019.
720,Oats,Seafood,663.2,7.28,19.39,88.59,,47.24,1523.0,648.7,77.18,6.85,289.0,40.9,90.0,26.3,China,FAO,2020
4238,Lentils (YU),Grains,694.5,5.12,21.75,16.67,6.39,23.75,584.8,295.1,35.3,17.36,384.3,86.4,28.0,57.4,China,NutritionData.self.com,2019.
2632,Celery  ,Nuts & Seeds,639.4,30.2,2.31,59.63,16.33,7.66,651.6,885.0,0.0,17.78,445.4,57.7,2.0,36.4,India,Kaggle FoodDB,2023
4837,Cottage Cheese,Legumes,352.1,44.51,33.42,61.31,13.15,13.05,891.8,1141.3,6.49,3.88,402.0,28.4,4.0,131.8,UK,NutritionData.self.com,2024
1661,Turkey Breast (ED),Fruits,,28.66,68.67,,3.18,59.33,235.3,279.9,,3.44,178.5,21.8,N/A,125.3,Brazil,Kaggle FoodDB,2019
1657,Egg (DB),Vegetables,507.3,12.63,76.02,67.83,9.79,42.29,34.2,382.3,179.45,15.02,146.4,89.5,2.0,286.7,Australia,FAO,2018
2426,LAMB (IQ),fruits,812.1,18.45,66.58,2.71,1.02,5.37,1745.9,1104.7,96.3,14.94,326.7,49.7,30.0,132.3,Mexico,OpenFoodFacts,2024
3755,Onion,Oils,259.0,47.9,15.42,,,12.74,654.6,963.9,97.56,9.97,453.2,22.1,82.0,129.9,India,USDA,2020
4671,Watermelon,Fruits,339.4,22.82,39.88,104.15,0.59,46.79,,997.3,80.0,17.57,315.5,12.7,8.0,110.8,USA,FAO,2023
4190,White Rice (XF),legumes,636.5,40.73,50.19,81.24,12.97,8.67,,373.2,171.24,4.43,,63.1,49.0,278.4,India,NutritionData.self.com,2021.
3661,Spinach (QM),Legumes,468.7,,61.82,22.99,,52.97,686.7,1085.4,110.88,8.5,295.4,1.3,3.0,21.0,China,FAO,2022
4616,Peas (CC),Proteins,298.9,43.03,70.82,20.73,11.71,19.82,784.9,885.3,29.0,17.82,104.0,3.4,99.0,124.6,USA,NutritionData.self.com,2022
4618,Lamb,Nuts & Seeds,790.4,46.94,30.49,34.66,0.67,32.93,865.2,999.5,44.43,10.59,306.8,95.9,84.0,235.7,India,OpenFoodFacts,2018
4899,Celery  ,Oils,99.0,41.56,0.62,110.09,2.38,35.97,1411.7,459.3,196.0,7.36,116.2,97.4,42.0,279.7,Germany,FAO,2021
2935,Almonds,Vegetables,,13.2,52.64,100.88,12.36,18.24,1181.0,957.6,37.58,7.08,6.3,32.6,28.0,149.1,USA,FAO,2019
4256,Watermelon,Proteins,599.1,16.43,73.28,42.85,12.75,57.89,683.3,40.5,,14.46,208.8,38.8,102.0,97.6,Canada,FAO,2024
4040,Peas (EF),Proteins,528.5,10.66,10.79,3.05,19.16,31.92,92.9,922.1,30.08,1.47,310.1,84.8,25.0,282.2,UK,OpenFoodFacts,2023
2607,Spinach (GC),Legumes,61.2,9.48,48.29,8.98,16.56,33.2,1411.7,950.4,85.24,5.97,75.7,38.1,N/A,65.3,Mexico,USDA,2020
1386,Orange,Seafood,306.2,31.46,38.51,24.66,7.77,16.83,1969.5,269.3,185.78,10.65,268.4,45.3,54.0,26.7,Australia,OpenFoodFacts,2019
4087,Brown Rice,PROTEINS,135.3,20.01,59.82,12.71,2.03,53.95,1514.3,867.0,188.66,16.67,136.8,78.1,92.0,284.6,Mexico,Kaggle FoodDB,2020
1400,Cottage Cheese,Fruits,642.0,42.86,43.64,114.12,14.46,32.57,1965.3,817.2,35.12,2.84,469.7,0.3,101.0,13.6,Australia,NutritionData.self.com,2018
1196,Peas,Vegetables,787.0,7.88,21.21,64.48,3.81,51.27,1572.2,32.5,85.51,14.32,235.4,45.9,82.0,37.4,China,Kaggle FoodDB,2019
1409,Zucchini,Seafood,535.1,25.65,40.48,59.55,18.67,35.85,1994.8,854.5,89.29,2.82,405.8,29.4,48.0,183.0,Mexico,USDA,2019.
4076,Almonds (MJ),Vegetables,526.3,37.06,50.59,77.34,,21.36,353.5,52.0,165.95,4.05,309.9,93.6,98.0,132.7,India,USDA,2023.
1799,Banana,Fruits,82.7,4.99,10.61,5.47,14.04,59.62,207.2,5.5,11.68,13.34,156.4,18.4,38.0,259.7,Australia,NutritionData.self.com,2022.
1476,White Rice (GK),Grains,607.5,46.24,14.61,21.51,10.14,13.67,668.8,856.3,62.22,9.9,113.9,3.1,63.0,160.3,Germany,OpenFoodFacts,2024
3430,Shrimp,Dairy,536.5,6.6,,15.97,4.01,42.98,1496.6,421.0,69.43,6.09,26.4,70.1,13.0,80.7,Canada,FAO,2019
36,Orange (QD),Dairy,731.4,19.05,27.58,96.88,16.25,33.42,677.8,66.0,85.04,,197.7,82.7,100.0,63.0,Germany,FAO,2018
3774,CUCUMBER (FY),Vegetables,665.0,20.63,64.24,68.61,7.34,6.56,533.1,249.0,89.28,,156.9,32.2,51.0,219.7,Nigeria,USDA,2020
2346,Milk (Whole),fruits,,13.46,64.96,79.09,0.46,43.29,955.6,719.7,17.7,13.73,411.5,50.7,16.0,279.3,India,OpenFoodFacts,2024
3389,TUNA (CANNED),Vegetables,54.3,29.79,50.15,88.35,9.75,20.36,201.9,529.1,98.99,4.62,137.8,15.4,63.0,239.2,Mexico,Kaggle FoodDB,2020.
2360,Cucumber  ,Fruits,145.1,43.78,37.11,76.59,6.66,38.77,1740.6,917.4,124.68,13.91,280.8,82.9,57.0,101.5,USA,USDA,2021
3007,White Rice,Nuts & Seeds,817.4,,78.44,41.05,,24.23,,571.0,67.93,5.99,52.9,83.6,91.0,119.0,China,OpenFoodFacts,2020
2207,Peanut Butter,Dairy,266.4,12.71,71.86,,7.82,55.19,1806.5,849.3,44.12,4.12,252.4,68.6,N/A,49.3,India,NutritionData.self.com,2022
3413,Mushroom,Proteins,39.7,17.58,2.97,114.0,18.18,,,572.2,167.48,14.55,390.6,59.0,28.0,50.2,Brazil,FAO,2019
4017,Strawberry (LQ),Dairy,799.8,5.28,75.54,1.11,3.67,34.68,,734.0,3.22,15.52,455.2,89.0,102.0,221.2,UK,OpenFoodFacts,2018
1287,Brown Rice,Proteins,97.3,43.4,75.78,119.13,14.87,19.93,414.3,690.6,85.22,19.54,183.2,83.0,31.0,58.7,Brazil,OpenFoodFacts,2020
350,Strawberry,Legumes,570.8,34.68,39.01,74.66,10.6,18.32,1374.7,94.7,13.49,13.75,46.1,49.7,11.0,167.5,UK,OpenFoodFacts,2018
2138,Bell Pepper,Oils,663.7,31.35,48.64,83.87,3.46,40.29,54.0,684.9,10.08,,444.0,50.1,104.0,283.1,Canada,USDA,2018
2692,Black Beans,Nuts & Seeds,543.7,44.07,58.73,,,49.13,1851.9,1014.9,42.73,15.32,128.7,47.5,37.0,131.6,UK,FAO,2018
4245,Shrimp,Fruits,382.8,24.68,60.69,119.36,7.73,4.71,1997.0,228.9,194.81,18.19,304.5,75.9,35.0,10.0,Australia,FAO,2023
3335,Oats,Grains,803.6,39.31,33.33,46.61,19.39,7.63,1887.4,845.2,91.59,17.65,86.1,18.9,97.0,240.3,Brazil,FAO,2023
1682,Chicken Breast,Grains,878.5,11.74,18.94,75.16,16.39,34.08,493.3,171.4,187.49,2.64,55.2,14.8,76.0,293.6,Germany,NutritionData.self.com,2018.
4185,SWEET POTATO,Oils,137.2,35.13,44.95,110.32,7.56,3.21,976.7,202.3,6.12,11.16,249.2,36.0,86.0,280.1,Brazil,USDA,2024
1444,Carrot (HV),Vegtables,410.5,,35.51,83.11,10.37,42.54,,214.4,74.61,,336.0,44.1,89.0,299.2,Germany,NutritionData.self.com,2018
3460,Bell Pepper,PROTEINS,590.8,16.57,22.43,59.93,15.42,19.86,276.2,785.7,54.01,1.39,,28.7,65.0,169.4,UK,FAO,2024
1672,BLUEBERRIES (QM),Legumes,792.6,40.4,11.56,37.29,12.09,7.5,1724.5,697.3,103.87,2.95,45.3,39.3,106.0,187.5,Brazil,FAO,2018
4520,Cottage Cheese,Dairy,39.9,19.83,34.7,79.86,18.83,35.81,48.5,1106.1,33.88,12.07,23.7,45.7,33.0,26.6,USA,OpenFoodFacts,2024
1180,Spinach,Seafood,496.3,16.01,2.46,18.89,6.14,44.57,1452.4,668.3,133.32,19.98,245.4,69.7,53.0,23.1,Brazil,OpenFoodFacts,2024
2799,Tuna (Canned) (DL),Fruits,883.4,,53.92,38.23,15.85,49.99,1584.7,602.8,,,334.2,64.8,7.0,258.9,Mexico,NutritionData.self.com,2018
1693,Brown Rice (DL),Seafood,370.8,33.88,,93.85,5.69,50.58,596.1,893.9,177.25,13.94,,68.5,10.0,114.5,China,NutritionData.self.com,2021
4115,BEEF (LEAN),Proteins,548.8,16.36,22.6,43.19,,17.58,1214.0,697.8,20.7,17.35,,23.4,89.0,228.9,Canada,Kaggle FoodDB,2021
373,Mango,Dairy,103.1,21.65,40.26,81.52,15.8,24.87,,746.0,,16.59,450.4,32.4,6.0,295.2,Brazil,OpenFoodFacts,2022
3056,Lamb (KI),Vegetables,872.3,19.94,46.94,80.09,7.17,19.86,1497.6,337.2,157.66,3.07,126.5,89.7,88.0,231.0,Mexico,FAO,2019
3849,Almonds  ,Proteins,649.0,22.01,42.49,117.87,16.63,14.1,1296.3,700.2,193.97,,141.9,82.4,51.0,188.1,Brazil,NutritionData.self.com,2020
1917,Carrot,Legumes,799.9,19.03,69.92,54.07,14.63,33.06,285.5,326.9,166.45,4.22,230.4,10.0,39.0,35.0,Canada,FAO,2019
1358,Cheddar Cheese (SB),Fruits,391.1,22.96,73.77,70.02,8.13,,600.2,945.2,58.56,14.28,337.9,78.8,23.0,175.1,USA,USDA,2019
1826,Pork Loin,Grains,486.7,40.57,23.24,9.5,6.43,3.92,,792.1,165.8,12.98,134.6,81.5,9.0,161.1,Australia,NutritionData.self.com,2024
787,Lamb (CA)  ,Grains,533.4,13.55,17.6,30.07,10.04,10.15,343.6,1055.0,82.4,4.05,148.7,28.9,73.0,66.5,Australia,OpenFoodFacts,2019
470,Bell Pepper,seafood,867.6,18.05,41.92,100.37,2.71,47.17,1836.3,505.9,174.99,,231.0,60.5,93.0,178.4,Australia,NutritionData.self.com,2021
141,Sweet Potato (GE),Oils,867.0,,2.55,85.28,16.09,7.22,1731.9,8.4,120.31,4.0,381.5,90.3,45.0,285.6,India,Kaggle FoodDB,2019
789,Strawberry,Dairy,426.6,49.97,57.29,40.99,4.38,49.35,583.7,642.0,29.93,8.25,36.8,76.3,31.0,155.9,Australia,USDA,2021
324,Lentils,Legumes,266.3,49.94,2.29,,17.97,28.43,14.2,1183.1,164.86,9.22,55.7,18.2,10.0,134.4,UK,USDA,2021
51,Apple (WG),Fruits,873.2,9.96,64.79,104.44,0.87,,729.7,1132.7,127.09,3.19,193.6,95.2,25.0,145.7,UK,NutritionData.self.com,2018
715,Pasta,Dairy,,33.87,77.8,0.04,1.93,22.39,1054.7,155.4,48.97,,285.1,47.0,13.0,103.7,USA,USDA,2023
4628,Shrimp (WJ),Seafood,460.5,43.62,22.13,80.91,3.78,48.01,1100.7,286.6,98.5,,465.7,7.2,104.0,295.7,Brazil,OpenFoodFacts,2018
2841,Salmon (PP),Grains,365.4,28.46,68.32,103.3,19.44,48.07,205.8,39.6,11.84,19.99,225.7,33.1,22.0,260.3,Mexico,NutritionData.self.com,2023
2447,Quinoa (GA),Nuts & Seeds,248.2,27.92,40.63,16.76,3.51,54.14,,958.0,17.31,4.06,408.7,62.9,44.0,117.5,USA,USDA,2019
4961,Chicken Breast,Fruits,500.2,29.45,40.26,62.65,1.76,3.71,360.0,104.9,56.78,0.51,165.6,54.7,83.0,208.4,UK,FAO,2019
4557,Bell Pepper,Legumes,603.5,5.44,39.89,83.31,3.85,46.12,658.3,448.2,177.16,7.84,439.7,15.4,29.0,192.8,Nigeria,Kaggle FoodDB,2020
4894,Avocado,Grains,231.9,35.97,,11.8,11.9,47.22,1223.3,922.3,186.66,18.28,374.5,79.0,33.0,261.6,Australia,FAO,2024
3216,Cheddar Cheese (EY),Vegetables,123.4,25.38,37.0,39.14,7.48,30.69,1835.3,91.2,197.19,5.87,128.7,11.5,N/A,122.1,Nigeria,Kaggle FoodDB,2020
2667,Shrimp,Vegtables,140.2,32.18,66.87,60.74,15.08,3.11,1290.3,122.3,,0.01,140.7,56.6,67.0,293.7,Canada,OpenFoodFacts,2018
407,Mushroom,Grains,362.5,48.33,21.54,88.07,18.37,13.18,427.0,583.4,154.05,7.46,301.5,55.6,2.0,224.3,Brazil,Kaggle FoodDB,2024
4491,Quinoa (HV)  ,Proteins,249.8,25.12,69.6,111.88,11.95,50.72,817.9,1137.4,105.29,13.93,391.0,55.1,46.0,32.9,Germany,FAO,2021.
1005,Peanut Butter (AK),Seafood,729.8,7.94,4.19,116.94,3.83,24.65,1629.8,1004.9,168.8,6.99,268.9,43.5,108.0,113.3,India,Kaggle FoodDB,2020
4263,PEANUT BUTTER (SF),Dairy,385.0,34.4,37.87,20.8,8.6,14.33,979.4,990.8,172.05,,151.5,3.5,17.0,181.2,Canada,Kaggle FoodDB,2020
891,Chicken Breast,Seafood,655.6,35.96,68.44,4.48,16.66,59.21,99999.0,651.8,23.79,13.78,30.4,71.9,N/A,157.5,Mexico,USDA,2022.
2412,Black Beans (QH),Seafood,143.7,22.39,70.41,41.89,1.62,2.56,1088.3,471.5,176.08,10.33,406.1,8.1,40.0,18.8,Germany,Kaggle FoodDB,2020.
2546,Cottage Cheese,Proteins,449.1,2.43,8.07,85.67,17.84,18.26,415.6,1177.6,154.38,18.07,348.6,9.5,58.0,120.7,UK,USDA,2018
4921,Watermelon,Nuts & Seeds,857.8,13.96,59.09,40.68,19.69,31.66,567.0,751.3,14.74,7.87,126.7,64.2,86.0,187.9,Brazil,Kaggle FoodDB,2018
2391,Beef (Lean),Grains,349.6,32.53,54.62,,0.12,25.84,1367.5,665.4,80.38,8.34,220.9,51.8,7.0,120.2,UK,NutritionData.self.com,2023
4148,CELERY,Dairy,373.8,20.42,23.12,106.82,0.85,55.62,1645.7,740.8,,12.46,332.3,3.2,106.0,110.2,Australia,USDA,2018
43,Almonds,Proteins,50.3,9.68,17.99,19.03,14.19,31.62,1024.3,528.3,133.61,,13.8,40.0,90.0,108.2,Brazil,USDA,2019
2831,White Rice,Fruits,443.2,10.1,,28.08,15.62,5.57,1433.9,942.0,115.39,19.64,276.4,86.0,46.0,140.4,Brazil,OpenFoodFacts,2022
3528,Almonds,Seafood,688.2,39.09,22.56,22.92,8.52,5.1,1596.1,1091.2,110.58,15.99,315.0,71.3,N/A,206.1,Mexico,Kaggle FoodDB,2024
3023,Bread (Whole Wheat),Oils,623.2,40.09,76.26,85.83,5.54,21.51,1270.3,463.6,74.67,7.7,251.7,41.8,78.0,173.4,USA,NutritionData.self.com,2024
304,Tuna (Canned),Legumes,580.9,44.68,79.83,,0.8,13.18,629.5,1114.6,137.66,4.19,,90.4,64.0,103.5,Canada,FAO,2019.
4653,Kale,Seafood,438.4,12.54,29.69,82.94,3.46,25.66,349.6,698.2,165.25,15.03,,29.5,6.0,132.4,Brazil,FAO,2021
38,Pork Loin,nuts & seeds,106.0,48.49,23.32,56.62,4.72,27.05,291.1,587.0,188.58,15.41,288.1,11.2,81.0,280.8,China,OpenFoodFacts,2024
665,Carrot (NU),Oils,109.6,30.95,47.12,83.39,19.33,58.55,1361.4,94.5,76.97,4.99,263.9,13.8,102.0,239.2,Germany,OpenFoodFacts,2024
1178,CUCUMBER,Seafood,114.1,8.62,78.16,54.09,14.08,11.52,,733.0,,11.08,428.6,30.4,27.0,156.9,Australia,FAO,2018.
2677,Strawberry,Legumes,343.7,37.49,23.55,,7.1,10.05,296.8,1153.2,41.11,15.12,,62.1,15.0,41.8,Brazil,Kaggle FoodDB,2024
1948,Lentils,Oils,149.8,11.51,21.8,,11.01,4.62,706.7,113.4,,5.95,376.9,81.8,16.0,212.2,Brazil,FAO,2022
2502,Corn,Proteins,692.8,41.66,1.32,32.88,2.19,,221.8,569.6,30.23,11.81,387.0,3.1,87.0,147.5,Germany,FAO,2018
1474,Peanut Butter,Seafood,375.6,48.45,34.65,45.36,19.3,53.9,1644.6,748.7,98.54,18.0,311.3,57.7,90.0,139.3,Nigeria,Kaggle FoodDB,2024
3713,Orange,Fruits,641.5,33.24,62.83,116.09,9.77,43.73,,1113.3,52.55,11.42,169.1,37.2,66.0,178.2,Canada,FAO,2024
3751,Chicken Breast,Seafood,808.1,30.52,6.3,6.07,16.81,33.53,1641.9,700.4,,,96.0,98.4,81.0,152.5,Germany,NutritionData.self.com,2018
2133,Broccoli,Fruits,512.6,33.6,21.93,73.94,8.34,50.01,439.3,758.2,60.07,16.93,82.8,56.0,54.0,21.3,Germany,OpenFoodFacts,2018
1027,LAMB,Nuts & Seeds,778.6,43.75,11.95,84.32,,15.57,125.7,1155.8,87.32,10.49,467.1,77.8,24.0,131.3,Brazil,FAO,2019
2990,Apple,Vegtables,779.1,41.95,1.97,3.95,16.4,48.88,561.2,315.5,51.69,11.85,319.2,85.3,90.0,234.6,India,NutritionData.self.com,2022
962,Salmon,Legumes,550.8,47.36,41.89,94.96,,53.02,1408.9,175.4,134.87,5.71,59.3,94.0,83.0,126.5,Brazil,FAO,2022
2890,Mushroom (IL),Fruits,755.5,20.07,62.69,92.27,14.17,29.97,787.3,945.0,65.14,16.65,141.9,23.9,31.0,143.7,Australia,NutritionData.self.com,2019.
3022,CHICKEN BREAST,Seafood,400.8,42.11,69.35,32.38,2.5,53.97,696.7,556.7,14.98,19.1,231.9,70.0,75.0,288.0,USA,Kaggle FoodDB,2020
3016,Celery,Nuts & Seeds,314.0,38.63,51.1,105.14,5.04,17.3,830.2,938.7,191.46,0.63,119.2,42.1,54.0,92.4,Germany,NutritionData.self.com,2023
4772,Celery,Legumes,375.1,17.01,69.48,,0.14,4.49,433.4,785.7,94.06,0.52,280.1,8.1,107.0,234.6,USA,NutritionData.self.com,2019.
2010,Quinoa,Grains,449.1,10.49,78.34,,16.0,40.99,1825.9,455.1,67.15,10.3,23.8,68.6,N/A,29.2,Canada,FAO,2023
2150,Tomato,legumes,748.9,30.93,20.13,17.68,,33.38,1560.0,701.1,154.24,,32.4,61.2,61.0,160.1,China,NutritionData.self.com,2019
3542,Bell Pepper (US),seafood,731.9,33.74,69.91,115.58,13.45,16.29,,59.7,121.4,12.9,357.4,45.9,24.0,175.8,Australia,OpenFoodFacts,2020.
2339,Milk (Whole),nuts & seeds,126.5,32.75,,23.98,18.29,29.11,938.7,922.6,100.54,10.1,418.6,13.3,28.0,254.8,Canada,FAO,2018
736,Broccoli,Nuts & Seeds,791.9,34.17,16.79,43.58,10.67,18.48,1327.9,417.3,144.92,0.55,,9.7,70.0,243.6,India,FAO,2024
305,Watermelon,Proteins,659.0,21.7,20.69,,12.19,44.49,1576.4,249.9,64.39,5.08,50.6,22.7,16.0,29.2,China,FAO,2024
1441,Spinach (NO),Fruits,,13.52,,47.38,9.51,54.48,270.9,128.0,160.84,5.46,354.4,43.1,97.0,244.9,Germany,OpenFoodFacts,2020
1497,Sweet Potato,Vegetables,565.2,18.65,4.27,40.57,5.23,22.89,967.4,494.7,46.67,14.46,216.2,62.9,103.0,161.4,Brazil,FAO,2024
2653,Bread (Whole Wheat),Dairy,345.4,3.75,22.81,68.15,10.34,26.41,954.4,33.4,27.08,14.04,183.0,58.3,5.0,287.5,UK,FAO,2021.
2876,Salmon,Nuts & Seeds,,27.23,34.8,69.43,,26.33,1308.4,104.3,84.35,8.56,,64.4,50.0,73.0,Canada,OpenFoodFacts,2021.
917,Peas,Proteins,279.1,49.23,8.51,31.54,13.79,35.59,1411.7,138.6,168.35,7.6,478.6,14.5,63.0,259.6,UK,OpenFoodFacts,2020
4631,Shrimp (FV),Legumes,125.6,8.0,70.34,49.87,8.25,53.78,74.0,290.5,199.57,3.63,36.4,38.7,72.0,146.7,India,FAO,2022
3967,Quinoa (RR),Proteins,289.7,29.64,77.12,2.64,4.5,37.17,302.3,720.1,139.35,16.06,334.0,91.5,36.0,93.1,Germany,Kaggle FoodDB,2022
4767,Garlic,Grainss,774.6,31.74,,47.35,3.65,33.72,62.2,1017.3,24.8,13.24,67.1,28.0,34.0,103.5,USA,USDA,2019
4756,Corn,Nuts & Seeds,782.1,13.55,61.75,,14.15,23.91,1314.4,308.7,122.44,12.6,12.3,39.3,2.0,19.9,Brazil,USDA,2021
2773,Salmon,Oils,730.1,12.52,14.28,34.28,18.35,26.09,212.2,489.2,82.55,7.0,460.4,17.6,21.0,243.8,Australia,NutritionData.self.com,2023
1625,Peanut Butter (YQ),nuts & seeds,174.3,40.94,9.24,58.0,12.67,24.23,1838.6,539.8,71.24,,242.8,86.7,4.0,21.7,Germany,NutritionData.self.com,2024
4089,Tomato,Dairy,767.5,11.37,1.59,95.1,,19.75,328.7,763.0,105.2,14.42,107.5,65.9,92.0,152.1,China,FAO,2023.
822,Pork Loin (EQ),Legumes,24.1,22.35,4.42,104.16,1.08,29.67,,321.4,163.57,,102.0,85.9,64.0,89.6,India,NutritionData.self.com,2022
4397,Beef (Lean) (WB),Vegetables,281.0,0.56,74.14,94.3,2.75,25.65,1940.5,258.9,191.16,3.21,305.0,21.5,9.0,291.6,India,OpenFoodFacts,2023
1355,Olive Oil,Dairy,448.3,46.05,63.94,61.83,5.12,56.84,1388.4,887.6,64.41,16.38,281.0,76.9,54.0,173.7,Germany,FAO,2024
1274,Peanut Butter,Fruits,54.9,27.52,9.1,75.48,11.81,7.09,412.2,666.6,,12.89,270.3,52.4,60.0,192.1,India,FAO,2024
851,Broccoli,Legumes,79.0,8.21,40.08,21.22,5.19,14.96,974.1,409.4,20.83,15.29,7.3,95.5,14.0,96.2,USA,OpenFoodFacts,2022
1001,Pork Loin,Vegetables,182.9,32.45,42.64,0.53,15.45,3.63,756.5,1099.9,184.8,8.15,5.5,46.6,25.0,33.0,Canada,NutritionData.self.com,2018
3602,Corn,seafood,,35.74,15.87,65.62,5.88,8.48,1777.0,230.8,,1.9,347.2,81.5,33.0,170.5,UK,USDA,2018
19,Kale,Oils,400.1,28.03,8.06,23.13,11.98,,1322.7,675.4,1.78,3.52,303.8,55.0,35.0,27.1,Brazil,FAO,2023
1638,Broccoli,Nuts & Seeds,154.1,29.41,49.89,9.13,3.17,,283.7,507.4,159.39,9.81,325.7,7.6,67.0,279.5,UK,Kaggle FoodDB,2023
1668,Beef (Lean),Fruits,838.9,37.25,66.64,108.1,13.53,38.72,1907.0,1143.8,163.98,0.58,,86.9,86.0,93.4,China,NutritionData.self.com,2023
494,GREEK YOGURT (JD),Oils,185.5,13.81,11.02,48.89,11.91,25.7,,580.4,10.27,19.22,394.2,49.0,37.0,296.2,USA,OpenFoodFacts,2020
3174,Chicken Breast,Fruits,161.2,14.99,67.34,9.88,15.57,59.16,24.5,127.0,199.47,0.64,,8.9,11.0,86.8,Canada,USDA,2019
1348,Green Beans (AP),nuts & seeds,346.5,49.0,11.59,1.92,19.96,54.47,664.5,375.9,150.99,14.21,40.1,85.2,24.0,203.2,Canada,USDA,2021
3019,Spinach,Vegetables,80.2,22.87,33.14,39.58,4.03,54.99,756.1,34.6,7.14,4.49,299.6,0.3,90.0,276.3,Australia,NutritionData.self.com,2022
3974,Tuna (Canned),Legumes,644.3,4.07,71.65,84.51,13.15,49.01,93.7,1134.4,100.08,9.3,332.9,98.9,11.0,220.6,Nigeria,NutritionData.self.com,2020
3472,Turkey Breast  ,seafood,,14.17,47.68,101.2,12.78,43.8,1692.0,617.4,60.42,3.4,,71.5,93.0,28.3,Canada,USDA,2018
3853,Corn (KC),Oils,559.3,1.55,78.8,16.68,9.38,20.62,868.8,756.5,110.07,10.86,371.3,67.1,30.0,277.6,Nigeria,USDA,2020
3711,Olive Oil,Seafood,-999.0,40.32,33.04,98.98,8.88,48.97,1750.0,362.6,133.55,11.06,147.3,24.0,7.0,136.2,Nigeria,Kaggle FoodDB,2023
688,SPINACH,Seafood,266.4,,5.7,14.15,6.32,16.39,1283.9,77.1,199.29,,216.3,25.0,22.0,218.9,Brazil,OpenFoodFacts,2018
3978,Watermelon (JC),Legumes,503.9,,26.57,85.56,19.76,35.58,,911.3,,6.48,320.6,1.0,43.0,237.4,Australia,OpenFoodFacts,2022
1609,Avocado (CK),PROTEINS,225.7,46.83,2.67,,6.26,17.86,813.4,696.4,108.25,9.61,27.7,4.2,6.0,128.9,Nigeria,OpenFoodFacts,2024.
4972,Orange (AI),Oils,810.2,48.81,39.44,,0.99,50.54,891.4,82.7,190.16,19.95,275.8,70.8,18.0,211.3,India,FAO,2020
3629,Olive Oil (VY),Seafood,717.5,14.24,71.42,117.07,9.07,53.95,1771.7,967.0,37.13,15.54,360.7,61.9,80.0,233.9,UK,FAO,2019
1010,Tofu,Legumes,450.7,12.73,,45.59,3.13,3.78,219.8,430.8,,1.84,104.9,61.1,59.0,155.2,Brazil,Kaggle FoodDB,2024
2409,Broccoli  ,Dairy,889.5,8.87,77.69,13.25,1.56,1.87,1122.3,414.7,56.45,18.68,146.0,69.3,5.0,40.1,Germany,Kaggle FoodDB,2021
1093,Tuna (Canned),Vegetables,554.8,17.0,3.2,82.82,4.0,31.52,1235.5,173.7,56.56,,11.2,40.7,34.0,18.7,India,USDA,2018
1328,Salmon,Vegetables,714.9,20.49,9.17,0.78,18.06,36.21,139.2,1188.0,20.67,2.93,39.0,3.2,76.0,185.8,China,USDA,2024
4802,Turkey Breast,Proteins,82.1,10.08,,8.61,18.69,30.24,1338.5,730.1,188.12,1.66,32.0,26.2,58.0,115.7,Brazil,FAO,2023
1678,Almonds,Nuts & Seeds,374.6,,49.35,40.99,9.33,,1908.3,959.3,176.98,14.99,488.6,20.6,96.0,62.2,Australia,USDA,2022
2000,MILK (WHOLE),Oils,268.3,31.11,25.36,16.41,7.49,6.06,491.1,113.2,113.27,8.78,206.6,14.4,98.0,86.5,Mexico,NutritionData.self.com,2018
1311,Green Beans,nuts & seeds,90.5,-1.0,8.65,75.44,11.05,7.1,1675.8,779.5,21.49,19.11,298.6,42.0,50.0,84.4,UK,Kaggle FoodDB,2018
4973,Lamb,seafood,482.0,47.85,16.68,66.0,16.73,15.29,,393.1,80.78,9.05,,3.1,10.0,275.7,Brazil,NutritionData.self.com,2020
4980,Shrimp,Legumes,54.6,31.75,59.29,53.05,9.82,37.73,1966.7,47.7,48.58,13.33,343.5,24.2,49.0,106.4,USA,OpenFoodFacts,2022
1988,Apple,Grainss,456.9,23.59,14.02,,7.84,1.73,,743.0,155.0,11.2,231.6,87.3,10.0,293.9,Brazil,NutritionData.self.com,2021
3890,Salmon (DT)  ,Proteins,374.8,5.07,54.63,11.17,7.52,,1639.6,463.6,117.54,0.69,213.0,69.0,103.0,275.4,Canada,USDA,2024
345,Blueberries,Dairy,370.7,,72.41,86.38,17.47,15.57,1021.2,389.6,57.99,10.49,396.0,81.8,77.0,18.0,USA,NutritionData.self.com,2022
4317,Oats (JH),Nuts & Seeds,655.4,40.27,10.12,0.68,12.92,22.19,350.0,15.7,35.82,12.42,210.9,34.7,46.0,15.2,China,Kaggle FoodDB,2022
987,Green Beans,Dairy,625.8,28.39,,117.6,16.5,,339.4,765.5,81.12,10.31,387.4,88.7,37.0,75.0,Mexico,NutritionData.self.com,2018
588,Bell Pepper (PD),Vegetables,,23.5,71.65,47.59,7.49,18.93,99999.0,551.3,47.72,19.42,452.2,12.5,36.0,99.9,India,USDA,2022
4835,Bread (Whole Wheat) (GK),Vegetables,501.4,6.03,56.13,38.24,14.02,,253.6,603.5,,18.47,,6.9,63.0,22.3,India,USDA,2022
4447,Celery,Seafood,179.2,48.53,71.52,111.38,8.79,55.46,1774.5,1038.4,71.98,0.91,380.0,28.7,104.0,39.1,Brazil,Kaggle FoodDB,2019
4596,Garlic (ZA),Legumes,587.8,18.84,66.8,56.82,,,1905.8,819.2,67.95,19.17,271.1,83.8,17.0,70.8,UK,OpenFoodFacts,2018
3756,Brown Rice,legumes,187.7,42.75,45.98,26.09,2.83,,845.5,1009.3,10.96,12.48,340.8,57.8,23.0,140.3,Canada,Kaggle FoodDB,2024
3232,Lamb,Vegetables,554.8,22.65,34.59,70.8,3.73,32.43,1421.2,688.0,141.26,7.3,141.6,33.6,N/A,207.9,Germany,USDA,2023
1143,Tuna (Canned) (MI),Proteins,616.7,5.51,17.3,107.29,2.82,45.55,1758.2,716.1,13.22,13.59,465.6,29.6,32.0,198.0,UK,OpenFoodFacts,2018
2359,SHRIMP,Dairy,489.9,9.94,11.62,96.64,19.75,3.53,743.9,4.0,138.54,16.84,440.1,42.0,46.0,167.9,China,NutritionData.self.com,2022
1199,Cheddar Cheese,Oils,679.7,10.54,39.04,75.81,,55.28,533.3,70.9,,14.53,33.6,16.8,49.0,23.4,Mexico,Kaggle FoodDB,2021
86,Shrimp,Oils,,25.3,48.98,12.02,10.5,,,781.0,,14.41,175.8,52.9,N/A,136.4,UK,USDA,2024
1519,Olive Oil,Fruits,234.3,49.04,56.75,86.36,2.46,54.67,928.2,244.9,111.87,15.49,360.2,50.6,49.0,202.2,Nigeria,FAO,2019
517,Strawberry,legumes,351.3,40.42,49.62,6.83,6.25,57.49,1085.8,656.0,185.59,16.59,444.9,87.1,29.0,27.5,Brazil,NutritionData.self.com,2022.
1382,Banana,Fruits,364.2,26.55,60.44,71.98,15.03,45.4,1614.8,500.9,35.82,1.5,,22.0,24.0,113.8,India,NutritionData.self.com,2022
2717,Oats  ,Seafood,588.9,11.24,5.78,41.15,4.9,51.16,159.7,577.2,94.29,19.03,304.0,65.5,43.0,100.4,Brazil,USDA,2023
3291,Brown Rice (FI),Grains,78.9,48.48,42.6,110.62,17.27,35.81,1831.5,60.0,146.23,9.84,248.0,19.7,104.0,257.2,Canada,Kaggle FoodDB,2021
1015,MILK (WHOLE) (MQ),Fruits,,22.8,70.0,24.95,3.93,40.71,666.1,1084.8,67.51,13.7,464.9,52.5,N/A,24.0,USA,FAO,2023
129,Spinach,seafood,26.1,17.23,48.06,102.96,5.69,,,753.8,193.62,14.58,473.0,3.1,N/A,233.0,Canada,NutritionData.self.com,2020
1365,Cucumber,fruits,665.1,22.83,19.53,2.02,9.11,19.84,624.6,389.8,9.21,12.56,33.0,3.0,53.0,76.3,UK,FAO,2020
3863,Garlic (CS),Grainss,348.6,43.06,24.46,7.04,12.88,16.09,598.9,638.5,93.02,0.74,,94.5,37.0,63.5,Mexico,Kaggle FoodDB,2021
4164,Corn,Legumes,354.4,18.49,5.57,14.68,0.4,35.36,,77.0,80.47,4.6,308.7,48.0,90.0,225.7,Canada,FAO,2024
3334,Tofu,Vegetables,191.6,21.65,69.04,51.85,10.2,,49.9,1042.7,109.52,6.34,494.2,52.2,22.0,97.2,USA,FAO,2021
892,Zucchini (BT),Dairy,,29.35,7.35,60.03,13.43,17.12,1524.3,750.2,191.43,7.89,308.2,96.5,9.0,143.7,China,Kaggle FoodDB,2018
2794,Pasta (UF),Dairy,-999.0,32.65,,86.86,6.5,5.89,1846.4,1038.8,16.64,15.9,77.5,76.1,48.0,217.1,USA,USDA,2023
4340,Pineapple,Legumes,210.4,-1.0,36.61,58.11,12.73,44.3,1808.4,867.8,170.03,18.65,424.2,45.9,105.0,52.6,Brazil,Kaggle FoodDB,2019
1360,White Rice (JJ),Oils,541.3,33.71,47.18,101.22,17.5,20.26,457.4,182.6,131.7,18.7,334.1,45.5,81.0,77.7,China,USDA,2019
308,Blueberries,Proteins,304.2,19.52,18.85,111.75,4.31,52.24,99999.0,798.5,102.74,16.35,370.4,62.2,65.0,282.5,USA,FAO,2018
1662,Peanut Butter,Proteins,473.8,,79.89,17.48,6.83,9.2,852.2,845.7,158.34,8.46,43.1,68.0,108.0,144.9,UK,USDA,2020
2432,Shrimp,Legumes,747.5,,3.92,119.51,10.33,39.01,1181.2,757.5,11.98,17.84,35.3,75.2,108.0,199.3,Germany,Kaggle FoodDB,2019
4146,Mushroom,Oils,591.8,20.61,,22.71,8.0,58.8,0.2,1109.0,51.75,19.26,32.6,81.7,94.0,50.3,Germany,OpenFoodFacts,2022
1318,Cucumber,Grainss,663.8,28.9,36.4,,3.34,18.56,1490.8,278.5,171.62,,227.6,89.5,7.0,171.1,Mexico,USDA,2024
4438,MANGO,Grains,708.5,11.57,35.37,3.26,11.8,6.79,1307.4,620.4,112.85,18.72,339.0,70.9,17.0,157.6,Nigeria,USDA,2022
2475,Olive Oil (ON),Legumes,489.4,19.97,54.52,41.1,16.32,0.32,,636.9,73.42,19.39,39.0,73.3,41.0,109.3,India,Kaggle FoodDB,2022
2543,TURKEY BREAST (RH),Legumes,,29.59,75.67,67.45,9.12,28.78,415.7,630.4,70.56,13.87,420.2,63.2,3.0,217.6,UK,FAO,2020
1247,White Rice (UT),fruits,135.5,8.42,37.95,46.81,18.82,49.05,1431.6,661.4,43.85,6.1,247.2,29.7,80.0,236.8,Germany,OpenFoodFacts,2021
1461,Cucumber (LF),Dairy,366.6,13.33,19.02,5.19,14.4,28.63,,552.8,140.87,15.34,324.0,37.0,9.0,260.9,USA,NutritionData.self.com,2023
1209,Celery,nuts & seeds,260.8,20.17,1.98,82.71,3.45,10.83,367.9,598.1,108.01,0.16,143.0,21.0,19.0,155.9,USA,OpenFoodFacts,2023
217,Cottage Cheese,seafood,306.4,22.28,49.8,103.28,,38.82,,500.2,108.34,5.4,53.9,36.3,79.0,186.3,Germany,FAO,2023
482,Mushroom,Grains,632.3,14.77,55.57,25.39,1.76,5.37,143.4,326.8,114.56,8.51,212.9,23.8,90.0,193.9,Mexico,NutritionData.self.com,2023
3266,White Rice (AM),Proteins,80.8,0.8,76.7,94.54,,20.97,734.2,366.3,174.16,13.21,237.2,66.4,58.0,260.1,Australia,NutritionData.self.com,2023
1240,Broccoli,Fruits,183.3,44.71,22.36,88.13,7.98,51.07,1240.0,405.1,,11.03,23.7,20.4,28.0,95.3,Australia,USDA,2022
2290,Carrot (UX),Grains,192.6,42.14,0.91,65.65,7.74,4.79,1988.0,102.2,130.66,17.06,184.3,11.3,69.0,291.4,Mexico,Kaggle FoodDB,2019
2741,Almonds (FX),Dairy,,30.23,53.31,49.31,13.43,54.43,922.3,671.1,128.71,10.19,263.4,11.7,73.0,70.0,Nigeria,USDA,2022
276,Pork Loin,Legumes,461.3,11.45,38.42,58.32,5.47,,1960.8,89.4,122.8,18.62,119.2,44.0,14.0,76.4,Mexico,OpenFoodFacts,2018
490,Cheddar Cheese,Oils,803.4,45.76,25.75,82.45,4.59,41.56,244.9,161.7,5.93,15.45,,63.7,60.0,75.6,Mexico,USDA,2022
1036,Sweet Potato (UB),Proteins,632.7,11.86,75.62,65.76,3.82,49.32,,826.2,150.7,8.82,291.5,59.3,29.0,129.9,Germany,OpenFoodFacts,2018
1230,Greek Yogurt (RC),Seafood,380.2,19.57,35.21,98.71,12.95,3.53,856.0,52.8,127.63,6.92,120.8,47.1,93.0,294.5,Australia,NutritionData.self.com,2023
4725,BLUEBERRIES (UB),Legumes,213.3,7.0,73.24,32.29,18.64,52.42,1615.8,329.0,195.57,9.06,,8.1,63.0,250.4,USA,Kaggle FoodDB,2020
1009,Oats,legumes,239.7,31.38,54.08,62.65,0.86,0.01,1806.5,531.2,,2.3,340.0,8.6,19.0,29.6,Mexico,OpenFoodFacts,2020
4853,Lentils  ,Nuts & Seeds,702.2,2.88,59.94,7.75,10.38,7.07,867.1,1027.9,192.85,0.85,105.0,26.2,34.0,74.9,Brazil,NutritionData.self.com,2018
3332,Turkey Breast,Seafood,,31.01,24.9,60.11,13.81,52.82,1375.6,1077.8,152.19,17.43,261.7,49.6,104.0,288.3,Mexico,USDA,2021
3394,Salmon,Oils,,,71.12,54.93,16.75,17.76,338.9,449.4,48.78,9.34,318.6,86.6,96.0,229.5,Mexico,OpenFoodFacts,2023
2533,Strawberry,Fruits,279.3,11.31,4.3,56.18,18.82,57.27,919.1,412.5,181.44,,63.0,9.6,98.0,252.6,Brazil,USDA,2021
4300,Tuna (Canned),Grains,544.2,5.01,56.39,,16.05,7.35,905.4,425.4,,4.17,8.1,49.6,103.0,294.1,Germany,Kaggle FoodDB,2020.
1059,Onion,Dairy,442.3,42.35,13.36,52.14,16.92,,463.1,652.4,183.29,11.24,,51.4,39.0,221.3,Australia,FAO,2022
2167,Lamb (IO),Legumes,578.0,43.0,68.87,80.09,4.55,46.43,,1196.0,,13.13,89.0,31.4,86.0,265.0,Mexico,USDA,2022
4323,Oats,Fruits,611.6,30.85,50.27,47.47,3.05,6.8,1422.1,700.2,144.08,8.42,179.5,14.5,19.0,210.3,Canada,Kaggle FoodDB,2024
4426,CORN,Nuts & Seeds,366.0,38.88,61.55,,4.88,52.45,870.4,215.3,22.29,11.35,298.5,55.4,15.0,133.0,China,USDA,2024
282,Avocado,seafood,317.4,24.31,,101.76,18.1,19.75,1212.3,699.7,82.44,10.47,96.0,57.6,29.0,43.8,Brazil,OpenFoodFacts,2023
3800,Broccoli  ,PROTEINS,519.8,23.88,64.68,117.36,12.51,28.06,722.5,718.1,91.74,,491.1,87.9,70.0,80.8,USA,FAO,2020
1317,Quinoa,Dairy,483.2,36.2,48.17,51.56,4.64,35.31,1280.3,413.5,193.79,16.07,356.8,65.4,18.0,125.8,Germany,OpenFoodFacts,2021
1782,Celery (AB),Dairy,813.6,24.15,44.93,52.25,18.36,31.47,561.6,612.9,191.17,18.86,61.8,73.4,44.0,113.9,Nigeria,OpenFoodFacts,2022
969,Greek Yogurt (XF),Dairy,518.4,46.83,52.6,45.74,12.54,22.69,290.6,1066.6,185.34,7.31,371.3,43.5,66.0,260.6,China,NutritionData.self.com,2023
4173,Cheddar Cheese (EI),Fruits,410.8,1.69,53.84,28.37,7.73,33.3,325.3,1085.9,150.92,16.23,97.2,71.5,108.0,265.2,USA,USDA,2021
1940,Cottage Cheese,Seafood,87.8,15.57,38.75,61.82,16.95,,1487.9,382.8,111.46,5.05,60.2,89.1,76.0,103.4,USA,Kaggle FoodDB,2020.
3378,Avocado,Oils,185.2,11.42,77.59,70.68,15.34,55.96,636.7,79.2,26.23,4.78,,31.3,60.0,71.7,Brazil,FAO,2020
3750,Greek Yogurt,legumes,798.4,5.14,17.03,90.88,11.74,7.03,,537.3,181.27,19.72,347.8,25.9,54.0,177.7,Nigeria,FAO,2024
620,Shrimp (YK),Dairy,678.5,9.71,13.82,52.23,9.44,43.86,383.6,2.1,12.39,4.99,271.4,78.7,77.0,249.3,Germany,NutritionData.self.com,2023
3451,Sweet Potato,Fruits,420.2,,62.76,18.86,1.12,22.62,1768.8,669.4,83.45,18.15,493.3,40.7,32.0,97.1,Canada,Kaggle FoodDB,2024
1743,Cheddar Cheese (QS),Grains,697.0,28.55,,94.79,7.92,28.04,966.5,39.3,161.31,6.65,385.9,37.7,37.0,260.8,UK,FAO,2023.
1391,SHRIMP,Proteins,227.7,4.5,0.88,30.16,14.87,59.13,899.9,607.5,15.51,5.9,264.5,80.2,94.0,286.9,Canada,Kaggle FoodDB,2023
4455,Bread (Whole Wheat) (ND),Dairy,782.5,42.99,29.79,67.77,11.11,40.7,54.0,213.9,162.76,8.87,224.7,32.8,36.0,80.1,India,NutritionData.self.com,2024
1848,Apple (CH),Nuts & Seeds,193.8,22.5,65.13,79.5,13.36,54.32,1372.0,52.2,155.97,18.49,122.6,41.9,41.0,218.5,USA,FAO,2022
1580,Watermelon,Grains,501.1,28.49,64.88,,1.81,27.38,,1142.2,79.38,10.72,254.4,50.6,10.0,151.2,USA,NutritionData.self.com,2018
1656,Zucchini,Dairy,844.5,20.96,48.7,61.37,1.74,10.14,896.6,637.3,87.79,13.53,40.0,63.7,17.0,266.4,Nigeria,Kaggle FoodDB,2021
2353,Orange,Dairy,559.1,24.87,20.21,78.7,17.91,42.47,1502.4,1010.2,47.51,11.84,288.1,68.8,87.0,64.3,Canada,NutritionData.self.com,2021
2213,CUCUMBER,fruits,35.8,13.43,79.33,74.65,2.76,27.85,1020.0,283.5,139.3,8.14,201.0,84.5,14.0,21.5,Mexico,OpenFoodFacts,2019
3276,Cheddar Cheese (WW),Fruits,742.8,37.14,25.37,80.58,1.45,5.67,1487.7,404.7,131.01,10.19,203.4,2.0,64.0,61.1,USA,NutritionData.self.com,2019
2021,Sweet Potato,Proteins,867.8,27.58,32.02,34.25,,25.24,219.0,956.2,76.39,0.68,266.2,86.6,10.0,246.9,India,NutritionData.self.com,2020
2853,Egg,Oils,188.6,39.53,70.15,73.62,5.81,40.49,671.3,693.4,,3.92,117.8,54.8,96.0,77.9,Canada,NutritionData.self.com,2024
1957,Sweet Potato,Legumes,,27.08,,19.53,18.27,30.11,987.7,780.4,150.16,,2.3,97.9,48.0,199.9,Australia,USDA,2023
3817,TUNA (CANNED),Fruits,336.1,29.35,20.72,31.41,6.86,,136.9,789.0,,2.68,94.3,20.8,81.0,222.3,China,USDA,2023
3193,Chicken Breast (XT),Dairy,858.5,16.82,5.81,27.05,5.43,59.52,662.3,882.8,176.27,15.43,175.4,6.8,17.0,260.7,UK,NutritionData.self.com,2019
1308,Cucumber,Vegetables,725.5,18.43,11.38,17.92,2.49,59.31,876.9,268.7,91.92,11.07,195.3,6.7,7.0,231.3,Germany,Kaggle FoodDB,2020
2004,Green Beans,Seafood,239.6,38.36,61.89,53.92,,18.34,1598.6,894.4,52.55,0.81,124.8,5.0,71.0,147.2,Brazil,USDA,2021
4595,GARLIC,Vegetables,396.2,13.22,38.78,38.39,3.88,59.51,1064.7,1174.1,,6.24,478.3,97.3,80.0,30.1,Brazil,Kaggle FoodDB,2022.
576,Sweet Potato (LV),Nuts & Seeds,855.6,6.5,72.08,69.07,12.19,6.5,,553.2,7.59,12.83,52.1,56.0,46.0,123.1,Germany,FAO,2018
2361,Shrimp,Fruits,30.3,35.25,61.99,,11.71,23.02,1888.4,332.4,121.29,14.41,438.2,76.5,5.0,132.3,China,OpenFoodFacts,2018
4334,Corn,Proteins,586.7,,19.24,108.25,12.97,17.17,930.7,907.6,32.89,0.77,,78.1,19.0,13.5,UK,FAO,2021
4576,Watermelon,Fruits,295.1,,26.82,23.16,17.99,39.74,1868.1,377.5,30.74,19.25,273.5,44.4,70.0,11.1,UK,OpenFoodFacts,2020
1707,Bell Pepper,Grains,583.9,46.5,75.96,110.49,18.03,18.63,68.7,557.4,160.45,16.81,367.6,36.9,N/A,255.7,Germany,NutritionData.self.com,2023
3989,White Rice,Nuts & Seeds,317.0,40.92,9.54,51.59,,1.16,199.8,1116.5,23.95,17.33,451.4,48.3,104.0,34.7,India,NutritionData.self.com,2023
3700,Celery  ,dairy ,253.6,28.71,10.33,89.2,4.09,49.75,185.5,459.9,,10.76,100.0,97.4,22.0,229.1,Canada,OpenFoodFacts,2023.
1281,Turkey Breast,Proteins,564.0,41.36,21.0,35.0,5.52,56.13,685.4,555.0,190.65,12.58,445.3,84.9,20.0,99.5,Germany,USDA,2020
862,Pasta (CO),Vegetables,418.9,25.95,27.16,118.24,8.94,,476.2,54.6,76.05,6.99,298.2,51.7,18.0,82.3,UK,USDA,2021.
4276,Cottage Cheese,Proteins,531.9,16.87,16.31,53.97,15.0,45.88,33.7,565.1,66.21,15.5,393.3,47.7,32.0,192.0,Nigeria,Kaggle FoodDB,2020
1802,Egg,Dairy,669.0,5.62,29.09,84.0,8.6,49.79,877.5,838.8,166.5,4.07,64.0,61.2,30.0,69.8,Canada,FAO,2021
1629,Egg,Dairy,105.1,27.84,27.43,68.0,,1.52,805.6,938.2,101.15,15.2,,48.6,41.0,170.4,Canada,FAO,2020
1994,Corn (NG),Dairy,139.1,4.26,3.02,11.15,6.96,43.95,686.0,198.8,,1.95,259.1,69.8,59.0,25.4,Brazil,Kaggle FoodDB,2024
2640,Beef (Lean),Grains,638.2,1.29,59.71,98.72,2.37,51.72,1795.0,510.4,69.08,3.5,135.6,8.3,15.0,209.0,Germany,OpenFoodFacts,2023
270,Pork Loin (RQ),Nuts & Seeds,278.4,15.31,36.11,9.59,6.56,37.39,1010.4,705.3,,14.12,477.3,77.9,31.0,82.1,Canada,Kaggle FoodDB,2023
630,Blueberries (OS),Oils,242.1,4.66,41.98,13.02,18.87,42.24,888.6,1005.7,166.36,5.95,426.1,82.0,99.0,74.8,Brazil,NutritionData.self.com,2021.
3082,Strawberry (MG),Dairy,797.0,7.18,13.57,56.13,15.78,38.15,,515.9,130.23,9.73,95.3,97.6,72.0,247.8,USA,Kaggle FoodDB,2020.
2335,Greek Yogurt,Seafood,,17.68,27.41,24.08,19.6,13.93,1696.8,671.3,121.02,8.21,100.9,81.5,78.0,215.6,Canada,USDA,2022.
2967,Bell Pepper,Dairy,659.8,13.82,34.09,101.09,16.29,35.1,1157.4,590.8,112.99,5.36,231.4,48.2,76.0,247.6,Canada,OpenFoodFacts,2021
301,PEAS,oils,65.5,39.2,72.9,118.75,16.87,33.67,1660.0,161.6,43.8,6.49,84.8,77.8,51.0,47.5,Nigeria,FAO,2024
460,Sweet Potato (OU),Nuts & Seeds,124.6,47.74,41.92,65.76,8.85,47.22,1470.3,355.1,47.07,13.16,331.8,50.5,10.0,23.9,UK,OpenFoodFacts,2023
1448,Pineapple,Seafood,757.5,,33.17,102.9,1.81,11.62,1780.9,586.8,167.18,13.42,139.1,58.1,43.0,54.9,India,Kaggle FoodDB,2018
1473,Pineapple,Seafood,793.1,32.41,79.88,34.2,12.97,22.12,996.7,1012.8,111.3,4.87,430.6,63.4,60.0,286.6,Australia,FAO,2018
2047,Pork Loin (XV),Nuts & Seeds,79.5,36.5,31.68,68.49,3.25,2.21,1420.6,378.3,97.52,,118.7,97.8,108.0,277.0,Australia,USDA,2021
4360,Zucchini  ,Proteins,182.7,34.37,67.46,10.58,10.68,44.41,685.0,437.8,199.11,0.32,,77.8,95.0,117.7,India,Kaggle FoodDB,2018
4013,Apple,legumes,633.5,,20.35,,0.34,4.41,1817.3,271.4,58.19,16.17,291.6,53.8,68.0,192.1,Nigeria,FAO,2022
3566,Sweet Potato,legumes,658.0,,34.32,105.75,13.36,58.91,992.9,695.3,166.2,3.26,,59.5,9.0,276.6,UK,Kaggle FoodDB,2021
2114,AVOCADO,Seafood,806.7,,65.6,108.25,16.05,40.16,350.9,1167.8,13.91,16.05,65.1,69.1,36.0,112.3,India,USDA,2018
28,Pineapple,Vegtables,472.5,2.74,71.42,78.53,0.44,54.63,1546.6,358.0,50.46,12.74,309.9,86.7,85.0,135.6,Mexico,Kaggle FoodDB,2019
4930,Lentils (KA),Grains,828.9,44.68,34.62,114.02,4.8,56.47,1342.3,424.1,14.45,2.15,141.0,4.1,23.0,208.1,Canada,NutritionData.self.com,2018
4662,Green Beans,Proteins,551.8,12.82,,9.07,19.58,42.15,80.9,234.5,113.34,8.54,21.5,50.2,86.0,194.6,Brazil,Kaggle FoodDB,2020
3790,Corn,Vegetables,882.9,33.44,55.47,52.01,10.66,55.18,757.2,184.8,163.7,12.3,2.8,80.5,87.0,237.4,India,FAO,2024
838,Onion,legumes,,20.61,71.19,59.46,6.88,26.86,1711.3,128.6,88.77,10.25,323.2,44.8,58.0,39.1,USA,NutritionData.self.com,2018
4078,Watermelon (DJ),Fruits,262.8,38.19,9.66,12.94,5.18,,312.6,636.3,65.85,14.57,195.8,73.9,105.0,230.0,USA,FAO,2022
3808,Corn,Dairy,325.8,38.42,21.72,30.76,2.91,53.54,846.9,1059.4,19.03,,75.3,32.3,103.0,96.5,UK,NutritionData.self.com,2020
2009,Sweet Potato (UD),Proteins,77.5,12.14,,111.94,11.33,55.45,99999.0,621.2,10.02,5.7,133.7,19.1,46.0,10.6,Australia,NutritionData.self.com,2021
735,Turkey Breast,Grains,335.8,33.89,29.14,60.75,6.7,15.45,1592.6,975.5,117.76,19.17,469.9,34.3,38.0,114.3,Australia,USDA,2023
504,Greek Yogurt,Fruits,736.1,24.65,,,9.72,16.45,1914.8,323.6,89.64,14.1,443.7,73.9,63.0,68.0,Brazil,OpenFoodFacts,2021
3419,Bell Pepper (IK),legumes,224.2,38.06,70.32,85.06,9.8,17.47,870.9,517.3,186.93,4.72,9.7,24.6,98.0,154.6,Germany,Kaggle FoodDB,2023
4439,Celery,Fruits,893.4,0.15,52.42,85.21,0.94,34.91,952.0,687.0,41.69,16.67,55.5,29.4,22.0,85.5,India,FAO,2022
381,Cucumber (QX),oils,124.0,11.3,63.09,106.67,11.32,1.86,238.6,1025.0,161.45,2.79,303.3,80.7,56.0,50.9,USA,USDA,2021
1852,Corn (XO),Nuts & Seeds,738.0,46.58,71.14,2.05,0.58,17.91,1938.7,1198.9,10.54,5.36,80.3,98.0,4.0,139.6,USA,NutritionData.self.com,2021
1526,Celery (JQ),Legumes,246.0,49.93,60.52,75.83,1.6,35.08,,740.9,169.21,13.63,126.6,58.2,60.0,214.0,USA,FAO,2018.
2366,Bread (Whole Wheat),PROTEINS,58.5,18.72,12.21,116.0,9.32,,477.9,1.6,15.84,1.94,435.7,69.3,47.0,258.6,Brazil,FAO,2024
3444,Brown Rice,dairy ,896.2,20.87,,29.04,16.91,38.49,1591.7,109.6,94.12,14.18,30.0,39.4,51.0,183.7,Brazil,NutritionData.self.com,2024
3053,Almonds,Grains,256.3,48.02,79.91,98.79,11.71,14.82,631.5,500.1,111.68,2.66,321.2,91.6,97.0,256.5,Australia,FAO,2020
2885,CUCUMBER (TY),Grains,80.7,5.32,9.12,22.71,19.94,16.39,1334.0,109.6,25.25,11.51,385.6,62.1,8.0,137.9,China,NutritionData.self.com,2021.
2341,Cottage Cheese,Vegetables,681.0,47.21,52.78,87.88,7.54,33.62,1821.4,2.7,167.4,16.32,447.5,11.3,52.0,193.5,Mexico,OpenFoodFacts,2023
375,Turkey Breast,Vegetables,82.6,24.26,79.8,,8.64,3.34,941.2,260.2,54.76,8.83,376.4,27.6,54.0,221.1,Australia,OpenFoodFacts,2019
4234,Apple (FO),Vegetables,822.0,,71.58,,3.88,57.42,,221.1,160.89,,165.4,60.6,46.0,256.9,China,OpenFoodFacts,2024
2382,Celery (WX),Seafood,774.7,,45.93,90.61,8.8,39.39,59.3,364.1,126.06,13.32,31.9,78.5,71.0,91.2,USA,Kaggle FoodDB,2018
4444,Bread (Whole Wheat),Fruits,371.4,19.06,66.49,26.48,2.78,39.85,1681.7,538.5,38.98,6.56,70.8,30.2,40.0,180.7,Australia,NutritionData.self.com,2023
940,Beef (Lean) (YN),Oils,527.3,14.14,1.62,105.31,12.82,10.27,515.4,294.0,149.67,1.27,291.7,62.9,105.0,150.3,India,OpenFoodFacts,2018
4101,Chicken Breast (UB),Seafood,575.6,28.86,55.95,110.87,12.28,46.99,971.3,456.2,158.22,17.93,379.8,3.0,99.0,17.2,Canada,FAO,2019.
4296,Banana,Grains,,45.12,60.47,18.14,14.55,39.6,1752.8,610.1,26.03,15.89,445.8,56.3,32.0,37.6,India,NutritionData.self.com,2023
2800,Cucumber,Dairy,187.3,13.25,34.8,92.69,5.7,42.04,321.9,430.5,101.21,7.77,88.5,67.4,47.0,143.0,India,FAO,2020
2148,Milk (Whole) (HM),Vegetables,334.9,11.03,1.19,28.1,,39.13,41.4,1160.3,191.09,7.67,433.1,90.5,3.0,111.1,UK,Kaggle FoodDB,2022
4069,SALMON,Nuts & Seeds,613.0,1.62,,49.26,18.85,33.75,57.8,309.0,184.82,14.38,334.3,50.7,101.0,266.2,UK,Kaggle FoodDB,2021
4680,Beef (Lean),fruits,575.6,16.51,,114.43,14.76,31.68,862.3,1162.3,179.42,5.48,441.0,95.3,3.0,15.7,UK,OpenFoodFacts,2023.
4348,Corn,Dairy,508.1,43.21,33.88,70.0,3.59,39.68,,445.0,13.9,18.18,149.2,2.4,53.0,56.6,India,FAO,2019
2069,Blueberries,Nuts & Seeds,164.9,7.83,69.08,89.72,18.41,43.38,698.7,19.4,110.13,1.18,300.3,18.7,52.0,156.8,Australia,USDA,2018
530,Mango,Vegetables,781.0,,2.46,61.75,9.92,37.78,335.5,312.9,41.9,2.23,446.0,54.3,26.0,22.8,USA,USDA,2019.
3309,Pineapple (QL),Legumes,345.2,20.98,74.55,57.51,9.52,41.7,1676.6,1066.1,107.69,3.63,272.7,18.6,57.0,169.8,Nigeria,NutritionData.self.com,2021
3977,Bell Pepper,Seafood,349.8,16.5,47.97,77.28,,4.18,231.4,469.7,153.08,5.1,138.6,90.7,72.0,152.7,Australia,FAO,2020
637,Kale,dairy ,,29.43,35.52,67.85,19.43,48.77,1761.8,185.1,166.04,18.04,32.4,30.3,72.0,76.9,Nigeria,FAO,2018
1270,Strawberry,Oils,276.7,,21.16,40.5,,48.65,197.7,668.6,26.57,6.74,477.3,57.8,90.0,183.5,Canada,FAO,2021
186,Cottage Cheese,Dairy,600.8,47.07,39.58,80.82,4.69,31.57,797.3,691.9,193.42,5.7,350.9,27.2,108.0,283.9,Mexico,OpenFoodFacts,2023
4070,Turkey Breast,Oils,765.3,6.68,16.85,14.18,10.06,50.57,1456.2,74.2,153.11,8.59,425.6,32.9,101.0,167.0,USA,FAO,2023
3838,EGG,Seafood,124.4,29.25,66.52,47.7,13.71,48.57,,387.9,,9.43,4.9,14.8,95.0,118.8,Nigeria,USDA,2021
4074,Egg (LZ),Grains,550.8,25.91,74.51,56.12,1.25,0.13,1293.3,716.8,59.7,7.97,489.1,33.6,62.0,253.0,Nigeria,FAO,2022
1798,Cucumber,Oils,83.4,15.71,,20.13,18.54,6.56,930.3,622.6,169.59,1.03,,43.2,51.0,211.9,Canada,USDA,2023
2980,Mango (AT),Seafood,873.8,35.49,58.23,95.95,15.27,57.12,1053.0,560.5,148.96,7.05,243.2,69.0,26.0,205.0,Australia,FAO,2023
1442,Egg,Legumes,,1.15,43.6,30.58,1.38,,1159.3,18.5,19.75,,52.9,14.3,11.0,290.1,UK,Kaggle FoodDB,2023
3654,Shrimp (MO),Grains,170.2,29.23,44.8,93.23,11.76,41.74,1403.4,1151.7,196.46,19.84,41.4,4.1,92.0,259.6,China,FAO,2018
749,White Rice (MC),Proteins,817.7,49.28,36.09,11.48,8.07,58.39,1687.7,245.9,42.61,14.8,324.3,76.2,56.0,60.2,China,USDA,2020
1536,Bell Pepper,Proteins,,12.59,68.12,79.39,17.34,5.75,65.9,918.5,104.08,18.47,473.0,98.6,15.0,89.1,UK,Kaggle FoodDB,2019
3671,Spinach (YO),Proteins,229.0,47.36,13.12,41.81,9.86,,252.1,722.1,95.26,17.96,209.5,15.9,32.0,55.3,Australia,OpenFoodFacts,2019
3189,Sweet Potato (IU),Proteins,,26.06,76.39,19.71,1.32,30.83,441.7,1085.5,,,301.3,41.3,2.0,226.6,UK,NutritionData.self.com,2022
1274,Peanut Butter,fruits,54.9,27.52,9.1,75.48,11.81,7.09,412.2,666.6,,12.89,270.3,52.4,60.0,192.1,India,FAO,2024.
2468,Watermelon,Vegetables,54.7,32.57,10.94,2.3,19.31,39.65,306.6,454.9,166.73,10.66,310.6,41.4,104.0,36.5,India,USDA,2023
608,Milk (Whole) (PT),Dairy,340.6,44.55,69.69,82.3,2.92,35.1,1329.9,318.3,88.82,2.13,190.9,91.6,42.0,227.2,Canada,OpenFoodFacts,2024
3614,Strawberry,Dairy,722.0,5.39,10.68,48.47,2.21,53.84,,750.3,,11.65,,1.3,19.0,186.9,Nigeria,OpenFoodFacts,2022
1713,Pork Loin,Grains,707.1,35.47,55.17,59.19,16.91,31.06,38.0,498.0,33.88,19.66,477.4,2.6,89.0,270.6,Canada,USDA,2021
2200,Celery,Legumes,,47.37,54.36,94.86,5.82,41.94,1623.5,703.4,172.18,10.21,267.4,40.5,18.0,70.7,China,Kaggle FoodDB,2019
956,Milk (Whole),Seafood,357.2,31.17,68.7,97.24,19.41,15.68,,7.2,12.13,2.67,298.0,39.1,13.0,118.4,USA,NutritionData.self.com,2020
2580,Strawberry (BM),Seafood,590.1,35.3,8.09,87.72,,1.14,1170.6,509.9,136.93,15.55,45.9,35.2,55.0,146.9,China,Kaggle FoodDB,2018
4130,Avocado,Nuts & Seeds,21.0,47.53,22.4,35.56,19.79,5.11,860.8,858.3,55.64,2.51,29.6,17.2,N/A,84.6,India,OpenFoodFacts,2019.
4564,WATERMELON,Proteins,63.3,26.75,66.21,,14.01,57.41,1477.0,428.1,134.3,14.33,430.3,30.6,71.0,161.0,UK,USDA,2021
3605,Mushroom,Grains,212.5,22.63,1.47,,2.9,51.29,,283.6,21.91,12.22,301.1,18.5,2.0,24.1,UK,Kaggle FoodDB,2021
3928,Apple (FZ),nuts & seeds,600.4,8.29,2.88,59.31,4.87,21.23,1467.7,227.5,106.55,4.68,,24.1,43.0,137.6,Australia,FAO,2021
404,Cottage Cheese,Oils,747.3,12.46,15.65,23.49,14.19,41.74,208.8,211.9,165.42,5.58,361.3,46.8,49.0,177.5,Nigeria,FAO,2020
2072,Black Beans,Seafood,477.1,21.68,33.21,66.52,17.21,26.6,471.9,865.2,70.18,13.24,484.9,27.8,46.0,250.1,China,NutritionData.self.com,2020
4903,Beef (Lean),Proteins,128.5,7.52,6.15,15.66,1.64,46.6,1319.8,236.8,51.89,15.36,492.9,28.2,75.0,51.1,Brazil,USDA,2019
1978,Greek Yogurt,Fruits,398.1,41.41,73.36,108.43,4.92,57.89,188.7,40.7,195.06,12.89,373.1,8.6,28.0,181.5,Nigeria,USDA,2018
159,Almonds,Vegetables,229.1,,72.11,30.91,4.97,55.71,453.8,613.9,,5.96,156.4,96.6,71.0,244.1,Brazil,USDA,2021
1749,Sweet Potato,Oils,689.1,49.64,19.53,95.36,2.07,17.57,1696.8,739.1,1.48,1.07,325.6,80.0,71.0,25.6,Germany,NutritionData.self.com,2019.
2910,Greek Yogurt (SN),Seafood,,24.66,71.21,55.55,1.48,59.28,1335.6,249.4,177.97,6.77,361.2,32.5,1.0,112.3,Brazil,FAO,2023
3765,Sweet Potato,Fruits,453.7,8.3,63.25,106.1,4.78,19.99,86.5,1009.5,165.99,16.12,50.7,36.6,91.0,290.0,USA,Kaggle FoodDB,2020
903,Broccoli (YR),PROTEINS,179.7,6.56,63.19,31.79,10.95,50.87,1168.6,592.6,3.45,4.06,352.7,12.9,16.0,12.8,Germany,Kaggle FoodDB,2019
353,Sweet Potato,Grainss,599.7,14.45,8.55,77.3,5.41,40.47,1557.2,833.1,44.27,6.82,75.1,19.7,62.0,232.0,Brazil,NutritionData.self.com,2024
1231,Corn,Dairy,,28.97,63.68,18.24,8.75,49.07,1380.9,1161.6,46.02,17.46,332.1,51.6,87.0,209.9,Australia,USDA,2022
4815,Apple (HV),Nuts & Seeds,,47.86,47.21,,17.69,21.21,1467.1,1038.2,96.56,3.59,156.6,19.7,44.0,11.5,USA,OpenFoodFacts,2019
2141,Cucumber,Dairy,740.8,47.29,48.11,83.98,,33.34,1390.3,174.6,199.82,1.46,184.5,73.0,89.0,75.4,Brazil,USDA,2020
445,Corn (XR),Proteins,735.3,3.73,21.33,54.91,,58.34,428.7,876.8,64.94,7.31,77.2,61.3,42.0,61.0,Germany,USDA,2020
3637,WATERMELON,fruits,830.3,40.04,60.15,75.29,19.6,44.99,1014.5,568.8,196.04,17.73,323.5,52.9,4.0,102.4,Canada,FAO,2021.
755,Black Beans,Vegetables,,45.52,12.33,109.14,10.12,47.52,1014.6,409.0,164.52,1.64,241.3,45.1,26.0,116.4,China,NutritionData.self.com,2018
1738,Onion,Nuts & Seeds,191.3,0.29,51.55,65.46,13.15,37.1,914.2,376.5,71.51,4.5,166.9,69.2,1.0,54.4,UK,FAO,2023
2972,Turkey Breast,dairy ,163.5,31.89,74.1,76.95,16.87,47.24,,414.6,26.34,3.77,252.9,85.0,45.0,113.7,Mexico,NutritionData.self.com,2022
1450,Tomato,Vegtables,621.3,27.63,68.94,49.03,7.53,56.76,391.4,569.9,101.45,16.89,369.2,72.5,49.0,221.2,USA,NutritionData.self.com,2018
2921,Corn,Oils,306.3,32.43,69.67,6.59,16.59,12.03,1639.9,136.7,63.29,3.63,322.9,15.5,29.0,87.4,Germany,Kaggle FoodDB,2023
312,Shrimp  ,Vegetables,89.0,,22.5,83.85,5.05,8.16,1603.8,36.6,188.96,2.55,115.0,50.1,89.0,178.0,Nigeria,NutritionData.self.com,2023
549,Mango,Dairy,477.9,12.95,23.72,2.68,18.13,45.56,184.4,1113.2,195.4,4.41,128.4,32.2,43.0,112.2,China,FAO,2018
662,Almonds (LK),Vegetables,888.1,,3.84,13.15,10.76,6.21,179.6,400.3,30.1,16.55,89.8,62.3,29.0,91.7,Brazil,FAO,2020.
4909,BLUEBERRIES,Fruits,672.6,8.51,2.61,104.43,9.76,14.77,914.1,816.4,,0.21,361.9,49.7,105.0,163.8,Australia,FAO,2023
1990,Milk (Whole) (AL),Legumes,662.0,1.65,75.74,116.05,14.05,51.72,733.8,460.9,177.81,4.67,,65.2,13.0,102.8,Germany,USDA,2024
307,Peas,Legumes,474.3,23.9,72.64,72.43,7.38,36.94,716.3,1187.1,90.35,13.08,136.8,5.0,56.0,274.8,Brazil,USDA,2021
2336,Garlic (IQ),Oils,357.8,11.78,8.45,118.75,19.02,8.64,1916.2,441.1,9.38,2.47,280.1,40.6,41.0,132.3,Brazil,NutritionData.self.com,2022
695,Watermelon,Grains,121.1,37.77,70.62,34.23,13.84,16.55,1489.1,506.5,35.26,7.99,252.5,49.9,52.0,277.0,Mexico,Kaggle FoodDB,2019.
2357,Blueberries (XX),Oils,814.2,49.25,64.89,33.59,8.76,40.36,1483.3,572.3,18.23,18.98,91.0,12.8,21.0,213.4,Mexico,FAO,2024
1928,Watermelon,Proteins,,32.49,1.68,32.08,18.06,10.93,1900.1,592.6,131.05,16.97,445.7,14.4,N/A,240.8,USA,FAO,2022
685,Sweet Potato,Fruits,837.9,7.3,35.16,91.37,5.5,19.68,627.4,887.8,67.5,14.61,416.3,12.8,18.0,162.0,Nigeria,OpenFoodFacts,2018
750,Orange,Proteins,9999.0,34.37,1.23,4.55,9.42,10.87,219.2,356.4,98.38,14.11,404.6,9.6,93.0,111.3,Canada,NutritionData.self.com,2020
4279,Salmon,nuts & seeds,131.6,1.28,63.83,5.41,5.04,38.77,1295.5,1104.9,6.04,15.36,417.5,69.5,9.0,223.3,India,OpenFoodFacts,2023.
1363,Brown Rice (AA),oils,568.2,12.09,60.68,102.91,6.88,45.47,600.2,852.0,58.86,12.38,,59.8,59.0,81.2,Mexico,NutritionData.self.com,2024
1267,GREEN BEANS,Proteins,,49.07,53.94,114.7,1.76,16.32,1014.4,220.6,10.49,11.66,,86.5,92.0,112.9,India,USDA,2021
4224,Chicken Breast (GK),Dairy,732.7,,41.45,115.44,17.22,5.47,289.1,632.1,27.74,2.26,275.8,52.6,6.0,199.9,USA,Kaggle FoodDB,2019
3760,Sweet Potato,Dairy,751.2,,37.17,79.16,1.2,27.21,1655.4,770.0,154.62,6.59,262.0,60.3,25.0,51.5,UK,FAO,2018
4562,Mango,Grains,272.8,3.71,4.96,14.24,17.48,15.95,1293.0,278.5,126.69,18.9,4.1,56.9,46.0,21.0,USA,NutritionData.self.com,2020
2135,Broccoli,Grainss,653.0,24.37,9.12,,7.0,12.59,519.4,64.0,136.3,5.31,494.2,32.1,72.0,91.6,Mexico,USDA,2024.
3084,Banana,seafood,537.1,5.37,56.15,109.41,7.53,39.19,235.7,758.6,43.22,14.37,430.8,21.3,92.0,298.2,India,USDA,2021.
3062,Watermelon (XW),Dairy,101.0,12.93,23.06,107.04,10.95,,858.3,1140.7,37.71,3.22,463.9,56.1,29.0,170.8,Brazil,NutritionData.self.com,2021
3026,Cheddar Cheese,Oils,349.1,20.36,0.28,106.43,15.27,48.13,1296.9,551.5,38.03,10.76,251.0,7.6,101.0,132.4,Brazil,USDA,2020
971,BROWN RICE,Seafood,604.0,,31.26,106.07,19.34,25.18,1550.8,18.4,94.01,18.5,22.2,32.4,66.0,248.2,Mexico,FAO,2018
14,Peas,Nuts & Seeds,206.9,,26.61,56.23,6.4,4.03,1437.6,519.6,184.85,1.17,313.9,88.2,11.0,149.0,Australia,Kaggle FoodDB,2021
874,TOMATO (OB),Proteins,379.7,41.51,22.47,64.19,11.92,49.59,1482.9,409.3,12.61,4.08,187.1,21.9,46.0,225.1,Mexico,USDA,2021
809,Orange (YU),Fruits,416.7,31.52,62.11,106.31,9.56,,1422.3,261.9,176.25,9.07,92.9,76.1,38.0,40.9,UK,Kaggle FoodDB,2021
3199,Watermelon,Legumes,110.3,28.9,,80.48,12.22,34.65,1189.7,903.8,189.04,15.11,401.2,56.0,74.0,244.6,Australia,Kaggle FoodDB,2021
515,Sweet Potato (ZC),Oils,59.8,5.4,51.76,55.82,,12.07,1033.9,606.8,,5.05,43.6,64.7,81.0,187.9,Australia,NutritionData.self.com,2024
4739,Pasta,Dairy,,,69.51,,19.43,40.02,1157.3,646.9,33.09,15.37,119.8,76.6,109.0,23.4,China,OpenFoodFacts,2022
410,Zucchini (ZX),Grains,100.3,26.35,12.32,37.2,8.34,39.22,,348.4,70.32,2.97,309.1,5.0,7.0,267.5,Germany,OpenFoodFacts,2024
3635,Almonds (HS),Grains,102.5,14.53,52.92,35.36,19.01,8.05,680.3,979.7,98.33,18.57,154.1,28.5,91.0,101.2,Canada,OpenFoodFacts,2021
1352,Corn,Fruits,529.2,25.96,0.35,90.66,13.63,,1909.9,325.2,151.56,,153.7,22.9,102.0,140.2,USA,Kaggle FoodDB,2018
4479,Brown Rice,Proteins,542.5,14.07,20.97,35.09,10.1,14.83,607.4,789.3,101.8,14.87,135.2,46.8,98.0,188.2,Australia,FAO,2018
208,Beef (Lean),Legumes,603.9,21.78,13.38,91.63,13.42,,1696.0,583.9,169.91,4.75,128.0,41.7,56.0,203.3,Brazil,OpenFoodFacts,2024
4885,SALMON,Oils,116.7,,33.59,72.46,15.42,8.5,1177.2,878.3,87.26,1.64,313.0,75.6,81.0,272.1,UK,NutritionData.self.com,2022
459,Pineapple,Grains,69.5,48.83,,81.55,7.72,9.75,1873.4,405.6,,6.33,318.7,62.1,27.0,187.2,Germany,FAO,2021
3701,Spinach,Oils,558.1,46.4,75.68,43.17,,15.98,1558.8,561.8,111.89,14.96,284.6,37.9,89.0,10.6,Australia,Kaggle FoodDB,2023
2431,Tuna (Canned),PROTEINS,550.6,,78.88,110.83,10.63,,1274.2,293.4,182.93,12.26,298.7,39.5,50.0,55.1,India,Kaggle FoodDB,2018.
3900,Garlic,Nuts & Seeds,763.3,47.17,9.83,57.24,19.76,41.64,134.7,587.2,139.5,7.69,232.4,58.4,85.0,27.0,India,FAO,2023
111,Peanut Butter (FS),fruits,275.0,48.51,21.03,91.85,,37.85,88.1,303.7,,9.67,51.4,28.1,97.0,187.0,Germany,Kaggle FoodDB,2020
3993,Beef (Lean),Proteins,682.2,17.09,15.15,107.79,3.91,6.21,1417.7,894.4,116.55,3.63,28.5,71.6,3.0,68.8,Mexico,NutritionData.self.com,2019
1108,Corn (MN),dairy ,687.2,4.19,42.59,95.84,10.43,16.84,907.8,320.2,53.18,,140.7,77.9,56.0,230.0,China,OpenFoodFacts,2021
4622,Pasta,Dairy,692.9,3.67,27.71,62.98,16.3,50.2,950.1,280.3,110.78,16.44,61.7,89.8,83.0,150.6,Brazil,USDA,2019
1884,Lamb (MZ),Vegetables,689.8,23.33,0.01,70.92,12.55,1.06,1928.7,675.7,175.79,15.81,219.5,83.7,47.0,174.4,India,USDA,2022
1714,Chicken Breast,Legumes,424.6,41.2,32.71,109.94,0.94,28.35,1549.8,142.4,103.09,17.75,179.9,54.6,1.0,203.5,Nigeria,FAO,2020
1288,Celery,Nuts & Seeds,328.6,21.66,27.38,74.71,7.9,34.72,1697.5,132.4,102.54,5.8,249.2,79.0,26.0,267.8,Australia,FAO,2018
3626,White Rice,Dairy,251.7,30.26,32.63,87.92,13.6,6.04,1797.4,930.8,115.8,2.18,,38.2,57.0,264.0,Canada,NutritionData.self.com,2022
3442,Almonds,Fruits,,10.42,59.82,18.46,16.54,50.49,,282.8,7.63,,322.3,74.5,93.0,190.1,UK,NutritionData.self.com,2022
553,Almonds,Dairy,505.7,47.15,46.06,12.23,0.9,53.93,1079.2,655.3,96.29,0.89,399.7,43.2,53.0,31.1,India,Kaggle FoodDB,2022
1440,Garlic,oils,,26.52,62.86,47.14,3.8,42.05,788.6,94.5,89.13,12.5,428.8,39.3,49.0,242.7,Nigeria,NutritionData.self.com,2018
2271,Egg,Vegtables,111.7,16.1,73.92,59.09,18.8,12.86,1138.0,52.5,175.86,14.77,283.6,87.7,107.0,25.7,Australia,USDA,2024
3873,Broccoli  ,legumes,158.0,33.61,,83.88,15.85,35.91,1153.1,945.5,198.56,0.32,464.6,90.1,100.0,90.7,Nigeria,USDA,2022
3145,Milk (Whole) (ZO),Vegetables,256.6,47.55,8.98,,17.38,47.04,1194.7,873.5,59.39,4.79,448.3,13.4,58.0,177.0,UK,NutritionData.self.com,2021.
2822,Salmon (BH),Proteins,221.2,19.12,44.08,28.19,13.8,36.97,273.6,554.4,128.67,,386.6,33.4,34.0,107.4,Mexico,FAO,2020
4929,Strawberry  ,Nuts & Seeds,674.6,41.78,10.21,109.06,11.17,26.23,1261.3,540.2,113.61,13.84,301.1,82.4,109.0,107.3,Brazil,OpenFoodFacts,2018
1926,Kale (WQ),seafood,101.8,2.07,69.67,110.97,5.84,8.03,1093.6,509.0,174.82,,170.9,6.1,39.0,48.4,USA,USDA,2021
635,Watermelon,Dairy,114.3,9.29,29.12,48.87,2.69,32.55,1101.4,306.3,22.25,2.23,383.8,79.6,47.0,203.2,UK,FAO,2023
4953,Orange,Nuts & Seeds,373.7,19.42,62.71,72.47,4.02,21.08,946.1,269.1,74.47,5.01,203.0,87.9,109.0,290.0,Brazil,Kaggle FoodDB,2022
317,Avocado,Dairy,379.9,,38.23,2.6,15.63,7.62,514.0,879.6,121.01,15.49,88.7,54.4,33.0,11.0,Canada,USDA,2019.
4349,CUCUMBER,Proteins,746.8,,14.91,81.29,13.5,36.05,1042.7,848.7,16.74,,124.4,61.8,8.0,241.4,Mexico,OpenFoodFacts,2020
4846,TUNA (CANNED),Fruits,365.2,20.4,62.93,5.3,7.06,19.86,1612.2,1125.4,198.03,3.57,263.3,36.6,76.0,225.0,UK,USDA,2023
1329,Pineapple,Legumes,599.7,23.39,66.95,84.82,10.24,13.16,1182.1,786.7,,12.63,440.4,18.1,N/A,136.5,USA,OpenFoodFacts,2023
428,Pork Loin,oils,801.2,12.16,67.09,8.27,0.84,3.32,1591.1,286.3,6.5,3.07,208.9,48.6,84.0,78.7,Australia,OpenFoodFacts,2023
3937,Lentils,Proteins,387.1,4.49,,86.51,,29.08,773.0,590.2,45.37,0.57,403.4,77.0,4.0,70.9,Nigeria,USDA,2023.
106,Milk (Whole),Proteins,239.4,5.42,,105.94,2.62,57.08,471.7,573.2,,9.1,385.1,30.1,27.0,12.4,China,Kaggle FoodDB,2021
3042,Watermelon (QR),Fruits,,13.49,51.29,105.8,4.05,42.73,147.1,68.1,99.17,2.83,491.6,62.6,84.0,56.4,China,NutritionData.self.com,2019
143,Olive Oil (KR),Seafood,457.6,29.13,73.97,85.38,9.86,36.04,649.2,67.6,192.01,,202.0,21.9,95.0,66.0,Germany,Kaggle FoodDB,2021
2170,Peanut Butter (KK)  ,Grains,306.1,12.16,28.98,32.5,10.72,32.38,1632.4,121.6,90.55,8.04,236.7,94.4,108.0,178.6,Canada,USDA,2019
4083,MILK (WHOLE),Nuts & Seeds,570.3,16.61,77.77,25.85,0.7,51.07,1133.9,188.4,88.27,7.1,364.6,81.7,95.0,129.2,UK,USDA,2023
90,Celery (VZ),Seafood,435.5,6.05,18.16,41.13,,32.24,401.2,727.3,144.81,17.82,432.3,81.7,5.0,101.6,UK,NutritionData.self.com,2023
2919,Pineapple,Oils,391.9,5.78,4.48,32.31,8.55,44.76,734.8,30.0,62.89,,103.9,41.0,2.0,57.9,Germany,FAO,2018
3238,Celery (AY),Nuts & Seeds,864.7,39.66,55.49,19.96,14.43,6.99,262.9,260.2,176.23,4.56,35.3,88.5,65.0,254.0,Germany,FAO,2022
2242,Green Beans,Fruits,50.5,45.29,4.24,64.26,5.53,53.96,950.4,150.4,22.73,7.82,423.1,0.3,32.0,62.3,Australia,NutritionData.self.com,2019
3175,Almonds,Dairy,82.0,31.94,17.55,105.78,,14.1,1561.7,684.1,178.64,,,26.4,N/A,146.3,Nigeria,Kaggle FoodDB,2019
3639,Bell Pepper,Fruits,,30.36,49.03,99.26,4.85,49.71,112.8,425.5,137.15,19.23,403.0,88.8,22.0,298.5,Brazil,FAO,2018
2164,Avocado (IS),Dairy,760.5,35.0,18.49,109.82,10.44,16.02,1049.5,421.3,13.4,,163.4,21.9,27.0,64.6,UK,USDA,2019
2637,Quinoa,Seafood,870.1,,57.75,1.96,14.92,2.85,1034.8,433.5,66.54,7.37,431.8,37.6,108.0,282.4,UK,NutritionData.self.com,2024
1950,Pineapple,Nuts & Seeds,401.9,1.1,57.75,41.88,13.29,,1117.4,700.0,124.82,3.98,305.0,75.8,31.0,48.7,USA,OpenFoodFacts,2018
1769,CUCUMBER,Nuts & Seeds,350.8,-1.0,0.82,91.16,8.09,33.85,1416.8,1143.4,187.59,3.03,28.2,53.0,N/A,11.8,Canada,USDA,2024
3867,Spinach,Fruits,383.6,20.96,63.9,28.26,2.7,23.74,,1166.0,7.53,15.29,428.5,5.5,N/A,104.1,Nigeria,OpenFoodFacts,2021
2273,Chicken Breast,Legumes,449.1,,74.4,62.78,12.31,,1935.7,1036.0,94.07,11.46,389.4,48.8,17.0,37.2,India,USDA,2020.
2,Corn,Proteins,856.6,23.72,26.63,89.61,3.69,3.65,918.6,46.7,18.96,16.33,247.3,1.4,67.0,220.6,Brazil,USDA,2021
3500,Oats,Oils,668.9,15.87,56.72,15.64,9.54,6.16,,903.9,28.49,1.34,329.5,47.3,98.0,83.9,UK,NutritionData.self.com,2022
4809,Greek Yogurt,Vegetables,237.3,49.32,53.76,73.0,7.1,56.99,1809.4,324.2,163.56,2.52,429.0,17.3,64.0,106.9,Australia,OpenFoodFacts,2023
1952,LAMB,Proteins,214.1,23.74,10.53,9.98,17.14,41.82,246.6,1171.2,116.99,7.2,306.8,39.0,70.0,269.6,Nigeria,NutritionData.self.com,2024
936,Celery (IT)  ,Grains,259.6,36.66,,3.77,2.1,28.92,,997.9,195.25,3.89,349.5,1.2,18.0,251.7,Canada,OpenFoodFacts,2024
4431,Mango,Grains,616.2,41.16,79.67,112.6,,8.82,120.4,704.7,,9.77,249.4,33.3,94.0,210.4,UK,USDA,2021
2721,Almonds,Grains,810.7,27.75,44.82,108.05,11.75,31.69,1014.0,509.8,171.19,14.79,,59.1,52.0,173.8,USA,OpenFoodFacts,2020
3717,Mushroom (RC),Vegetables,319.2,26.32,,64.26,15.67,42.34,1564.4,615.6,17.71,18.71,31.8,81.8,35.0,204.4,USA,OpenFoodFacts,2018
1110,Green Beans,Legumes,155.4,47.19,52.46,19.02,10.7,42.7,1669.8,904.9,,0.72,159.5,6.7,69.0,59.6,Brazil,USDA,2023
3823,Blueberries,Dairy,,6.45,77.9,53.27,17.67,14.05,,974.7,109.17,15.19,328.3,25.7,67.0,31.4,Mexico,FAO,2019
592,Pineapple (CO),Legumes,584.0,,50.07,73.23,17.22,46.89,467.5,472.0,40.24,14.0,356.7,12.1,103.0,262.4,Germany,OpenFoodFacts,2024
1696,Cheddar Cheese,Grainss,80.0,37.07,26.79,79.66,19.42,6.12,956.2,146.6,94.8,12.9,418.1,23.7,52.0,90.1,India,Kaggle FoodDB,2024
4924,Milk (Whole),Grains,795.2,30.74,42.81,88.01,19.85,53.48,250.5,9.5,50.07,14.88,305.0,58.9,101.0,299.2,Germany,USDA,2020.
2937,Lentils,Grains,707.0,25.54,44.64,78.78,2.63,54.68,1029.2,676.9,5.99,2.24,45.6,16.3,53.0,16.7,USA,OpenFoodFacts,2019.
4336,White Rice,Seafood,,10.64,76.93,,,21.55,1250.2,798.2,12.04,3.89,150.2,47.4,82.0,258.2,India,OpenFoodFacts,2020
4773,Sweet Potato (ZC),Seafood,226.6,8.86,37.77,2.93,10.31,22.44,,171.3,,,456.2,69.7,18.0,10.1,USA,OpenFoodFacts,2019
1577,CORN,oils,40.8,,51.77,87.72,,54.85,,378.3,132.45,18.89,142.1,89.9,78.0,210.0,USA,USDA,2018
1112,Peas,Proteins,217.5,,16.76,27.59,0.31,55.6,1723.3,1096.5,52.05,5.66,230.8,31.4,15.0,180.3,Brazil,USDA,2018
214,Blueberries (KU)  ,Legumes,217.4,37.83,45.63,6.98,6.91,38.0,1139.0,226.8,47.63,12.13,432.6,93.7,58.0,262.3,UK,USDA,2020.
779,Onion (QP),Dairy,,41.17,63.53,3.98,14.23,39.48,1765.9,912.7,160.76,6.15,493.9,64.7,24.0,271.3,Australia,USDA,2024
1416,Strawberry,Vegetables,844.2,,24.43,48.29,7.22,,1009.0,418.4,119.36,14.89,,98.9,62.0,263.5,Mexico,NutritionData.self.com,2023
3497,Banana (IE)  ,Proteins,779.4,49.71,74.22,118.75,14.29,13.49,,464.8,3.8,,144.0,2.5,99.0,21.2,Australia,FAO,2021
4416,Almonds,Vegetables,450.9,3.64,50.26,50.7,5.52,34.33,733.9,558.8,20.95,17.39,212.9,32.9,14.0,232.1,India,NutritionData.self.com,2021.
2044,Blueberries,Oils,121.0,7.62,36.26,86.24,8.58,40.26,823.6,1054.3,27.16,15.16,89.0,97.6,34.0,246.5,Canada,USDA,2019
2849,Strawberry,Dairy,516.4,6.01,6.71,42.69,8.27,42.59,646.8,747.3,130.63,4.37,350.0,40.8,89.0,39.7,Canada,NutritionData.self.com,2024
4677,Bell Pepper,Oils,61.5,47.41,14.85,83.51,9.69,11.93,976.1,539.1,23.5,,305.4,10.8,108.0,154.8,Nigeria,Kaggle FoodDB,2019
4395,Watermelon (UP),Nuts & Seeds,852.5,18.96,40.33,119.51,5.43,5.94,458.5,754.7,57.84,14.01,96.0,28.5,82.0,264.5,Germany,USDA,2024.
4064,Watermelon,Proteins,242.7,19.7,37.9,53.75,14.64,11.88,219.1,706.9,148.52,,16.1,9.0,42.0,205.6,Canada,Kaggle FoodDB,2023
1568,Egg,Proteins,104.1,28.05,39.64,,4.27,24.87,1304.5,1070.2,140.72,4.55,390.2,72.2,93.0,266.6,Brazil,USDA,2024.
166,Strawberry,Dairy,755.1,49.23,10.05,,,49.45,,1025.5,199.75,14.48,485.1,66.2,19.0,172.9,USA,USDA,2019
4861,CHICKEN BREAST,Dairy,570.4,42.47,22.76,88.04,2.07,19.61,,530.1,82.26,8.01,265.8,96.1,102.0,137.6,UK,OpenFoodFacts,2022
4559,Chicken Breast,Oils,839.9,34.88,52.76,89.42,16.68,49.64,1496.6,1160.4,27.14,1.01,255.8,5.4,47.0,238.3,Germany,USDA,2018
3992,Strawberry,Oils,205.8,10.27,47.46,1.81,8.18,57.72,755.1,876.1,95.52,2.23,264.4,65.1,18.0,254.3,Brazil,USDA,2024
1344,Egg,Vegetables,659.9,41.24,69.73,89.64,11.72,12.49,1397.1,706.9,56.19,,256.7,0.0,108.0,31.6,India,Kaggle FoodDB,2023
2014,Chicken Breast,Vegetables,142.5,,67.81,,0.75,36.44,1233.1,372.1,62.12,15.36,124.0,46.0,93.0,263.7,Canada,NutritionData.self.com,2023
274,MILK (WHOLE),Grains,823.7,39.02,7.09,90.28,19.95,38.9,1808.1,659.4,136.12,2.64,117.9,47.0,63.0,79.2,Canada,NutritionData.self.com,2020
72,QUINOA,Oils,194.9,37.06,64.59,27.06,3.06,11.59,285.4,568.6,92.71,16.56,,68.6,71.0,81.9,Canada,Kaggle FoodDB,2019
4126,Zucchini,Dairy,,48.09,58.34,71.5,,56.32,834.7,26.6,197.99,2.85,322.6,42.7,104.0,171.2,Brazil,Kaggle FoodDB,2018
1088,Almonds,Oils,167.0,10.38,,104.52,17.4,48.29,721.6,15.1,8.3,16.93,110.5,36.2,1.0,292.7,Brazil,Kaggle FoodDB,2023
395,Milk (Whole),Legumes,319.9,35.93,4.1,110.43,,21.92,1238.9,854.1,167.6,0.1,,50.8,75.0,122.4,Nigeria,Kaggle FoodDB,2024
584,Kale,Oils,309.3,35.1,44.31,66.11,4.47,40.19,1935.7,1030.5,80.82,1.87,84.9,93.7,6.0,218.0,Mexico,Kaggle FoodDB,2021
1368,Watermelon (SL),Legumes,819.9,8.3,78.51,30.52,15.47,13.97,99999.0,709.1,73.92,,422.6,97.3,68.0,71.6,USA,NutritionData.self.com,2019
2194,Cucumber,Fruits,513.2,8.9,47.1,54.87,5.27,12.08,1194.1,426.7,166.77,,202.7,15.7,52.0,129.8,Mexico,FAO,2020
4785,Peanut Butter (GL)  ,Dairy,387.3,27.16,,66.32,,3.1,,750.9,149.54,7.76,,3.9,9.0,220.3,USA,NutritionData.self.com,2019
2549,Carrot,Oils,378.3,41.5,51.43,102.84,13.13,33.5,35.3,1167.9,50.89,0.92,366.9,25.2,21.0,87.9,UK,FAO,2021
1014,Brown Rice,Seafood,54.7,25.14,20.29,118.79,1.44,,470.1,930.0,199.23,1.59,432.6,11.0,103.0,126.7,China,NutritionData.self.com,2021
4083,Milk (Whole),Nuts & Seeds,570.3,16.61,77.77,25.85,0.7,51.07,1133.9,188.4,88.27,7.1,364.6,81.7,95.0,129.2,UK,USDA,2023
3004,Zucchini,Oils,569.9,46.14,29.49,86.01,10.32,41.95,456.6,262.7,178.09,12.32,113.0,56.5,36.0,118.8,India,USDA,2018
4936,Tomato,Vegtables,329.5,5.52,75.48,29.66,,24.02,600.5,586.0,131.36,18.05,361.4,30.7,81.0,88.4,UK,NutritionData.self.com,2022
1702,Onion  ,Legumes,400.6,37.3,39.64,6.67,19.64,7.59,177.2,534.8,190.32,4.4,324.1,39.0,26.0,231.4,USA,FAO,2022
4314,Quinoa (SK),fruits,790.1,18.46,35.04,40.51,5.81,21.94,1258.5,1173.9,77.96,1.4,365.9,98.4,9.0,232.5,UK,OpenFoodFacts,2024
1764,Carrot,fruits,449.7,14.33,19.9,63.4,7.1,52.73,1825.0,160.3,67.84,3.18,356.6,11.4,7.0,297.3,UK,Kaggle FoodDB,2018
1876,MILK (WHOLE) (WF),Seafood,497.2,21.79,74.94,74.56,1.63,35.82,1822.5,158.2,186.87,16.1,156.4,84.5,53.0,267.6,Brazil,FAO,2024
1260,Orange,Proteins,532.1,10.85,21.97,86.31,19.58,24.03,143.8,880.6,80.77,17.89,58.2,26.7,95.0,295.2,Canada,NutritionData.self.com,2024
3345,PORK LOIN,Oils,437.1,48.41,45.24,60.62,15.73,38.51,658.2,350.9,6.97,,131.1,49.5,74.0,16.3,Brazil,FAO,2021.
4670,Pasta,Legumes,633.4,39.15,31.22,102.26,17.28,21.58,1826.2,225.7,186.45,9.23,257.8,73.5,107.0,61.9,Mexico,OpenFoodFacts,2024
2254,Spinach  ,Legumes,749.8,45.21,42.81,40.18,13.87,14.19,1451.0,1019.6,123.88,13.34,251.3,84.0,33.0,145.4,UK,USDA,2018
2782,Cottage Cheese,Nuts & Seeds,762.4,1.64,71.78,68.08,2.05,25.5,1282.6,844.9,14.18,,101.3,16.6,78.0,127.3,China,NutritionData.self.com,2021
3831,Greek Yogurt,Seafood,355.3,17.22,31.89,106.8,8.62,45.98,383.0,402.9,138.67,,22.3,52.3,90.0,79.1,Brazil,Kaggle FoodDB,2023
527,Peas,Grains,385.0,31.98,46.6,95.71,19.54,,619.9,900.5,127.45,0.36,466.2,46.5,67.0,284.7,China,NutritionData.self.com,2021
3648,Pineapple,Dairy,398.4,4.65,51.42,,2.38,31.85,1279.1,1014.5,153.05,12.36,396.9,93.5,50.0,84.1,China,Kaggle FoodDB,2018
2947,Cucumber (TG),Dairy,472.2,,42.23,48.84,12.68,43.84,,296.2,40.96,16.18,439.8,3.2,100.0,144.6,Canada,Kaggle FoodDB,2020
378,Cheddar Cheese,Legumes,40.5,17.17,,86.44,17.13,52.13,1579.0,577.3,144.07,15.71,418.3,67.2,94.0,38.7,Nigeria,USDA,2023
1560,Turkey Breast,Legumes,812.0,47.76,67.89,75.29,7.62,41.21,921.8,873.5,129.14,17.21,402.7,73.7,77.0,224.9,Australia,OpenFoodFacts,2023
4072,Lentils,dairy ,615.3,37.61,14.39,53.5,1.78,,,100.1,103.4,8.01,,67.0,74.0,225.7,Canada,Kaggle FoodDB,2021
1964,Strawberry (LG),Proteins,357.8,32.14,15.7,79.42,12.61,24.37,932.1,754.9,153.37,9.22,197.4,44.3,81.0,121.1,Canada,FAO,2022
4880,Pork Loin,fruits,745.1,27.78,2.74,7.56,0.12,0.5,,1120.7,,5.61,114.5,82.9,18.0,31.4,Mexico,OpenFoodFacts,2019
349,Milk (Whole) (IA),Dairy,349.7,22.55,,27.32,18.94,13.75,1060.0,21.6,49.93,5.28,,82.0,72.0,297.5,Mexico,USDA,2023
2435,Tuna (Canned)  ,oils,,1.25,20.17,,1.06,3.54,554.5,606.1,36.86,18.69,155.0,32.8,73.0,52.3,China,OpenFoodFacts,2023
2247,Blueberries,Seafood,,33.46,2.65,1.17,11.66,59.96,1825.8,772.1,115.6,18.74,137.9,4.6,21.0,35.5,Canada,FAO,2019
4297,Pasta,Fruits,146.3,43.8,65.09,,11.02,24.87,1018.5,586.4,98.64,4.95,,51.6,56.0,287.2,Germany,USDA,2024
1710,Black Beans (DR)  ,Seafood,592.2,45.17,47.92,57.75,17.3,40.13,679.2,440.2,96.06,2.93,11.6,9.7,98.0,253.9,Mexico,FAO,2020
1051,Mango,Grains,789.7,25.72,1.85,90.91,,1.42,,1070.0,166.49,6.32,174.3,44.8,43.0,232.7,Nigeria,USDA,2020
591,Bell Pepper,Legumes,142.2,15.65,62.14,78.82,10.71,54.7,306.5,120.9,9.89,14.87,90.3,8.7,71.0,132.0,USA,FAO,2018
520,Lamb,Legumes,152.4,32.23,56.47,73.09,9.94,48.09,3.9,948.8,146.39,13.54,425.2,45.0,34.0,18.7,USA,USDA,2023
3381,Cucumber  ,Vegetables,344.1,25.79,6.7,7.01,16.97,59.47,393.7,867.7,1.32,,178.3,11.3,1.0,270.4,UK,NutritionData.self.com,2023
4633,Zucchini,Seafood,-999.0,5.38,15.26,109.34,7.69,46.37,1985.5,1113.1,175.48,5.18,6.1,60.5,102.0,101.3,China,Kaggle FoodDB,2019
4253,STRAWBERRY (HT),Oils,318.6,12.5,38.4,38.36,7.71,2.09,499.8,183.9,28.02,4.78,319.8,31.9,73.0,163.8,India,Kaggle FoodDB,2018
2478,Onion (UO),fruits,715.6,0.74,29.95,106.74,,11.6,824.8,591.4,52.25,1.65,410.9,1.9,83.0,91.0,Mexico,Kaggle FoodDB,2023
1084,Mango,Seafood,793.6,12.99,49.44,,18.5,53.52,,116.9,15.06,13.02,495.7,61.5,6.0,62.4,Mexico,Kaggle FoodDB,2022
3826,Bread (Whole Wheat) (AM),Seafood,94.5,15.16,19.32,74.16,16.55,,383.4,736.3,,6.36,254.3,51.6,23.0,44.6,Nigeria,FAO,2023
4926,Cottage Cheese,nuts & seeds,246.2,4.68,21.25,71.2,11.0,,1603.4,130.9,160.58,1.02,418.5,7.5,27.0,145.4,USA,USDA,2021
4649,Olive Oil,Nuts & Seeds,,29.53,65.79,70.08,12.49,29.42,1753.9,714.9,117.69,3.58,91.5,57.8,50.0,244.5,Nigeria,FAO,2021
1295,Tuna (Canned),Vegetables,724.5,43.42,3.39,31.03,16.14,33.75,,573.3,177.04,12.12,272.6,65.4,107.0,299.2,Brazil,FAO,2023
1810,Chicken Breast  ,PROTEINS,106.6,15.89,8.43,8.48,4.4,37.24,,343.9,66.39,4.07,143.6,46.9,55.0,278.5,China,OpenFoodFacts,2023
792,Broccoli (NO),PROTEINS,535.9,,27.11,55.03,15.64,29.87,1638.0,478.4,29.25,17.0,173.5,82.7,100.0,123.7,Canada,Kaggle FoodDB,2019
793,Bell Pepper,Grains,465.2,48.28,65.55,23.98,12.32,21.97,1004.0,378.9,151.12,8.56,262.0,21.1,66.0,73.9,USA,OpenFoodFacts,2021.
4244,Strawberry,Nuts & Seeds,,35.23,34.67,75.51,4.66,35.63,572.0,904.0,146.63,7.52,124.9,54.3,64.0,273.8,Nigeria,OpenFoodFacts,2023
1856,Orange,Proteins,242.0,16.42,9.6,119.27,17.92,21.42,182.7,618.2,,1.59,146.8,79.1,7.0,170.9,Canada,OpenFoodFacts,2020
4905,Celery (UF),Nuts & Seeds,834.9,45.88,57.24,10.52,17.85,49.63,1990.4,595.8,6.34,0.34,464.9,31.8,90.0,242.7,Brazil,NutritionData.self.com,2018.
1981,Blueberries,Dairy,,9.79,11.35,94.93,,1.31,1475.3,346.0,80.9,18.64,,61.5,84.0,235.3,Brazil,NutritionData.self.com,2022
3234,Sweet Potato  ,Grainss,70.8,29.56,1.97,38.3,7.4,19.82,1825.5,1181.4,179.0,19.05,450.5,88.5,34.0,264.6,China,Kaggle FoodDB,2024
934,Quinoa,Legumes,482.6,,62.01,3.07,14.35,36.46,64.6,662.7,,1.02,54.0,52.0,71.0,152.8,USA,FAO,2022
3612,Blueberries,Vegetables,145.8,45.56,71.09,24.93,12.92,48.36,,73.9,32.17,12.22,58.4,96.0,65.0,29.5,Australia,Kaggle FoodDB,2023
3329,Avocado,Dairy,143.5,43.23,26.09,12.51,12.62,20.52,1086.0,427.6,178.17,4.75,16.7,67.4,101.0,257.9,UK,NutritionData.self.com,2022
1531,Shrimp,Proteins,294.0,,77.71,90.02,,2.59,691.1,621.9,35.43,5.84,311.2,3.9,N/A,27.4,Germany,NutritionData.self.com,2024
1411,Pineapple,Legumes,201.1,,9.57,38.68,18.02,34.7,1683.6,573.3,18.32,5.5,459.8,82.0,N/A,70.4,Canada,Kaggle FoodDB,2022
3525,Bread (Whole Wheat),seafood,167.4,,44.66,37.61,1.92,6.95,1148.8,739.6,51.14,2.92,328.5,55.2,47.0,135.2,Mexico,USDA,2020
4429,COTTAGE CHEESE,Grains,177.5,21.68,43.73,44.28,14.5,10.95,1474.4,149.9,27.57,14.93,283.0,26.9,53.0,256.5,USA,Kaggle FoodDB,2020
4792,Tuna (Canned),Vegetables,859.0,25.92,29.07,61.31,4.29,18.16,1060.8,406.3,108.15,16.3,419.1,75.4,85.0,37.4,UK,FAO,2021
84,Orange (UC),Legumes,75.9,12.07,39.76,14.3,15.92,45.28,99999.0,927.8,,15.75,55.9,53.0,107.0,282.6,Mexico,USDA,2021.
869,Turkey Breast,Dairy,778.4,40.68,42.01,104.93,17.43,34.77,685.5,986.2,42.84,2.88,,96.1,50.0,128.7,Australia,NutritionData.self.com,2019
2351,Pork Loin,Vegetables,579.8,16.53,52.49,93.73,2.13,,1015.3,436.4,40.13,2.77,364.0,90.3,80.0,210.2,India,Kaggle FoodDB,2024
21,Garlic,Nuts & Seeds,558.4,33.38,14.16,32.69,6.55,4.55,1902.8,683.5,,18.16,178.1,16.1,45.0,145.7,Australia,FAO,2024
3651,SPINACH,Grains,697.1,9.93,35.96,40.31,17.88,35.4,857.8,432.1,46.33,8.71,52.9,42.0,10.0,274.5,Canada,USDA,2023
3880,Black Beans,Vegetables,223.6,10.79,76.08,10.09,12.38,31.43,,1116.5,171.0,11.76,295.1,3.3,80.0,64.6,USA,USDA,2020.
2796,Bread (Whole Wheat),Dairy,542.3,0.14,76.19,3.0,18.11,49.37,1903.6,1032.9,198.84,12.92,397.8,10.1,37.0,221.6,Nigeria,FAO,2022
3454,Lamb (LO),Vegetables,348.3,22.13,13.76,7.49,19.54,11.79,1676.0,506.5,197.22,17.16,491.5,35.2,10.0,40.8,India,USDA,2023
4712,Black Beans,Seafood,423.1,43.0,4.21,14.57,2.43,8.33,1482.5,393.4,51.25,8.1,28.9,89.2,13.0,281.8,UK,Kaggle FoodDB,2018
1563,Almonds,Legumes,706.9,9.27,69.58,89.62,8.49,,173.4,457.8,65.44,0.56,,71.7,95.0,171.1,Brazil,FAO,2023
4337,TURKEY BREAST,Seafood,547.5,31.67,46.28,,4.74,11.44,340.4,754.9,29.92,11.05,237.7,6.3,81.0,197.3,Australia,USDA,2021.
3094,Sweet Potato (WP),Grains,759.0,,8.5,42.34,18.03,7.32,549.6,719.0,85.18,7.16,88.3,44.8,102.0,275.3,USA,Kaggle FoodDB,2021
3156,Spinach,Fruits,-999.0,9.14,4.99,51.86,17.03,7.94,652.4,1090.7,199.28,6.54,257.0,72.8,51.0,220.9,USA,FAO,2023
974,Blueberries,Vegetables,9999.0,42.52,53.47,61.38,18.19,17.95,303.3,1043.1,170.72,10.99,34.1,44.3,93.0,71.0,Canada,OpenFoodFacts,2022.
1711,Onion  ,Nuts & Seeds,153.8,5.02,68.5,88.97,15.57,36.99,663.7,913.6,120.55,17.45,412.2,69.1,35.0,295.0,Nigeria,FAO,2024
3202,Peas,Oils,462.8,20.43,40.73,74.71,9.54,30.98,171.4,222.6,81.32,1.13,,36.0,94.0,193.9,Nigeria,USDA,2023
4166,Lamb (GZ),Seafood,362.1,41.04,37.82,94.09,1.74,22.02,400.5,714.1,82.65,9.52,280.9,43.6,64.0,157.8,Canada,Kaggle FoodDB,2019
4967,Strawberry,Vegetables,871.2,35.8,34.53,88.59,4.56,17.43,1436.5,1019.4,95.97,17.64,437.5,23.6,47.0,215.0,Germany,NutritionData.self.com,2021
1099,Avocado (ZN),Fruits,706.0,9.99,58.51,56.63,9.56,23.92,,473.4,,14.47,251.9,16.1,92.0,142.9,Canada,FAO,2022
4292,Tuna (Canned),Proteins,89.8,27.49,1.01,119.59,3.24,37.31,641.9,341.4,109.76,13.95,278.8,15.7,38.0,220.2,Canada,NutritionData.self.com,2024
2845,Brown Rice,Proteins,,41.05,35.98,118.85,17.75,8.89,1789.9,72.9,87.37,17.18,193.5,98.2,78.0,29.0,Nigeria,USDA,2019.
887,Avocado (SC),Proteins,594.4,28.34,4.44,82.51,18.44,17.76,1720.8,574.7,98.83,10.72,259.4,8.6,105.0,219.8,Nigeria,NutritionData.self.com,2023
684,Lamb,Fruits,608.4,,58.53,,10.87,17.25,,730.0,32.62,5.92,35.4,96.4,19.0,77.8,Germany,OpenFoodFacts,2022
4038,Beef (Lean),Grains,718.6,42.32,32.72,67.9,1.16,11.95,1133.0,97.3,77.71,0.26,346.4,40.2,N/A,185.3,Mexico,NutritionData.self.com,2018
3561,Tuna (Canned)  ,seafood,289.7,8.61,5.11,93.62,19.75,1.97,1254.1,421.2,52.91,,398.6,91.7,71.0,291.7,Brazil,Kaggle FoodDB,2018
4720,Tomato,Legumes,,35.95,27.48,24.92,0.2,31.1,,956.0,71.35,17.15,,88.0,9.0,32.5,Canada,OpenFoodFacts,2019
3801,Black Beans,Fruits,280.8,38.2,71.57,61.45,6.16,25.5,363.7,1113.2,72.36,5.93,125.7,90.3,44.0,133.4,UK,Kaggle FoodDB,2020
4538,Garlic (JX),Vegetables,561.6,38.75,19.16,90.15,12.61,18.73,1233.1,760.1,130.75,17.89,239.4,72.0,20.0,212.1,USA,USDA,2020
516,Pasta,Nuts & Seeds,,38.82,,,8.2,11.13,694.0,981.0,151.32,12.74,142.8,1.3,42.0,63.6,India,FAO,2023
4762,Strawberry,Grains,888.5,7.43,70.74,117.01,6.88,27.36,1320.7,374.3,154.7,19.42,342.8,69.9,40.0,234.2,Germany,NutritionData.self.com,2023
738,Blueberries,fruits,738.6,13.38,38.91,90.12,0.73,9.02,,557.9,43.47,6.47,,21.0,62.0,180.0,Mexico,NutritionData.self.com,2020
1454,Quinoa,Nuts & Seeds,,16.08,31.96,94.19,16.63,6.27,625.9,850.2,194.16,17.12,113.4,32.6,44.0,20.9,Nigeria,OpenFoodFacts,2022
3554,TUNA (CANNED),Fruits,464.8,20.72,17.32,58.82,,8.89,559.5,104.2,150.98,14.6,480.5,44.4,103.0,177.8,China,NutritionData.self.com,2021
3610,White Rice,Fruits,873.5,43.89,33.84,63.68,8.62,1.91,959.3,117.0,41.6,16.36,7.5,72.5,52.0,45.8,Australia,OpenFoodFacts,2018
2007,Peas,Grains,415.8,26.72,34.3,52.61,12.89,54.14,,782.2,190.7,12.93,113.3,46.2,26.0,123.6,Australia,OpenFoodFacts,2021
4847,PORK LOIN (XE),Vegetables,854.0,42.41,29.16,18.92,17.16,,1223.9,325.8,65.29,1.92,190.4,3.3,88.0,123.1,Canada,OpenFoodFacts,2024
2507,Mushroom,Oils,771.5,20.81,53.23,60.67,13.32,30.55,177.3,908.7,75.85,16.82,22.5,39.2,96.0,68.2,Canada,Kaggle FoodDB,2024
2995,Broccoli (HU),Oils,135.9,5.93,30.68,87.34,7.02,51.45,99999.0,910.9,76.07,4.92,145.0,42.4,21.0,142.6,India,FAO,2021
2127,Blueberries (FO),Oils,578.5,,21.55,17.69,4.65,33.92,436.3,1016.3,8.23,2.01,40.5,26.8,85.0,84.9,USA,Kaggle FoodDB,2018
2927,Salmon (FS),Oils,729.9,42.68,35.24,19.99,3.39,25.0,1770.5,497.9,165.12,17.7,270.9,8.1,N/A,253.9,China,NutritionData.self.com,2021
4893,Avocado,Fruits,556.6,40.61,7.43,82.83,,27.93,1820.5,831.4,153.07,3.92,211.1,12.3,69.0,234.8,UK,USDA,2021
907,Peas,Grains,739.4,22.4,37.9,112.07,15.69,49.39,419.2,8.4,94.95,13.85,137.0,22.9,108.0,36.0,Canada,Kaggle FoodDB,2018
3889,Blueberries,Dairy,574.2,15.62,16.37,112.86,12.0,53.28,659.6,372.0,55.47,2.7,301.0,8.5,93.0,188.5,Brazil,NutritionData.self.com,2020.
1031,Garlic,Legumes,52.6,31.19,21.83,,6.18,,623.2,1192.3,139.35,,181.3,93.3,6.0,166.4,China,Kaggle FoodDB,2021
2508,Apple,Nuts & Seeds,406.5,16.41,76.52,83.31,15.64,6.49,1519.5,411.1,108.75,,264.3,95.0,63.0,116.8,Canada,NutritionData.self.com,2018
2429,Corn (XG),Vegetables,296.3,33.22,21.39,118.79,9.99,46.17,1681.5,3.4,96.12,3.23,489.2,71.8,104.0,209.3,Mexico,FAO,2020
948,Watermelon (RA),Vegetables,812.0,0.45,74.33,,3.66,54.2,159.7,73.1,15.0,2.04,212.2,53.4,17.0,121.8,Canada,OpenFoodFacts,2023
4057,Oats (NZ),Seafood,740.2,42.97,39.36,80.84,10.86,33.92,655.3,1063.6,,14.01,457.2,35.4,8.0,79.6,China,OpenFoodFacts,2018
763,Watermelon,Legumes,238.7,47.04,56.4,66.21,9.39,21.62,1552.2,418.6,188.53,9.69,207.5,57.3,107.0,289.5,Brazil,NutritionData.self.com,2024
716,Green Beans,Grains,838.0,15.15,3.0,105.87,14.88,53.67,1559.5,263.7,29.68,19.26,402.6,41.5,104.0,264.4,Canada,Kaggle FoodDB,2020.
285,Greek Yogurt (HJ),fruits,,23.07,8.72,64.37,4.38,0.36,1637.3,1032.7,113.49,,244.3,28.1,8.0,159.8,Australia,Kaggle FoodDB,2022
687,Peas,Seafood,523.0,25.08,36.47,111.6,10.18,39.32,1871.8,559.3,120.22,6.72,482.4,80.1,85.0,297.9,UK,Kaggle FoodDB,2019
704,Carrot,Proteins,-999.0,12.69,78.56,3.42,18.13,31.96,399.3,283.1,185.29,0.94,260.0,67.0,8.0,11.2,Canada,USDA,2019
3342,Orange,fruits,529.3,,3.55,56.18,11.48,36.61,1157.3,1144.0,5.24,10.41,246.8,96.8,23.0,193.6,Mexico,USDA,2021
2354,Greek Yogurt,Seafood,788.9,27.27,,18.61,18.18,44.06,334.0,1024.0,78.46,3.01,350.3,24.0,42.0,144.1,UK,FAO,2022.
2258,Avocado,Grains,398.8,2.29,44.89,116.33,,2.43,281.8,700.6,167.83,19.74,273.2,76.0,18.0,283.3,China,USDA,2020
3785,Orange,Legumes,724.9,28.37,20.99,106.35,4.68,,,178.5,149.51,2.12,,18.9,31.0,95.7,China,FAO,2021
474,Garlic (BC),Seafood,804.2,,10.58,8.34,1.04,19.11,264.2,207.7,29.36,19.1,292.7,30.3,94.0,283.0,India,FAO,2024
22,Bell Pepper,Grains,142.8,21.83,2.28,99.85,6.4,12.12,872.1,787.8,,1.65,365.8,8.6,41.0,65.0,Germany,FAO,2024
2753,Mushroom,Grainss,9999.0,6.5,13.86,68.96,,48.81,1793.8,495.6,177.8,,287.7,37.8,88.0,191.4,Brazil,NutritionData.self.com,2020
886,Tomato,Vegetables,177.1,,55.56,24.53,0.8,39.84,1087.5,870.8,44.11,10.16,373.9,86.1,31.0,230.2,India,Kaggle FoodDB,2023
2449,Pineapple,Vegetables,,32.58,55.6,38.54,19.54,0.55,700.2,681.7,49.55,,440.9,49.4,6.0,27.6,USA,OpenFoodFacts,2024
918,Bell Pepper,Dairy,854.6,33.35,39.61,69.09,14.39,,766.3,183.4,36.75,15.99,353.7,76.2,42.0,149.7,Canada,USDA,2019
4006,SPINACH,nuts & seeds,256.0,17.09,73.3,53.38,8.62,41.21,1603.1,466.8,63.63,2.89,313.0,63.9,33.0,86.3,Germany,Kaggle FoodDB,2020
4000,Banana,Grains,9999.0,,60.03,,12.72,55.54,1569.0,968.3,120.57,12.8,329.1,28.4,90.0,44.6,Australia,OpenFoodFacts,2023
2240,Pork Loin,seafood,230.8,21.76,79.36,114.41,3.52,14.74,,334.8,189.85,,24.3,1.3,68.0,220.1,UK,OpenFoodFacts,2024.
4096,Pineapple,fruits,429.5,43.62,57.53,31.8,15.24,9.41,390.6,806.9,185.91,13.81,393.0,90.8,48.0,216.3,Australia,FAO,2024.
3396,Celery,Oils,896.6,35.23,14.13,72.39,5.48,5.22,1688.4,47.1,81.01,19.75,322.0,75.3,27.0,287.0,USA,OpenFoodFacts,2020.
1266,Avocado,Nuts & Seeds,83.8,25.09,71.59,93.86,13.98,16.71,1905.0,253.6,110.26,12.02,123.6,51.2,48.0,170.0,Brazil,FAO,2023
484,GREEN BEANS,Nuts & Seeds,572.3,36.38,19.58,86.72,9.67,41.57,1658.6,903.4,192.46,15.78,321.6,62.5,44.0,208.9,Nigeria,Kaggle FoodDB,2022
4473,Avocado (LN)  ,Seafood,203.3,,6.93,16.62,16.86,0.12,468.3,536.9,120.12,14.22,172.7,91.2,59.0,274.0,Canada,NutritionData.self.com,2022.
2964,Peas (NL),Legumes,881.1,,,43.08,15.75,1.69,861.8,1100.9,16.52,17.31,393.3,70.9,48.0,44.5,Mexico,USDA,2019
1220,Carrot,Vegetables,260.5,7.66,35.3,96.55,17.43,42.15,677.6,722.2,197.27,10.01,84.2,69.7,66.0,42.6,Australia,Kaggle FoodDB,2018
278,Turkey Breast,Proteins,592.0,16.7,66.41,78.07,6.72,44.42,1672.7,1103.8,75.66,3.74,392.4,69.5,16.0,251.8,Nigeria,NutritionData.self.com,2018
989,Shrimp,Dairy,236.8,33.33,69.6,89.3,13.38,59.32,828.0,565.6,52.93,16.57,443.1,62.1,96.0,146.1,Germany,NutritionData.self.com,2023
2085,Mushroom (VC),Dairy,494.1,,5.95,68.23,4.87,3.38,823.6,731.0,176.83,,301.7,91.0,18.0,115.8,India,NutritionData.self.com,2023
1246,TOFU (GJ),Proteins,571.1,30.38,61.86,52.83,18.98,24.64,1318.7,791.9,57.36,12.01,166.3,48.6,37.0,76.1,Nigeria,OpenFoodFacts,2019
2383,Mushroom,Legumes,826.6,49.36,,26.52,3.5,30.57,1381.3,534.4,14.05,0.62,79.2,22.9,55.0,27.9,Australia,Kaggle FoodDB,2023
572,Mango,nuts & seeds,709.6,,67.63,68.47,3.23,,1431.9,33.6,119.16,17.26,181.9,71.4,54.0,135.5,UK,NutritionData.self.com,2022
1436,Salmon,Oils,46.4,28.15,40.62,79.34,5.35,36.47,430.2,899.3,152.09,8.82,4.9,63.8,36.0,178.1,Nigeria,USDA,2018
994,Watermelon,Oils,539.4,25.0,38.42,68.6,,49.92,1762.9,661.0,85.34,14.28,,34.8,57.0,274.8,Canada,OpenFoodFacts,2022
3680,Pineapple,Dairy,365.0,7.28,25.22,95.74,0.85,10.45,,632.2,46.22,3.13,242.6,9.3,34.0,35.3,Canada,OpenFoodFacts,2020
3675,Zucchini (DR),Proteins,555.3,-1.0,77.78,25.96,10.21,59.15,987.7,273.4,95.97,12.31,223.5,92.6,36.0,247.4,Germany,OpenFoodFacts,2021
586,Pork Loin,legumes,231.3,2.85,25.74,34.66,17.7,54.16,962.6,947.0,,3.7,246.3,88.4,22.0,282.4,UK,Kaggle FoodDB,2021
3527,GARLIC (GQ),Grains,876.3,22.26,66.49,27.46,11.76,11.93,1134.3,615.8,158.75,3.61,265.3,24.6,42.0,249.0,Germany,Kaggle FoodDB,2023
4465,Cheddar Cheese,Fruits,614.4,40.68,78.83,102.3,7.74,2.49,,504.2,,3.42,128.7,2.4,95.0,187.5,China,FAO,2019
2515,Corn,Vegtables,571.4,30.51,,80.37,9.59,2.93,1428.1,514.6,199.11,8.17,289.6,82.8,35.0,18.6,Nigeria,FAO,2021
1350,Lamb,Oils,55.3,35.52,69.01,14.85,11.15,3.11,1472.7,692.9,156.28,15.27,230.3,74.7,30.0,63.7,UK,Kaggle FoodDB,2022
1008,Oats,Nuts & Seeds,767.3,3.74,70.15,7.34,1.5,39.63,495.4,1024.0,140.68,,275.1,73.9,103.0,96.8,Mexico,OpenFoodFacts,2020
675,Tomato,Dairy,381.1,,1.12,109.33,16.96,47.46,492.8,222.4,131.9,18.89,86.3,41.3,8.0,271.6,USA,FAO,2019
2413,Salmon,Nuts & Seeds,447.3,12.78,17.12,19.51,17.79,36.59,833.6,1166.1,25.36,16.46,47.7,65.9,57.0,217.9,India,NutritionData.self.com,2018
2904,PEAS,Proteins,386.6,40.18,67.82,2.52,19.38,53.7,426.2,300.2,121.62,1.15,334.4,65.2,105.0,99.1,Australia,NutritionData.self.com,2018
448,Carrot,PROTEINS,683.0,31.05,,37.37,2.94,42.49,811.3,312.8,14.38,3.2,307.0,40.8,46.0,159.3,Canada,USDA,2022.
4198,Olive Oil (MP),Seafood,270.4,48.0,61.15,39.12,10.63,12.73,1820.1,167.3,104.54,1.63,5.7,76.9,82.0,205.9,Germany,Kaggle FoodDB,2021
4007,Mushroom (JA)  ,Grains,337.7,15.13,31.07,87.14,12.27,29.46,1628.4,124.6,63.74,,164.3,10.9,38.0,138.5,India,OpenFoodFacts,2018.
3947,Milk (Whole),Fruits,602.3,39.1,6.25,6.82,,33.56,519.8,68.1,144.65,13.81,121.1,51.0,2.0,193.7,Germany,USDA,2020
360,Strawberry,Oils,526.4,24.97,50.7,38.29,5.05,,424.4,140.4,38.11,3.48,204.4,11.5,13.0,211.3,Brazil,USDA,2019
2065,Carrot,Proteins,65.7,6.64,74.44,97.49,14.36,18.2,113.4,1008.3,39.18,,137.6,42.2,88.0,27.0,Brazil,Kaggle FoodDB,2020
4589,Spinach,oils,611.1,,47.28,68.64,11.13,23.23,396.6,667.9,69.07,9.77,78.2,27.5,73.0,198.2,Australia,NutritionData.self.com,2022.
4061,Carrot  ,Grains,278.8,46.13,61.64,75.61,14.78,27.4,422.9,165.4,,14.11,385.3,74.7,49.0,221.4,Nigeria,OpenFoodFacts,2022
1691,Greek Yogurt,Legumes,173.9,39.53,22.37,86.1,18.59,34.7,534.2,219.7,41.99,4.32,458.3,95.9,62.0,25.4,India,NutritionData.self.com,2022
4462,Green Beans (TG),Vegetables,477.3,1.08,61.87,92.75,12.58,6.76,1729.1,293.4,,2.11,402.7,78.8,32.0,52.8,Brazil,OpenFoodFacts,2021
1549,Sweet Potato (UB),Seafood,58.2,7.31,43.86,58.93,10.88,49.89,1729.2,243.4,178.17,10.3,101.1,51.4,105.0,11.3,Brazil,USDA,2021.
1248,Beef (Lean) (GA)  ,Oils,48.6,39.89,28.09,80.71,3.62,41.72,343.2,372.9,89.51,15.84,386.3,8.3,93.0,258.5,Canada,FAO,2022
1986,Beef (Lean),oils,90.9,15.23,47.14,0.9,18.41,50.74,1339.4,306.4,44.06,2.87,419.8,41.9,26.0,58.6,USA,OpenFoodFacts,2018
295,Cottage Cheese,Legumes,131.8,38.75,38.72,39.1,6.52,12.35,1793.6,1087.9,40.04,18.19,441.9,65.1,68.0,77.6,Mexico,NutritionData.self.com,2018
1548,Salmon (VR),Legumes,504.2,25.19,75.6,6.55,16.36,46.16,1753.9,904.9,9.2,17.12,281.2,47.4,14.0,213.5,Germany,OpenFoodFacts,2022
2013,Onion,Seafood,817.7,14.06,70.87,73.12,11.47,29.21,98.3,276.0,65.72,0.81,79.2,0.2,32.0,141.1,Nigeria,FAO,2021
589,Salmon,Seafood,132.7,,64.21,13.35,17.21,5.45,1622.9,874.7,169.49,,264.9,15.7,96.0,224.1,Germany,USDA,2019
3330,Avocado (IR),seafood,610.6,23.28,76.87,81.46,8.36,,1105.4,1099.2,146.77,10.37,451.1,17.0,81.0,138.9,UK,NutritionData.self.com,2021
2404,Cottage Cheese,Legumes,293.9,20.29,21.5,91.61,,10.57,226.0,753.5,37.86,,188.2,11.1,107.0,112.1,Mexico,FAO,2023
2130,Sweet Potato,dairy ,396.2,47.26,37.08,96.99,7.96,39.69,347.7,1156.8,53.11,17.82,258.6,23.8,65.0,87.2,India,NutritionData.self.com,2019
4525,Watermelon (JF),Proteins,732.9,3.83,39.68,88.55,18.94,12.67,1777.7,1144.7,,9.16,457.9,30.3,102.0,164.5,Australia,Kaggle FoodDB,2021
3509,Blueberries,Proteins,765.7,45.81,26.61,10.59,11.23,5.44,1041.1,112.3,178.53,9.02,427.9,78.0,52.0,247.9,India,USDA,2023
2411,Broccoli,Legumes,625.7,21.27,52.39,29.26,15.82,34.36,1951.6,558.1,135.29,6.02,297.0,62.4,77.0,163.6,UK,FAO,2022.
2720,Pasta (SS),Dairy,40.8,49.28,4.67,73.06,,6.97,1212.8,579.9,20.66,19.09,,91.2,54.0,250.9,Mexico,FAO,2019
4694,Mushroom,Nuts & Seeds,478.1,42.34,52.6,49.1,2.18,43.28,1600.8,841.1,155.87,3.67,423.2,75.2,45.0,20.0,Mexico,Kaggle FoodDB,2024
426,Brown Rice,Legumes,503.6,28.87,67.24,67.82,10.72,8.25,,832.7,21.42,3.11,26.1,51.9,22.0,282.6,USA,USDA,2018
2583,Cottage Cheese (SC),Oils,462.7,0.16,60.53,12.67,1.81,11.73,320.7,341.9,193.44,14.6,206.8,2.9,5.0,297.3,Australia,OpenFoodFacts,2024.
1055,Bread (Whole Wheat),Nuts & Seeds,898.2,42.43,79.06,,11.52,15.39,311.1,595.5,,11.79,351.8,45.2,22.0,140.4,Australia,Kaggle FoodDB,2021
4696,Garlic (IV),Oils,794.3,27.65,24.2,24.45,2.86,34.96,,702.4,,19.3,,43.7,87.0,44.8,India,USDA,2023
4702,White Rice (TH),Oils,84.6,10.83,0.96,,19.99,37.39,827.4,183.0,180.02,6.43,55.5,0.8,80.0,287.0,Australia,OpenFoodFacts,2024
557,Sweet Potato (RE),Proteins,137.9,,8.39,,8.08,26.8,1474.9,595.8,22.99,16.37,383.5,61.2,95.0,30.5,USA,USDA,2019
4495,Pasta (NK),Seafood,666.8,32.39,57.25,48.42,3.75,11.88,1928.2,662.1,12.68,7.04,90.4,39.1,85.0,82.9,Germany,USDA,2020
2055,Egg,Oils,,24.57,59.96,61.6,11.72,44.91,869.5,990.4,46.61,2.86,466.4,83.2,22.0,106.3,Australia,USDA,2024.
4859,White Rice,Dairy,827.5,16.67,47.03,114.57,9.75,42.21,1097.9,952.4,34.63,10.1,246.7,89.3,34.0,147.6,China,NutritionData.self.com,2018
2470,LAMB (UA),Proteins,497.9,16.77,48.43,44.05,12.96,21.97,571.4,354.3,26.0,6.32,127.7,93.7,69.0,237.1,Australia,USDA,2024
4857,Lamb (WY),Nuts & Seeds,148.5,4.02,40.32,0.97,16.3,19.57,1333.8,391.6,48.66,3.74,374.8,77.3,87.0,100.9,USA,OpenFoodFacts,2019
356,Cottage Cheese (GO),Vegtables,585.3,20.34,5.79,91.82,17.13,4.14,1983.4,160.6,96.28,3.22,379.0,46.7,17.0,155.0,Australia,OpenFoodFacts,2018
1194,Lamb,Fruits,566.4,46.88,,75.35,11.23,43.92,1643.1,554.9,199.61,0.45,222.7,34.6,40.0,95.8,Germany,Kaggle FoodDB,2023
1717,Onion,Oils,,4.56,6.08,31.49,5.72,8.45,840.3,1043.3,40.03,9.5,151.5,38.2,80.0,80.4,Nigeria,FAO,2021
3417,Spinach,Oils,295.2,38.79,6.21,26.07,17.08,17.83,1007.8,783.0,114.64,0.39,295.0,58.9,54.0,88.6,Germany,NutritionData.self.com,2020
2605,Carrot,legumes,,16.08,65.65,2.25,,54.7,1728.3,30.7,21.78,17.34,34.9,78.2,106.0,21.8,USA,Kaggle FoodDB,2021
4259,Celery (DJ),fruits,332.2,38.77,12.13,18.11,19.0,13.29,822.3,548.2,77.93,7.11,413.9,63.8,107.0,256.1,India,NutritionData.self.com,2022
2829,Banana (JK),Seafood,397.3,28.08,30.04,43.0,4.93,4.47,512.1,31.1,117.57,12.96,230.2,18.6,93.0,247.2,Germany,Kaggle FoodDB,2022
1705,Tofu,Fruits,406.8,23.02,11.87,88.73,15.49,1.14,1042.0,652.2,18.57,6.3,283.5,38.6,6.0,292.1,USA,FAO,2024
2864,Black Beans,Dairy,531.8,31.4,32.06,18.25,6.06,36.87,268.9,662.9,125.2,19.39,366.8,57.6,6.0,236.6,India,NutritionData.self.com,2018
4704,Salmon (WT),Legumes,543.9,,45.89,74.3,15.04,50.28,1657.1,159.7,152.24,4.73,474.8,93.6,18.0,84.2,China,USDA,2018
2619,BROWN RICE,Grains,9999.0,48.56,12.45,114.08,13.33,2.15,481.2,676.0,,10.37,294.5,91.0,60.0,80.7,Australia,FAO,2021
2401,Mango,Fruits,,3.37,59.5,84.48,3.04,54.47,958.6,410.6,124.54,,474.0,88.1,66.0,190.2,Nigeria,Kaggle FoodDB,2019
2140,Celery,Proteins,775.2,-1.0,68.18,86.52,18.39,22.6,682.7,906.0,89.52,13.57,138.0,84.2,37.0,81.6,India,OpenFoodFacts,2019
3240,Cheddar Cheese (JJ),Seafood,510.1,7.72,76.98,37.79,15.86,22.09,1164.3,606.7,,13.9,49.8,51.6,105.0,277.4,Brazil,FAO,2023
2384,Tuna (Canned),Fruits,399.3,28.1,39.16,,,14.21,914.4,758.7,88.66,,190.9,42.6,58.0,134.1,UK,Kaggle FoodDB,2020.
3219,Tofu  ,Proteins,652.5,14.83,67.17,11.92,0.09,,724.9,1018.7,139.88,16.27,119.2,90.6,28.0,34.0,Canada,OpenFoodFacts,2024.
3991,Spinach (RG),Grains,93.5,12.68,6.2,46.75,4.15,35.27,669.0,270.1,91.7,3.08,260.7,74.6,95.0,262.6,Canada,FAO,2018
1286,Brown Rice,dairy ,475.6,,15.98,77.61,18.24,53.7,,707.8,121.11,3.17,386.0,97.3,4.0,151.0,India,FAO,2020
4047,Peanut Butter (SZ)  ,Seafood,310.7,19.92,,24.23,3.9,20.48,1102.7,518.2,84.02,11.14,265.8,80.9,17.0,153.7,Canada,NutritionData.self.com,2021
4092,Egg (XX),Oils,320.4,3.64,31.3,95.88,9.2,56.26,532.9,82.8,97.16,16.45,283.8,69.4,34.0,162.7,China,Kaggle FoodDB,2023
4608,Oats,Legumes,180.9,24.73,50.49,45.83,10.3,,1359.8,1128.9,,2.03,347.0,10.9,10.0,245.0,UK,OpenFoodFacts,2024
2088,Green Beans,Vegetables,598.0,30.97,45.29,30.78,18.21,7.4,1478.8,60.3,170.7,14.21,392.8,82.4,38.0,252.3,UK,OpenFoodFacts,2023
1890,Zucchini (LD),Nuts & Seeds,892.8,25.55,31.84,27.61,3.61,15.64,961.8,243.2,186.53,,350.9,89.6,60.0,122.9,Mexico,USDA,2020
3858,White Rice,Dairy,504.6,3.32,70.07,117.13,19.44,26.45,742.8,36.0,,10.67,228.3,43.3,95.0,36.7,USA,OpenFoodFacts,2023
1592,White Rice (AK),Dairy,892.3,15.15,71.98,96.63,1.13,11.84,1501.9,370.3,53.13,9.6,401.4,44.4,106.0,114.7,Brazil,OpenFoodFacts,2018
1347,Apple (YK),PROTEINS,324.4,13.76,75.7,43.2,16.59,11.76,272.7,860.5,179.16,,308.2,20.8,30.0,130.7,Mexico,FAO,2024
4570,Cucumber,Oils,776.0,41.25,32.92,70.93,4.46,5.89,1162.1,236.8,131.25,2.47,24.8,18.7,48.0,281.2,USA,OpenFoodFacts,2020
2163,Mango,Grains,330.1,31.5,43.78,70.69,9.78,18.33,832.8,964.4,197.38,4.76,24.5,84.3,106.0,83.6,China,OpenFoodFacts,2022
2397,Pasta,nuts & seeds,155.9,8.21,48.01,45.55,17.81,1.12,1644.7,490.2,55.59,7.01,489.4,94.1,93.0,62.9,China,NutritionData.self.com,2020
3931,Green Beans (PS),Fruits,,19.75,28.65,49.37,1.73,9.16,1056.6,1134.9,98.53,10.94,381.8,61.9,106.0,272.0,Nigeria,FAO,2021
2272,Olive Oil (MM),Nuts & Seeds,358.4,48.2,6.21,102.76,10.91,40.94,1203.5,152.3,119.28,13.41,174.1,6.9,86.0,214.0,India,FAO,2022
4630,Brown Rice (QP),legumes,469.3,19.33,9.59,78.3,,52.28,373.1,69.9,81.65,14.73,335.3,44.6,61.0,173.7,Brazil,FAO,2020
3112,Turkey Breast (NR),Vegetables,,15.33,42.05,10.23,4.34,19.58,336.9,541.1,169.33,0.55,156.7,7.1,47.0,245.9,India,USDA,2020
1138,Bread (Whole Wheat) (SW),Vegetables,455.7,46.67,72.0,76.91,12.31,35.98,1814.0,1026.5,130.47,18.24,492.5,61.5,61.0,179.4,China,Kaggle FoodDB,2024
593,Celery (VR),Proteins,180.1,3.4,32.73,85.0,9.81,43.37,531.5,190.4,58.4,9.21,324.3,98.6,50.0,30.7,Germany,FAO,2019
973,Peanut Butter,Fruits,664.7,40.28,19.73,112.03,5.03,16.96,898.1,439.6,,0.93,414.9,42.4,57.0,263.7,Australia,USDA,2018
796,Beef (Lean),oils,787.5,39.78,27.27,25.26,15.65,20.84,1784.1,776.0,77.53,12.14,87.8,49.5,N/A,245.1,China,USDA,2020
3021,Broccoli,Legumes,271.5,24.94,46.57,57.12,14.66,26.67,1728.0,322.8,24.64,14.74,451.2,70.7,106.0,123.3,Australia,FAO,2024.
1712,Apple  ,Fruits,74.0,11.68,9.4,,7.87,56.24,1790.0,892.8,186.43,9.39,499.0,89.1,107.0,63.6,Germany,FAO,2022
3388,Tuna (Canned),PROTEINS,,16.73,14.81,1.58,19.75,12.34,,1156.4,,9.68,90.7,90.1,N/A,155.7,Brazil,NutritionData.self.com,2024
37,Spinach,Fruits,288.1,30.9,71.49,46.06,11.59,12.88,1942.4,236.6,165.95,4.65,17.0,18.6,66.0,188.6,Nigeria,FAO,2018
454,Blueberries,Seafood,817.6,20.62,72.23,60.1,13.52,33.31,,734.8,,18.38,73.4,52.4,108.0,112.0,UK,Kaggle FoodDB,2023
914,Onion (BJ),Proteins,380.3,21.0,71.21,12.57,0.33,37.6,1553.8,987.2,54.45,3.31,218.7,85.5,21.0,132.3,Nigeria,OpenFoodFacts,2018
4217,Oats (YM),Nuts & Seeds,56.6,26.89,6.44,104.59,12.13,18.36,481.8,956.4,105.6,10.0,328.4,35.4,3.0,209.6,China,USDA,2024
1200,Broccoli (KH),Seafood,134.5,3.72,75.29,91.76,1.74,14.93,1742.5,272.4,50.62,,220.1,85.5,23.0,245.4,Nigeria,FAO,2021
1275,Garlic  ,Oils,,29.58,11.1,94.78,13.04,28.54,1676.3,994.7,186.33,4.83,119.0,74.0,17.0,236.6,India,NutritionData.self.com,2022
2376,Spinach,Grains,262.3,4.03,60.07,97.82,16.32,13.0,572.5,984.5,0.95,4.46,43.3,99.0,28.0,91.1,Mexico,Kaggle FoodDB,2024
38,Pork Loin,Nuts & Seeds,106.0,48.49,23.32,56.62,4.72,27.05,291.1,587.0,188.58,15.41,288.1,11.2,81.0,280.8,China,OpenFoodFacts,2024
975,Peas (VY),Grains,47.4,14.53,59.21,84.09,5.88,35.73,,224.2,182.26,6.86,161.5,78.2,4.0,262.4,Mexico,NutritionData.self.com,2020
3196,Garlic,Seafood,,15.9,68.0,67.28,4.5,17.74,1977.5,522.1,,0.39,382.0,31.2,59.0,238.0,UK,FAO,2019
984,Brown Rice,Fruits,86.1,2.32,28.55,77.25,15.39,,187.4,410.0,75.88,12.77,215.7,16.3,80.0,261.4,USA,USDA,2020
3298,Peas,Legumes,85.2,32.26,58.18,114.91,0.06,22.97,302.8,649.8,36.95,10.65,65.1,45.3,36.0,159.1,Nigeria,NutritionData.self.com,2018
4210,Salmon,Oils,70.2,29.19,1.9,114.05,,3.58,53.9,962.3,,2.53,24.2,71.0,69.0,149.6,UK,USDA,2020
1419,GREEK YOGURT (OC),Vegetables,417.9,38.12,60.63,87.43,2.44,25.56,97.8,35.7,5.22,3.56,107.4,78.2,95.0,25.3,USA,NutritionData.self.com,2019
3333,Olive Oil (OI),Fruits,169.5,40.17,40.79,43.66,14.8,30.08,1579.6,1197.9,59.61,0.51,353.1,20.2,N/A,167.9,India,Kaggle FoodDB,2020.
1561,Cucumber,Legumes,331.0,12.08,,0.03,14.96,,533.2,306.8,10.88,18.92,46.1,18.0,54.0,46.8,Australia,USDA,2024
40,Mango,dairy ,407.3,46.14,7.98,49.78,,50.28,66.0,831.3,91.23,11.43,,18.0,27.0,29.6,Australia,Kaggle FoodDB,2020
1487,Quinoa,Dairy,368.6,47.53,27.47,115.95,12.36,57.45,1039.4,752.5,,3.52,84.7,46.4,23.0,262.3,UK,USDA,2020
521,Broccoli,Proteins,542.8,41.73,42.74,0.78,5.8,31.51,153.8,488.8,,,124.5,76.9,38.0,82.3,USA,FAO,2023
170,Watermelon  ,Seafood,540.0,38.48,36.61,94.33,16.93,1.52,618.0,1098.2,11.54,,481.1,62.2,53.0,74.3,Germany,USDA,2018
1356,Cheddar Cheese,Nuts & Seeds,788.6,48.42,10.67,117.96,2.98,10.22,,578.7,199.16,11.25,473.8,25.0,76.0,67.5,Mexico,NutritionData.self.com,2022
2786,Quinoa,Proteins,232.9,-1.0,63.92,34.18,5.24,43.9,1249.3,54.0,165.28,9.22,361.9,90.0,16.0,64.9,Germany,OpenFoodFacts,2020
3874,Celery,Vegetables,748.0,0.32,70.58,10.81,,7.77,1096.6,61.5,126.19,,271.8,65.8,N/A,104.5,Brazil,USDA,2019.
4896,Shrimp,Proteins,90.9,,5.49,89.36,8.02,46.43,11.6,876.9,70.42,12.47,238.1,16.7,97.0,167.1,Brazil,NutritionData.self.com,2018
3721,Salmon,Grains,,15.73,37.16,111.13,12.89,7.42,315.7,863.1,95.61,0.93,6.0,36.2,95.0,247.5,USA,FAO,2019
3613,Broccoli (VE),Nuts & Seeds,349.6,49.66,26.09,72.55,12.64,16.57,908.4,672.2,152.4,19.74,77.8,45.7,66.0,282.1,China,Kaggle FoodDB,2020
988,Kale,Legumes,402.6,46.62,,38.36,10.95,,668.2,1157.8,97.98,18.25,423.4,54.0,9.0,152.6,Nigeria,OpenFoodFacts,2020
2683,Pork Loin,Dairy,32.9,30.78,31.8,84.68,16.46,30.55,407.5,1117.3,138.58,0.87,15.7,57.9,3.0,81.5,USA,NutritionData.self.com,2019
4851,Tofu,Grains,883.5,32.33,66.84,47.08,18.28,22.02,404.6,879.7,183.24,11.91,17.1,40.1,39.0,248.3,Nigeria,FAO,2023
4550,Celery (YA),legumes,,47.73,52.33,90.62,0.41,49.05,42.7,822.2,107.97,14.27,75.9,2.6,93.0,151.9,Nigeria,FAO,2018
1641,PEAS,Grains,495.2,37.84,78.89,77.81,19.4,29.95,1794.3,979.5,61.22,12.3,,72.9,24.0,225.5,Canada,Kaggle FoodDB,2024
1291,Turkey Breast,seafood,369.3,,47.01,38.44,19.14,46.45,1085.1,209.9,145.94,2.22,123.8,81.7,2.0,57.2,Canada,FAO,2019
3682,Mushroom,Oils,-999.0,40.43,67.96,86.6,19.87,23.74,247.7,1196.8,197.36,1.33,342.7,83.5,70.0,273.4,Mexico,OpenFoodFacts,2020
1381,Cottage Cheese,Grains,163.9,30.07,34.03,8.79,3.38,13.0,1651.7,231.7,,13.65,163.4,9.5,50.0,174.0,UK,NutritionData.self.com,2023
1934,Shrimp (YT),Nuts & Seeds,551.1,6.52,13.01,,13.76,2.16,894.5,644.1,85.07,2.29,246.6,86.9,101.0,110.2,Australia,FAO,2024
580,Carrot,Oils,247.3,22.01,,90.16,14.37,59.89,1424.6,461.1,,7.88,47.9,89.4,100.0,67.5,Canada,FAO,2024
4352,Zucchini,Grains,546.7,17.45,36.52,10.95,,45.41,919.1,636.5,35.6,,302.0,64.4,95.0,199.6,UK,FAO,2018
3161,Cheddar Cheese,Proteins,410.6,48.14,43.01,80.5,18.78,29.97,755.7,1112.6,140.94,19.18,308.9,6.8,61.0,221.5,Australia,Kaggle FoodDB,2019
2031,BLACK BEANS,Proteins,194.3,33.37,40.19,61.96,1.11,51.22,829.1,202.3,184.82,2.99,271.4,34.9,69.0,58.1,Germany,OpenFoodFacts,2023
893,Orange,Grains,750.6,24.67,66.76,102.53,3.52,31.89,823.2,1177.4,54.07,7.62,358.5,33.9,11.0,155.5,Australia,USDA,2018
4153,Strawberry,dairy ,646.7,6.83,32.76,13.23,3.33,25.12,1634.1,460.6,116.62,13.65,456.6,76.1,45.0,211.8,Brazil,USDA,2021
781,Lamb  ,Proteins,630.7,32.65,76.72,11.87,17.88,41.73,360.8,834.7,,4.18,121.3,48.3,83.0,154.3,Brazil,Kaggle FoodDB,2023
160,Lamb,seafood,660.8,11.37,66.71,40.01,6.01,40.05,929.8,683.0,101.77,,7.4,75.5,47.0,87.3,Nigeria,Kaggle FoodDB,2018
3,Quinoa,Legumes,664.2,,14.09,,,36.25,1929.0,734.7,25.27,19.89,97.7,72.7,52.0,140.7,India,USDA,2018
2264,Kale,Seafood,410.2,0.12,7.98,46.41,0.3,36.09,1562.9,555.3,192.86,15.59,229.3,58.7,76.0,222.3,Brazil,FAO,2020
3217,ZUCCHINI,fruits,,28.19,25.08,73.63,12.81,12.82,723.3,969.2,17.87,5.57,480.9,54.6,6.0,38.1,UK,Kaggle FoodDB,2021
2110,MILK (WHOLE),Oils,,20.85,14.88,99.44,3.43,33.26,,260.1,48.69,3.65,312.5,68.6,30.0,55.6,Brazil,FAO,2023
850,Carrot,Dairy,543.9,,,53.3,4.49,17.9,807.9,386.9,130.68,12.67,304.9,14.0,45.0,231.1,Nigeria,FAO,2018
2738,Cheddar Cheese,Legumes,499.1,,47.09,54.14,3.39,32.79,690.1,376.8,131.26,,295.2,51.3,98.0,245.3,Canada,OpenFoodFacts,2021
2467,Green Beans,legumes,367.7,41.85,17.41,,15.37,6.71,1359.1,51.1,174.7,4.89,330.9,78.0,41.0,299.9,UK,Kaggle FoodDB,2021
3940,Cottage Cheese,Dairy,388.0,15.74,68.93,53.7,5.5,9.71,1834.0,883.5,,5.24,58.7,54.7,58.0,257.8,USA,FAO,2021
3892,Celery (FL),Fruits,487.5,41.61,67.19,55.6,8.62,44.96,1096.6,881.0,142.19,13.21,453.6,25.9,54.0,222.6,USA,USDA,2020
1597,Celery,Oils,,5.96,41.2,21.63,17.01,29.51,172.8,783.9,159.22,3.28,183.5,7.4,72.0,137.1,India,FAO,2019
1777,Lentils,Vegetables,625.6,36.87,10.19,77.77,19.68,32.51,190.7,936.0,186.14,5.56,391.9,40.7,53.0,135.9,Nigeria,NutritionData.self.com,2021
1914,CHEDDAR CHEESE,Proteins,344.1,10.85,73.57,23.96,1.1,38.77,61.2,256.8,146.67,9.8,241.7,53.3,N/A,57.8,Canada,NutritionData.self.com,2018
1044,Tomato,legumes,570.8,8.13,56.99,103.58,20.0,,1320.4,122.8,88.97,4.16,142.4,76.5,52.0,43.7,USA,USDA,2023.
896,Bread (Whole Wheat) (GX),Grains,200.4,12.37,12.23,47.72,4.88,54.03,1753.3,117.8,154.1,11.99,72.2,86.1,90.0,170.1,Australia,USDA,2020
1545,BLUEBERRIES,Grains,867.4,24.79,36.05,78.18,18.2,30.88,730.6,37.2,39.66,18.34,272.7,70.0,77.0,158.0,India,OpenFoodFacts,2022
2737,Broccoli,Grains,892.4,45.74,18.64,81.53,11.09,19.59,,98.7,116.03,17.56,232.6,42.2,43.0,187.8,UK,Kaggle FoodDB,2020
3950,Cucumber,nuts & seeds,225.8,,71.9,60.06,18.15,53.81,672.0,339.9,140.45,7.14,226.0,26.2,81.0,259.2,Germany,USDA,2022
4759,Celery,Fruits,425.4,9.95,57.9,77.86,1.54,15.86,99999.0,538.1,34.63,17.98,,56.9,43.0,53.8,UK,FAO,2020
54,KALE,Fruits,,4.34,32.79,106.84,8.51,16.66,1946.8,170.6,11.63,9.07,416.0,43.8,92.0,38.0,Mexico,FAO,2018
1797,Brown Rice,Proteins,650.4,48.08,18.0,17.21,0.63,27.55,1745.8,511.3,128.61,17.24,,6.5,104.0,85.3,Germany,Kaggle FoodDB,2022
3589,Cheddar Cheese,Seafood,130.9,25.7,,89.77,17.93,38.66,1040.6,229.9,115.08,17.77,16.1,87.1,77.0,14.5,USA,NutritionData.self.com,2021
1912,Pork Loin (BC),Legumes,791.5,48.89,48.26,79.75,5.07,,1691.2,1115.4,1.63,5.79,65.2,93.4,61.0,214.0,China,OpenFoodFacts,2021
2307,OATS,Nuts & Seeds,96.6,,40.41,20.33,,54.17,1378.6,475.0,152.49,17.36,52.6,69.1,52.0,32.5,China,OpenFoodFacts,2018.
2554,Banana,Proteins,854.0,23.3,52.99,88.07,10.03,1.18,677.2,916.0,31.17,4.7,88.6,57.8,N/A,149.9,Australia,NutritionData.self.com,2020
2801,Chicken Breast,Vegtables,,1.99,44.7,,0.2,5.24,762.7,158.0,51.44,12.59,185.5,22.5,77.0,174.7,Nigeria,Kaggle FoodDB,2023
937,White Rice (QM),nuts & seeds,36.2,34.27,72.35,44.51,7.19,14.75,2.9,882.6,156.66,19.55,225.5,15.8,23.0,180.7,Australia,FAO,2024
4257,TOFU,Seafood,898.0,12.19,,102.91,13.09,1.66,794.7,281.4,,18.74,326.4,82.8,25.0,74.3,Mexico,NutritionData.self.com,2023
825,Broccoli (CO),Grains,492.9,8.78,55.8,10.04,12.38,38.25,985.1,94.8,152.28,,444.4,36.8,31.0,154.7,Mexico,Kaggle FoodDB,2024
4881,Olive Oil,Nuts & Seeds,199.6,21.2,65.51,113.57,14.25,44.06,1748.0,172.8,,,369.2,53.6,61.0,166.5,Mexico,FAO,2018
3179,Mango,Vegetables,736.4,2.11,23.78,79.22,14.78,11.26,,1182.7,93.22,3.8,426.1,61.1,34.0,69.3,China,USDA,2024
3402,Garlic,Vegetables,,46.58,52.71,68.57,10.22,33.8,658.9,933.2,11.77,3.28,254.5,46.4,84.0,259.7,China,OpenFoodFacts,2018
1390,Cucumber,Fruits,419.3,28.29,,2.11,4.34,6.46,1902.6,362.4,30.9,4.22,383.4,80.0,75.0,148.5,Canada,NutritionData.self.com,2022
3565,Salmon (XP),dairy ,423.4,24.32,32.37,16.66,6.85,32.79,1138.5,616.6,32.21,15.23,60.4,37.9,22.0,10.8,Brazil,Kaggle FoodDB,2021
2548,Chicken Breast,oils,378.6,12.7,54.39,59.29,8.94,33.52,1090.5,334.7,102.43,19.71,483.2,24.2,107.0,110.6,Mexico,NutritionData.self.com,2023
885,Quinoa,Proteins,723.9,24.06,41.09,90.01,17.64,27.44,190.9,1172.2,,0.55,228.1,95.6,21.0,115.2,UK,OpenFoodFacts,2020.
4056,Blueberries (RT),Proteins,34.3,,67.78,119.41,18.95,10.92,1907.2,1064.7,78.86,8.46,273.3,16.8,36.0,229.3,Canada,FAO,2018
3647,ONION,Grains,448.8,22.06,57.54,29.56,15.2,50.41,1396.3,835.0,92.16,15.74,201.7,82.6,27.0,139.1,Germany,FAO,2023
3732,Mango,Nuts & Seeds,871.9,37.19,25.45,103.44,6.49,0.86,153.4,657.9,160.16,9.6,403.1,57.9,12.0,106.8,USA,NutritionData.self.com,2024
1608,ORANGE,dairy ,724.3,26.89,13.37,119.84,16.29,8.56,745.1,88.2,79.5,12.02,54.4,77.1,31.0,120.6,Canada,Kaggle FoodDB,2018
1595,Kale,Proteins,657.4,37.48,69.82,78.25,13.11,0.51,,1158.4,170.75,9.76,474.8,14.8,42.0,171.2,USA,OpenFoodFacts,2020
772,Watermelon,Oils,,36.08,55.87,11.6,2.06,53.85,1345.8,1156.3,10.09,11.97,368.8,11.2,31.0,41.3,Brazil,Kaggle FoodDB,2020
2612,Lentils,Nuts & Seeds,23.4,9.02,,43.39,14.22,50.26,1349.6,481.5,167.76,19.2,,97.5,36.0,63.9,USA,FAO,2022
3783,Tomato (RU),Proteins,29.5,15.51,28.41,11.97,16.72,37.18,980.7,381.4,145.79,0.36,472.4,9.4,77.0,279.5,Nigeria,USDA,2018.
3225,Almonds  ,Grains,,,35.1,20.66,4.48,14.42,1016.2,986.8,45.06,,230.3,88.0,20.0,234.6,Nigeria,OpenFoodFacts,2023
2274,Cottage Cheese,Legumes,594.0,1.27,56.57,43.5,18.67,0.8,445.9,1015.4,182.63,19.35,71.0,55.9,65.0,71.0,India,OpenFoodFacts,2022
1869,Beef (Lean),Seafood,,,50.3,25.65,9.41,35.11,176.3,135.7,57.31,3.03,189.7,1.2,49.0,53.9,Germany,FAO,2024
1086,Garlic (XP),Proteins,431.3,22.94,31.36,100.43,1.45,6.4,1535.0,716.1,124.31,0.98,403.0,20.2,101.0,94.9,Brazil,NutritionData.self.com,2018
11,Lentils (AU),Fruits,38.1,8.36,,,8.29,54.29,871.0,708.2,181.46,15.47,490.0,68.3,57.0,105.9,Mexico,Kaggle FoodDB,2018
3850,Pork Loin,Grains,80.2,2.34,11.71,82.28,6.59,39.68,,211.1,47.87,13.05,146.6,0.9,70.0,246.4,UK,OpenFoodFacts,2020
1326,White Rice,Seafood,316.5,9.75,25.1,,10.62,25.3,1156.2,466.8,193.47,11.33,86.1,47.4,102.0,73.7,Mexico,FAO,2018
3391,Cucumber,Nuts & Seeds,304.3,,,19.82,15.39,14.7,1443.7,10.7,164.53,0.86,94.9,69.7,N/A,124.9,Mexico,FAO,2019
1464,GREEK YOGURT,Fruits,598.9,13.48,26.91,83.68,11.5,20.98,1046.2,116.8,115.88,18.82,443.9,42.8,89.0,249.0,Australia,FAO,2022
807,Almonds,Dairy,,17.18,23.3,16.93,18.16,59.69,1257.7,127.2,,13.38,324.7,83.5,57.0,219.7,Canada,Kaggle FoodDB,2020
4508,Strawberry,Vegetables,41.1,30.49,28.93,106.72,16.07,50.92,1782.5,938.2,24.13,14.18,304.6,49.3,45.0,155.9,Brazil,OpenFoodFacts,2024
4169,Spinach (KS),Oils,297.1,13.62,13.63,8.25,19.45,19.43,1462.7,996.6,,4.78,303.5,94.9,12.0,165.2,UK,Kaggle FoodDB,2023
4021,PEAS,Nuts & Seeds,381.9,13.7,65.56,12.51,7.56,45.54,1686.0,369.6,74.0,14.56,162.3,41.4,59.0,157.5,Nigeria,OpenFoodFacts,2023
2109,Corn,Fruits,263.7,44.09,34.12,87.66,13.06,45.29,689.0,1097.5,39.47,12.19,20.4,25.0,27.0,36.1,Nigeria,USDA,2022
4368,Tuna (Canned),Seafood,408.8,40.3,61.57,7.66,14.27,25.64,236.0,945.4,,,474.1,51.0,N/A,233.2,USA,NutritionData.self.com,2021
1415,Apple (QN),Vegetables,487.4,10.04,33.27,67.67,0.37,23.71,1797.6,437.5,61.09,19.07,270.4,77.2,72.0,172.7,Brazil,Kaggle FoodDB,2018
2235,Pineapple,Legumes,607.7,16.99,37.85,92.49,2.96,19.38,411.1,961.1,93.34,15.52,155.5,39.4,32.0,135.6,Nigeria,NutritionData.self.com,2022
3212,Pasta,Legumes,612.8,38.06,13.62,22.07,5.16,6.53,1091.4,674.4,82.01,,493.8,7.7,21.0,224.0,USA,NutritionData.self.com,2024
964,Pork Loin,Dairy,362.6,38.61,28.31,31.84,10.15,20.76,113.4,435.3,18.86,18.29,3.5,29.8,35.0,110.7,Australia,Kaggle FoodDB,2024
3416,Spinach,Oils,518.2,2.49,,,14.05,27.36,648.0,745.6,57.92,5.8,466.9,78.9,35.0,179.6,Germany,Kaggle FoodDB,2022
4002,TOMATO,Dairy,728.8,26.32,7.16,24.56,9.35,4.88,1073.5,157.2,177.52,19.53,331.8,51.8,30.0,12.2,Nigeria,USDA,2023
399,Apple (MH),Legumes,680.8,19.78,40.21,63.54,16.78,57.07,1265.0,500.6,46.07,12.4,252.8,14.0,N/A,35.0,UK,USDA,2023.
2633,Mango,Oils,23.8,,5.14,55.42,19.71,57.54,1150.8,1058.2,117.35,14.11,418.4,70.3,79.0,56.3,Canada,Kaggle FoodDB,2020
5000,Salmon,Dairy,545.6,,20.09,20.67,19.04,15.44,1809.4,584.9,170.65,17.23,,51.8,51.0,240.2,China,OpenFoodFacts,2018
2997,Pineapple,Fruits,,10.56,55.43,91.26,16.92,48.61,846.7,801.3,,1.51,92.5,23.6,12.0,220.5,Brazil,USDA,2024
705,Almonds (UG),Dairy,,45.77,7.7,25.33,15.14,23.5,1955.3,41.5,92.32,12.4,450.0,18.2,82.0,140.3,Mexico,Kaggle FoodDB,2020
432,Zucchini,Dairy,690.1,4.52,6.63,117.49,8.17,1.53,1569.7,488.1,122.37,9.97,359.7,39.3,74.0,100.7,Mexico,OpenFoodFacts,2024.
4812,Oats,Vegetables,771.5,41.43,,119.49,11.83,,755.2,1156.6,58.71,11.98,16.7,35.5,43.0,112.2,Canada,USDA,2018
293,OLIVE OIL,Oils,743.9,2.06,25.33,83.72,10.37,46.75,334.3,855.0,95.38,0.18,436.2,7.3,29.0,220.2,USA,USDA,2021
801,Milk (Whole),Seafood,,15.04,28.1,59.28,10.5,48.32,1427.9,720.6,71.19,,297.4,12.1,20.0,74.6,Germany,NutritionData.self.com,2018.
146,Chicken Breast (FV),Legumes,52.5,44.0,,119.94,12.02,11.4,600.7,244.0,96.84,3.79,179.6,27.9,90.0,157.3,UK,Kaggle FoodDB,2023
4862,Watermelon (DT),Proteins,731.3,26.13,46.04,,10.39,7.59,1869.1,299.9,194.4,6.29,49.7,2.9,N/A,246.3,Nigeria,NutritionData.self.com,2022
2034,Brown Rice,fruits,875.4,29.38,43.51,101.78,19.72,40.18,831.7,427.1,146.46,7.19,70.2,81.7,98.0,101.1,UK,Kaggle FoodDB,2024
3742,Carrot (EZ),Fruits,739.3,21.0,6.47,39.46,5.55,30.35,1999.6,351.2,59.87,,321.1,52.4,69.0,93.7,India,USDA,2024.
4338,Tomato,Grains,814.1,48.8,79.01,76.65,8.89,22.16,1732.9,231.6,56.02,7.69,477.9,17.2,N/A,84.9,Australia,OpenFoodFacts,2023
1166,Onion (CJ),Oils,739.8,24.5,42.72,100.11,6.49,15.91,1325.0,681.7,19.42,8.59,,14.3,89.0,47.7,Canada,USDA,2018
3501,Bread (Whole Wheat),Vegetables,272.1,21.28,18.08,81.74,15.68,31.39,1541.8,812.2,152.78,1.86,62.6,44.6,21.0,167.3,USA,FAO,2021
2051,Blueberries (CS),Fruits,423.3,43.92,22.22,68.73,16.03,36.13,1361.3,63.0,174.25,15.64,63.4,31.1,106.0,149.9,Australia,FAO,2018
3761,Brown Rice,Nuts & Seeds,125.5,,1.09,2.11,,47.77,623.9,885.1,82.26,4.33,,75.5,32.0,237.1,Australia,Kaggle FoodDB,2019
2625,Blueberries,Nuts & Seeds,352.0,25.72,24.78,58.1,1.39,34.17,,539.6,131.83,5.19,372.7,17.4,101.0,112.2,Mexico,FAO,2023
4484,Tomato,Grains,521.9,40.24,32.95,119.59,7.23,40.73,1348.6,54.0,171.54,,302.6,57.1,62.0,106.0,Canada,USDA,2022
340,Green Beans,Vegetables,106.1,0.41,68.71,9.19,19.39,56.11,1113.0,762.3,10.69,12.39,489.9,60.8,52.0,63.1,India,NutritionData.self.com,2024
4117,Lamb,Nuts & Seeds,827.2,30.18,28.12,33.12,4.22,44.61,1892.2,167.0,,,157.3,47.3,80.0,98.5,Brazil,USDA,2019
3915,GARLIC (GW),Dairy,869.9,4.28,37.88,83.31,5.12,23.04,321.0,6.7,38.8,12.85,22.7,15.3,38.0,157.0,Australia,NutritionData.self.com,2019
2974,Tomato (OL),Vegetables,666.3,45.3,25.86,88.06,11.93,,501.8,940.3,152.18,13.99,4.2,13.1,42.0,200.8,Canada,FAO,2022
266,Cheddar Cheese,Grains,671.9,25.68,3.36,35.75,2.26,1.99,574.7,107.3,,18.99,147.0,28.0,73.0,166.2,Australia,FAO,2020
2425,Kale,Proteins,274.5,23.51,54.32,44.54,0.42,33.14,1272.9,21.8,125.45,19.77,67.9,19.1,87.0,209.6,Canada,USDA,2022
1263,Peanut Butter (KV),Nuts & Seeds,293.1,7.91,48.99,110.82,18.64,20.45,1385.2,491.8,70.13,14.94,325.8,80.4,25.0,90.9,China,NutritionData.self.com,2019
1772,Cucumber (FK),Fruits,710.8,43.51,8.83,107.35,19.71,40.05,345.1,1070.5,64.58,5.52,210.6,78.2,98.0,292.2,USA,OpenFoodFacts,2024
3512,CARROT,Dairy,79.0,32.62,75.66,55.44,7.38,23.31,184.6,378.3,33.6,4.21,248.5,14.4,74.0,58.9,Nigeria,USDA,2020
272,Banana,Grains,732.9,6.54,34.59,73.0,16.45,26.45,769.1,308.9,115.0,12.84,450.7,54.6,N/A,86.9,USA,NutritionData.self.com,2023
697,Spinach (LX),Vegetables,274.0,22.45,,102.28,5.62,41.67,,745.2,33.75,17.71,345.7,30.2,29.0,114.5,UK,Kaggle FoodDB,2020
748,Avocado (MN),Oils,498.3,49.0,69.42,7.27,3.73,47.93,218.7,602.1,37.41,,238.8,70.9,54.0,114.2,Mexico,Kaggle FoodDB,2020
245,Tofu,legumes,33.6,,21.34,18.7,12.11,5.71,,400.9,175.17,12.1,421.1,51.0,47.0,245.1,Mexico,NutritionData.self.com,2024
318,Beef (Lean),Proteins,172.5,47.95,17.88,27.98,13.99,,,19.5,87.92,,75.1,42.1,109.0,167.2,Canada,USDA,2019
477,Kale,Legumes,84.9,16.54,,,11.72,5.36,1937.1,317.2,175.57,10.93,225.1,15.9,86.0,169.4,UK,NutritionData.self.com,2021
2033,Greek Yogurt,Nuts & Seeds,428.3,29.33,60.56,40.67,13.63,23.37,1253.8,1038.3,82.67,2.44,106.1,12.5,16.0,62.9,Brazil,Kaggle FoodDB,2022
958,Tomato,Vegetables,61.3,18.5,56.19,58.13,18.89,30.89,1298.7,670.8,,13.11,196.9,35.1,88.0,244.3,USA,FAO,2021
4902,MANGO,Seafood,445.8,18.71,12.84,12.79,14.52,38.94,1340.4,781.5,99.38,12.75,345.5,90.6,86.0,39.8,USA,USDA,2023
814,Avocado (HO),Seafood,830.3,14.15,66.66,85.84,7.31,16.32,523.2,1034.6,50.66,18.23,453.6,19.5,68.0,243.8,Canada,NutritionData.self.com,2019.
4302,Bread (Whole Wheat),Fruits,846.8,24.8,51.98,86.51,12.59,15.68,589.4,564.5,17.94,15.55,,20.8,27.0,159.6,Brazil,NutritionData.self.com,2019
1915,Kale,Dairy,414.8,,73.19,4.88,13.98,,893.3,870.1,52.69,19.01,68.2,75.6,107.0,295.8,USA,USDA,2024
3811,Pasta,Dairy,629.0,10.23,64.46,74.43,7.81,43.07,1642.7,644.9,33.54,8.36,241.2,50.8,23.0,298.8,Nigeria,Kaggle FoodDB,2020
4743,Blueberries,Nuts & Seeds,51.3,42.61,64.47,64.38,2.56,41.15,665.0,508.4,140.75,4.47,335.0,70.1,N/A,97.2,Germany,Kaggle FoodDB,2023
3488,Zucchini,Vegtables,65.8,25.74,54.62,36.69,7.14,28.03,,1031.5,49.09,6.22,442.3,0.6,11.0,87.8,USA,NutritionData.self.com,2022
1298,Watermelon,Nuts & Seeds,112.0,4.25,10.55,109.01,8.29,4.91,202.4,789.9,13.05,16.04,61.9,78.7,25.0,230.1,UK,OpenFoodFacts,2024
4193,White Rice (BR),Grains,460.0,46.7,39.15,64.96,8.59,27.88,184.9,785.2,35.54,12.97,402.3,92.4,63.0,196.3,UK,Kaggle FoodDB,2019
1805,Almonds,Oils,327.7,21.72,79.59,105.91,3.22,52.45,1052.0,711.1,,11.1,381.4,61.5,28.0,150.8,India,OpenFoodFacts,2023
759,Pork Loin,Legumes,,21.94,27.13,14.04,16.85,22.22,952.9,647.8,177.66,6.93,450.3,63.0,82.0,39.8,China,USDA,2021
251,Mushroom (WP),Legumes,279.1,19.36,,3.98,16.67,46.67,976.2,1060.2,123.12,15.08,469.5,45.0,61.0,162.5,UK,Kaggle FoodDB,2023
2462,Cheddar Cheese,Proteins,794.7,18.43,60.98,27.6,16.42,5.65,91.5,439.9,138.18,3.26,,1.8,21.0,190.6,USA,NutritionData.self.com,2022
546,Banana (EY),Proteins,335.2,3.86,32.76,80.49,,12.64,756.4,486.2,18.31,1.2,489.6,40.7,66.0,156.0,Australia,OpenFoodFacts,2020
3242,Bread (Whole Wheat),Nuts & Seeds,397.5,33.9,8.03,43.01,8.21,4.45,402.4,106.6,153.19,3.66,31.2,0.6,30.0,86.0,Nigeria,USDA,2020
739,Sweet Potato,nuts & seeds,406.4,2.05,17.98,40.76,5.21,37.03,526.6,121.4,42.68,4.45,221.0,34.6,4.0,236.3,Nigeria,NutritionData.self.com,2018
311,Oats,Fruits,406.3,16.86,78.11,119.21,6.47,,1246.4,215.8,,8.92,98.0,88.3,10.0,242.0,Nigeria,Kaggle FoodDB,2019
1047,Orange (IU),Nuts & Seeds,225.0,5.38,3.22,110.66,7.73,32.18,,369.4,4.87,17.82,155.5,38.4,81.0,80.6,Brazil,NutritionData.self.com,2023
2942,Cheddar Cheese,Grains,549.4,,53.87,44.62,11.71,,1218.9,695.5,78.24,0.74,68.0,5.9,21.0,107.8,Mexico,NutritionData.self.com,2019
1132,Garlic,Nuts & Seeds,456.4,37.84,23.05,111.63,0.27,23.23,1921.3,1008.4,74.74,12.79,266.0,33.8,N/A,20.1,UK,FAO,2023
1450,Tomato,Vegetables,621.3,27.63,68.94,49.03,7.53,56.76,391.4,569.9,101.45,16.89,369.2,72.5,49.0,221.2,USA,NutritionData.self.com,2018
3722,Celery,dairy ,754.4,37.71,59.85,95.86,3.61,25.83,1387.5,774.4,14.92,19.16,403.2,24.9,52.0,72.4,Brazil,NutritionData.self.com,2023
16,Tomato (PU),Proteins,181.4,10.67,1.13,101.85,17.99,35.19,1640.1,915.3,85.57,9.53,,79.7,53.0,166.7,Mexico,Kaggle FoodDB,2023
3233,Salmon (NU),Oils,,,66.2,88.93,9.97,27.66,771.4,389.6,14.67,,173.6,99.0,18.0,265.4,Mexico,FAO,2021
2770,Zucchini,Dairy,618.1,35.98,28.73,,8.71,3.81,1577.6,589.7,166.55,16.7,29.0,67.9,21.0,277.6,USA,OpenFoodFacts,2018
3469,Green Beans,Dairy,,14.82,18.8,44.73,17.69,49.61,819.8,1154.0,30.68,7.03,191.1,13.2,61.0,55.0,Canada,NutritionData.self.com,2019
921,Apple,Seafood,784.3,5.56,57.34,106.8,,25.21,1180.8,242.5,28.82,12.72,441.5,66.5,85.0,95.9,Brazil,OpenFoodFacts,2021.
3030,Egg (VB),Nuts & Seeds,,40.32,20.38,85.31,2.84,54.76,1820.5,977.2,155.99,2.81,294.2,58.9,38.0,163.9,Canada,Kaggle FoodDB,2024
1373,Pork Loin (SG),dairy ,771.9,46.78,63.86,49.6,1.36,26.9,369.8,1186.7,87.76,1.13,482.2,48.3,88.0,229.5,China,FAO,2022
3588,Bell Pepper,Vegetables,691.0,38.16,13.58,80.22,18.62,27.97,1906.0,352.5,0.29,9.47,,22.4,N/A,11.0,Brazil,OpenFoodFacts,2022
2545,Sweet Potato,Vegetables,98.0,,20.54,54.69,16.48,1.8,1039.2,28.4,176.41,4.29,57.3,56.9,29.0,207.1,Germany,FAO,2019
3599,Onion,Dairy,347.5,26.07,4.17,83.9,4.15,51.91,1203.5,1181.6,35.89,18.55,470.2,89.9,69.0,188.7,Canada,Kaggle FoodDB,2022
39,Corn,Legumes,622.1,36.41,45.02,,17.89,41.6,81.4,189.2,93.07,12.88,169.6,43.4,93.0,235.3,Nigeria,FAO,2022
364,Sweet Potato,Dairy,500.1,34.78,69.42,9.89,19.79,,319.6,1004.9,194.36,9.11,394.0,58.0,58.0,246.5,Germany,FAO,2018
4230,Brown Rice,Grainss,187.1,36.87,7.81,87.99,0.55,,342.0,295.6,185.29,9.67,,51.9,102.0,48.7,UK,USDA,2021
183,Tofu,Proteins,833.7,6.77,31.03,92.97,18.24,47.1,349.9,434.0,3.32,8.88,442.8,54.3,91.0,245.7,Brazil,USDA,2018
3034,Egg,Proteins,109.2,5.55,,30.37,8.21,0.61,1380.5,268.8,162.79,18.51,206.9,98.4,79.0,286.8,Germany,USDA,2018
2984,Olive Oil,Nuts & Seeds,739.1,11.06,73.67,22.41,1.97,18.27,634.0,177.0,36.19,9.2,,8.6,29.0,159.0,Nigeria,OpenFoodFacts,2019
1195,Beef (Lean),nuts & seeds,,34.63,,119.29,16.17,8.93,1259.9,1016.9,71.21,0.57,,17.1,18.0,20.4,Australia,USDA,2024.
2853,Egg,Oils,188.6,39.53,70.15,73.62,5.81,40.49,671.3,693.4,,3.92,117.8,54.8,96.0,77.9,Canada,NutritionData.self.com,2024
4842,Mushroom (RO),Oils,859.2,49.58,28.73,68.23,4.84,27.43,619.7,720.1,65.17,13.84,222.6,73.2,83.0,283.3,UK,OpenFoodFacts,2021
1122,Spinach (VU),Dairy,861.0,5.77,16.38,81.55,4.69,21.51,1530.1,182.7,88.76,0.18,334.1,25.9,31.0,286.9,USA,USDA,2022
804,White Rice,Fruits,553.9,40.82,75.39,54.2,5.64,41.76,942.1,766.3,5.87,9.6,333.8,25.8,80.0,265.1,UK,Kaggle FoodDB,2024
2236,Salmon,Vegetables,542.0,23.72,77.49,79.61,12.71,23.62,401.0,457.4,137.9,8.06,152.7,7.3,55.0,251.9,Australia,USDA,2021
2668,Salmon (KM),Grains,593.4,34.67,60.68,63.5,17.63,16.36,1726.5,77.8,,1.16,409.2,76.4,11.0,58.0,Nigeria,NutritionData.self.com,2020
3943,White Rice (EH),Legumes,94.0,43.19,7.48,49.27,6.96,42.57,1043.5,145.1,61.63,2.44,103.4,6.8,67.0,139.3,Canada,FAO,2021
3224,Peas,Vegtables,36.8,-1.0,71.78,102.31,4.41,18.15,20.1,848.0,67.59,5.88,223.5,58.6,18.0,226.5,Canada,NutritionData.self.com,2018
1183,Onion,Grains,576.7,5.9,63.65,53.96,1.28,44.38,41.2,628.9,102.09,9.54,260.7,31.0,45.0,283.1,India,NutritionData.self.com,2023
4315,ORANGE,Dairy,,27.81,62.08,45.78,,38.53,1346.4,174.9,22.02,18.5,118.1,36.2,86.0,175.5,Mexico,FAO,2023
4428,MUSHROOM,Vegtables,105.3,42.23,,53.19,17.33,25.47,1504.7,893.8,57.0,15.3,456.0,84.2,37.0,133.8,Germany,NutritionData.self.com,2023
615,Spinach (BM),Oils,788.7,21.12,31.16,104.6,7.96,17.84,1962.4,1112.0,84.09,14.25,150.6,46.0,105.0,26.8,Brazil,USDA,2023
2096,Sweet Potato,Dairy,717.7,29.66,14.92,112.04,11.94,30.99,1063.1,790.9,83.96,2.52,395.6,29.3,16.0,20.4,Brazil,FAO,2020
1467,Tofu,Grains,879.9,26.95,10.67,57.78,0.36,9.53,1887.2,294.1,78.84,,279.6,20.0,100.0,150.6,Nigeria,NutritionData.self.com,2019
402,Tuna (Canned),Grains,814.2,48.34,22.3,,6.98,38.69,1328.5,962.6,8.18,13.19,322.4,19.5,46.0,253.1,Canada,USDA,2022
3043,Mushroom,Grains,119.7,2.14,76.29,53.87,14.09,,1399.6,499.5,21.57,16.85,96.0,61.6,90.0,105.6,India,USDA,2024
935,Milk (Whole),Proteins,171.1,19.53,,,0.38,43.66,670.6,275.2,136.44,5.05,231.9,21.6,30.0,104.5,India,Kaggle FoodDB,2024
2420,Mushroom,Legumes,361.4,35.73,,75.4,10.31,57.92,818.4,438.4,76.86,,81.2,9.4,39.0,75.6,India,Kaggle FoodDB,2024
2816,Carrot,Nuts & Seeds,699.0,25.85,8.09,14.77,13.07,43.83,570.8,247.4,82.36,2.63,476.7,43.6,4.0,39.7,UK,OpenFoodFacts,2022
4654,Tuna (Canned),nuts & seeds,767.2,11.32,55.8,29.11,,2.81,316.1,86.0,39.94,17.36,449.5,50.4,22.0,37.9,Germany,FAO,2021
2642,Sweet Potato,Nuts & Seeds,112.7,16.7,54.27,62.72,11.04,22.49,16.7,799.1,94.0,3.8,118.8,94.8,93.0,117.4,Nigeria,OpenFoodFacts,2024
4182,Quinoa,Vegtables,611.8,20.45,25.21,32.61,12.79,53.83,1175.5,1.9,9.19,7.75,321.7,85.0,80.0,182.1,USA,USDA,2019
727,Onion (IY),Vegetables,143.0,9.94,,,15.04,16.33,1324.1,207.9,164.23,6.18,120.3,43.7,102.0,161.1,USA,OpenFoodFacts,2024
827,Egg,Legumes,324.8,31.9,,35.73,19.33,13.22,600.5,325.8,73.34,6.55,243.6,81.3,87.0,199.7,Nigeria,OpenFoodFacts,2020
1522,ORANGE,Grains,,10.67,1.43,,19.54,39.32,,38.5,148.43,10.74,164.8,30.0,78.0,275.9,Nigeria,Kaggle FoodDB,2019
3912,Lamb,Legumes,,,11.14,67.64,17.57,1.95,734.4,510.6,142.58,1.57,462.8,47.4,45.0,154.2,Australia,USDA,2020
1832,Olive Oil (PR),Legumes,549.7,4.54,64.1,,6.17,59.46,547.2,271.8,199.75,14.52,,40.3,17.0,94.4,China,NutritionData.self.com,2024
2931,Carrot,Legumes,539.8,41.11,,90.59,,28.25,1274.2,209.7,150.36,1.24,341.9,4.2,12.0,74.6,Germany,NutritionData.self.com,2021
137,Tofu,Nuts & Seeds,476.5,30.2,9.54,3.3,5.04,,1815.1,1155.6,43.02,9.62,101.0,3.0,56.0,183.3,UK,OpenFoodFacts,2021
3591,Milk (Whole),Grains,857.3,42.38,18.8,18.91,10.63,50.31,215.6,323.8,3.56,12.84,51.8,79.1,98.0,34.2,Australia,Kaggle FoodDB,2023
629,Salmon,Proteins,52.3,,16.67,106.05,18.98,47.42,1747.1,947.7,171.33,5.07,461.8,7.2,18.0,292.5,USA,NutritionData.self.com,2022
335,Oats,Vegetables,,48.33,,63.02,16.03,,1284.6,252.0,90.82,,66.3,93.6,59.0,173.8,Australia,Kaggle FoodDB,2023
3854,Greek Yogurt (DI),Nuts & Seeds,845.9,34.52,7.7,54.18,19.98,23.89,1795.7,1020.4,76.37,10.24,255.3,30.4,78.0,246.6,India,Kaggle FoodDB,2023
391,Lamb  ,Fruits,891.6,7.06,70.91,,6.85,11.73,1334.7,1131.5,29.43,13.79,460.5,73.4,94.0,61.8,Mexico,FAO,2023
4524,ALMONDS,Nuts & Seeds,545.3,33.62,16.69,43.39,18.46,43.91,832.3,857.0,190.65,3.82,391.7,4.8,55.0,47.2,Mexico,USDA,2022
2629,Corn,Nuts & Seeds,454.6,45.07,46.01,,13.81,0.56,430.5,216.6,197.62,0.21,397.7,1.9,3.0,255.9,Australia,NutritionData.self.com,2020
4084,Pork Loin,Nuts & Seeds,677.4,37.77,,99.46,7.9,20.04,1770.5,139.9,133.82,5.55,171.2,28.4,74.0,239.7,UK,OpenFoodFacts,2022
1818,Pasta,Grains,696.9,46.63,17.73,7.47,11.9,4.73,1940.5,300.1,95.48,10.32,66.9,56.5,70.0,21.8,USA,Kaggle FoodDB,2019
401,Shrimp (ZH),Grains,110.7,12.28,13.74,74.74,14.74,30.8,1859.7,50.9,177.44,0.41,361.9,2.5,38.0,281.6,Germany,NutritionData.self.com,2021
711,Green Beans,Proteins,689.0,8.52,44.4,9.37,11.03,21.02,1968.6,155.3,62.59,,63.2,62.2,24.0,218.6,Canada,USDA,2019
1040,CHICKEN BREAST (JX),Nuts & Seeds,297.5,43.34,62.03,46.87,4.83,23.33,1267.3,1114.5,86.17,3.01,19.4,40.2,33.0,40.8,Nigeria,Kaggle FoodDB,2021
778,Strawberry,Proteins,655.6,7.39,,77.13,9.07,24.64,1415.5,72.8,160.03,10.98,267.6,66.3,84.0,178.0,China,Kaggle FoodDB,2023
3360,Beef (Lean),Dairy,600.4,8.01,23.79,15.37,19.94,57.2,24.9,203.4,82.14,0.86,143.7,27.6,19.0,215.3,Australia,Kaggle FoodDB,2018
47,Pork Loin (AS),Seafood,294.3,,18.57,17.2,6.27,3.29,326.2,587.4,52.21,12.59,149.0,35.6,51.0,225.8,USA,NutritionData.self.com,2023
1562,Cottage Cheese (QU),Seafood,228.4,16.24,20.3,91.58,3.5,25.35,97.9,202.2,178.9,2.41,346.3,28.3,47.0,202.5,Brazil,USDA,2020
3949,ONION (AC),Nuts & Seeds,163.5,12.36,,,13.95,5.85,372.9,341.0,,6.39,254.5,54.7,61.0,118.4,China,OpenFoodFacts,2019
4947,Zucchini,Dairy,568.4,16.61,3.94,33.54,0.76,8.71,815.7,163.3,,8.87,382.0,14.1,68.0,153.9,Mexico,OpenFoodFacts,2018
3643,Pineapple,Fruits,,13.84,51.61,,0.44,50.33,383.9,608.5,,13.39,165.3,51.7,23.0,259.9,Canada,NutritionData.self.com,2024
3727,COTTAGE CHEESE (SH),Legumes,74.4,20.25,79.24,3.67,7.95,43.02,0.0,56.6,164.89,17.42,98.9,2.8,20.0,225.8,Mexico,NutritionData.self.com,2021
4992,Olive Oil,dairy ,524.7,16.32,46.4,91.12,4.3,46.62,1535.7,673.1,198.33,7.99,477.2,46.2,100.0,30.7,Mexico,OpenFoodFacts,2022
1113,Onion,fruits,,46.17,2.43,,12.85,24.73,1183.8,773.0,87.82,6.97,127.7,32.5,87.0,286.2,UK,FAO,2019.
2514,Tuna (Canned),Seafood,469.2,5.73,41.31,65.43,16.7,55.39,731.5,895.5,181.46,14.44,14.6,55.3,16.0,17.1,India,USDA,2022
3609,GARLIC,Vegtables,835.9,32.05,18.27,111.7,14.34,34.43,463.9,570.0,111.31,1.01,182.1,48.3,20.0,196.2,Canada,FAO,2018
1224,Brown Rice,Seafood,850.4,18.4,73.21,,13.57,43.24,448.9,42.2,134.02,0.99,192.5,55.2,56.0,251.1,India,OpenFoodFacts,2019
3231,Milk (Whole) (QD),Seafood,476.9,10.23,3.73,23.1,,12.58,181.1,34.8,175.61,3.87,328.3,68.7,41.0,83.9,Brazil,FAO,2023
3024,Greek Yogurt,Fruits,312.6,20.58,54.03,114.85,4.43,28.83,426.8,209.9,,0.98,464.1,95.6,71.0,135.9,Australia,USDA,2021
2422,Salmon (PV),Seafood,40.5,34.53,34.75,21.44,18.79,32.48,,1082.3,118.07,11.43,401.7,27.8,67.0,72.6,Germany,Kaggle FoodDB,2021
1509,Onion,Fruits,,,27.17,25.79,13.32,,1724.6,599.3,56.16,19.21,33.5,64.2,84.0,47.9,Germany,NutritionData.self.com,2023
1751,Spinach,Fruits,491.1,,42.67,96.97,0.97,25.8,582.5,161.6,1.55,17.72,206.6,68.9,100.0,156.0,USA,USDA,2024
4986,GARLIC,Proteins,154.8,27.96,,107.47,16.53,36.46,584.8,932.3,135.75,8.86,277.7,33.0,22.0,49.1,Mexico,FAO,2018
4225,Pineapple (QZ),Oils,533.2,44.98,41.75,35.5,9.78,24.67,1590.1,865.6,60.15,16.4,39.5,58.5,27.0,82.1,Canada,FAO,2022
1800,Bread (Whole Wheat),Vegtables,30.7,26.39,31.61,108.26,8.28,9.92,,40.0,23.9,15.82,416.6,87.8,42.0,136.4,USA,NutritionData.self.com,2022
339,Cheddar Cheese,Oils,437.3,45.49,28.04,56.36,11.02,36.44,918.0,234.5,105.56,6.92,208.6,15.4,41.0,104.0,Brazil,Kaggle FoodDB,2022
216,Peas,Vegetables,228.8,30.45,62.72,64.73,7.33,6.46,78.4,1194.3,81.76,18.52,96.1,44.9,95.0,295.8,India,Kaggle FoodDB,2022
3664,Celery,Dairy,50.7,24.95,55.02,63.41,19.44,47.92,1812.8,519.8,168.86,3.83,6.5,7.2,22.0,142.1,Canada,OpenFoodFacts,2024
1342,Egg (OX),Fruits,427.1,32.3,13.59,87.81,12.65,55.93,107.3,482.7,139.1,10.52,290.0,15.7,88.0,292.2,Australia,FAO,2022
12,Mushroom,Vegetables,,35.36,,20.57,0.66,30.93,1791.3,236.6,110.63,15.22,,51.0,80.0,129.2,USA,OpenFoodFacts,2022
3887,Carrot (PP),PROTEINS,826.5,36.27,53.6,42.02,6.85,54.71,319.5,1196.6,145.71,6.92,310.5,6.2,77.0,273.2,India,OpenFoodFacts,2023.
1521,Tomato (EX),Seafood,73.0,11.36,54.87,21.32,0.63,1.64,,1026.7,184.02,14.96,55.8,9.2,105.0,107.1,USA,NutritionData.self.com,2021
3895,Tofu (ZF),Vegtables,663.7,0.58,44.24,36.08,4.19,40.72,1333.1,896.5,185.61,0.3,154.9,90.1,32.0,49.7,Brazil,USDA,2022
3641,Carrot (ZT),Legumes,229.6,41.38,41.02,102.07,2.83,37.49,341.2,284.5,59.79,6.43,129.3,60.7,105.0,185.4,Nigeria,OpenFoodFacts,2023.
330,Chicken Breast (EN),Fruits,238.0,25.57,69.8,58.58,12.18,25.39,593.5,948.2,110.97,,213.7,14.1,8.0,113.4,India,USDA,2024
4025,Cheddar Cheese (NS)  ,Proteins,612.3,25.93,46.84,41.5,8.12,44.16,1484.9,46.6,107.99,1.8,76.7,56.1,78.0,188.9,Germany,USDA,2024
3005,Tomato,dairy ,523.1,,0.81,105.16,14.7,20.71,,490.4,122.25,14.81,461.4,27.1,34.0,223.2,China,NutritionData.self.com,2022
2865,Cheddar Cheese,Fruits,,15.89,41.71,95.07,2.16,26.33,840.9,48.4,149.6,0.09,306.5,87.4,78.0,136.0,China,FAO,2020
3116,Green Beans,Vegetables,-999.0,14.1,41.77,11.44,1.52,23.83,538.9,401.8,3.96,7.1,123.8,23.2,14.0,148.1,Germany,NutritionData.self.com,2024
4989,Black Beans,Proteins,663.5,1.77,53.42,28.4,16.95,27.95,747.0,1149.6,32.0,2.84,402.4,22.5,80.0,199.0,India,NutritionData.self.com,2018
2323,Mushroom,Vegetables,555.0,24.17,11.23,73.61,3.91,53.07,1707.8,352.0,118.64,10.88,418.9,13.3,106.0,138.4,USA,OpenFoodFacts,2023
2572,Oats,Dairy,817.4,27.16,64.91,118.79,19.69,2.15,1713.4,862.5,99.06,3.23,,48.6,25.0,294.6,Brazil,NutritionData.self.com,2023
2914,Shrimp (DK),Legumes,870.8,2.56,9.32,110.5,8.21,37.4,232.3,580.3,106.64,1.62,376.1,97.9,104.0,40.6,Germany,Kaggle FoodDB,2021.
102,Pasta,Nuts & Seeds,580.0,28.92,49.4,6.92,1.07,,374.5,148.3,146.41,19.88,85.3,75.5,8.0,174.0,Australia,USDA,2022
3550,PORK LOIN (YG),nuts & seeds,515.8,4.87,8.13,6.02,9.0,48.53,1529.1,587.1,88.7,7.92,200.8,68.9,34.0,135.4,UK,OpenFoodFacts,2021
1459,PINEAPPLE (FP),Oils,209.8,2.15,72.41,29.5,,9.0,1427.0,603.2,170.53,17.97,379.9,76.8,100.0,68.9,Brazil,OpenFoodFacts,2024.
172,Apple,Nuts & Seeds,34.6,28.31,11.19,13.03,,,1882.7,255.1,183.0,,119.7,40.0,101.0,26.9,Germany,USDA,2021
108,Pineapple,Nuts & Seeds,684.9,5.06,40.95,50.29,16.57,34.95,794.5,884.5,,0.67,264.4,29.7,109.0,12.1,Mexico,NutritionData.self.com,2024
4328,Peas (PZ),Grains,884.6,10.48,29.73,65.52,1.2,34.37,1569.2,94.7,58.2,18.25,130.3,35.5,60.0,170.3,Australia,OpenFoodFacts,2024
3570,PINEAPPLE,Seafood,778.7,13.79,68.04,60.85,5.92,7.04,1172.6,779.0,194.22,12.65,348.6,15.6,85.0,16.0,Nigeria,USDA,2020
3289,Lamb (ZF),Nuts & Seeds,813.6,3.82,23.32,99.44,18.97,49.37,51.4,1061.0,147.57,7.18,116.7,88.4,86.0,232.2,Germany,OpenFoodFacts,2021.
3875,ALMONDS,Vegetables,,46.24,32.17,106.6,14.49,43.34,547.7,91.1,48.84,14.44,197.6,82.2,73.0,277.9,UK,FAO,2019
4430,Black Beans,Dairy,721.8,41.45,7.06,,4.26,1.29,44.5,30.9,67.98,6.91,142.7,55.0,41.0,30.1,China,NutritionData.self.com,2024
25,Kale (EJ)  ,Fruits,,46.52,58.89,11.99,10.62,17.44,1535.1,428.4,30.92,10.18,79.2,12.1,44.0,216.1,Australia,Kaggle FoodDB,2024
4104,Lentils,Oils,173.7,35.84,24.28,41.02,12.16,34.17,1698.1,80.9,16.88,9.13,345.4,75.3,69.0,148.8,Brazil,USDA,2024
4252,Brown Rice,Fruits,74.6,31.71,68.45,48.86,19.24,54.46,1647.0,852.3,84.01,8.97,,41.3,14.0,25.5,UK,OpenFoodFacts,2018
939,Beef (Lean),Vegetables,123.6,,,30.27,1.51,32.35,572.5,904.0,157.67,9.03,211.8,23.5,109.0,201.5,Mexico,Kaggle FoodDB,2019
61,Lamb (CM),Vegetables,362.0,46.65,20.65,2.02,8.76,4.26,1122.1,349.6,62.4,4.41,166.4,15.1,50.0,232.8,Brazil,USDA,2024
1241,Pasta (YB),fruits,784.4,46.0,18.48,60.12,16.7,16.81,693.5,422.1,169.61,,232.1,88.4,60.0,286.0,Australia,USDA,2019
3480,Milk (Whole) (LM),Seafood,,47.82,69.18,69.11,15.7,4.23,1833.2,685.9,51.42,7.26,203.8,81.0,93.0,163.2,USA,USDA,2020
1041,BEEF (LEAN),Seafood,494.8,,45.95,13.15,14.14,,1379.5,1094.3,114.39,13.43,307.6,53.4,89.0,143.3,Canada,Kaggle FoodDB,2020
4318,Pineapple,Vegetables,55.5,18.56,3.91,118.28,,31.96,202.8,488.4,158.51,12.87,354.3,21.6,10.0,173.4,UK,OpenFoodFacts,2018
2761,CHICKEN BREAST,Seafood,149.6,30.73,12.06,76.89,14.78,38.51,403.7,168.1,161.2,16.6,,31.0,34.0,123.8,Mexico,USDA,2022
2121,CARROT,Dairy,727.2,45.38,27.92,26.55,16.74,,99999.0,762.4,148.35,,432.3,49.8,74.0,282.9,USA,FAO,2024
1525,Almonds,Dairy,447.6,3.43,45.63,66.53,11.54,7.36,,296.8,170.64,,365.0,90.3,38.0,155.1,Brazil,USDA,2021
3522,BELL PEPPER,Oils,432.8,21.28,19.47,39.81,17.15,46.64,210.8,692.8,158.06,4.07,462.0,74.3,21.0,285.6,Germany,Kaggle FoodDB,2019
154,Banana,Fruits,450.7,38.04,4.25,25.32,12.66,56.93,387.0,768.0,135.05,10.77,177.1,42.3,109.0,138.0,India,USDA,2020
2249,Lamb (QZ),Fruits,547.1,8.23,16.75,98.39,17.23,,436.1,1102.7,142.98,7.97,40.7,12.1,103.0,259.1,Canada,Kaggle FoodDB,2022
482,Mushroom,Grains,632.3,14.77,55.57,25.39,1.76,5.37,143.4,326.8,114.56,8.51,212.9,23.8,90.0,193.9,Mexico,NutritionData.self.com,2023
4796,Tuna (Canned) (SW),Nuts & Seeds,302.0,28.7,66.96,97.0,8.32,47.85,6.2,239.9,95.51,8.16,463.1,81.6,10.0,63.3,USA,FAO,2023
4440,BELL PEPPER,Fruits,231.8,35.79,27.23,106.18,8.04,19.11,1486.7,799.3,175.61,11.3,232.8,74.6,102.0,249.0,Australia,USDA,2018
3579,OATS,Seafood,672.6,17.29,77.49,16.23,12.87,36.7,326.8,626.3,41.88,7.15,312.0,76.2,107.0,34.0,Mexico,FAO,2024
4255,Green Beans  ,Vegetables,162.5,38.56,,17.62,16.41,56.96,631.8,553.8,184.02,6.0,,40.8,79.0,252.7,Australia,USDA,2021
3921,MILK (WHOLE) (FD),Seafood,853.1,26.4,13.85,54.85,14.66,26.88,1588.5,401.1,14.28,,39.3,36.3,8.0,244.3,Brazil,USDA,2023
3563,Sweet Potato (UA),Oils,70.1,32.84,48.09,14.02,7.76,11.59,1275.9,1188.9,76.31,7.82,208.9,34.2,51.0,104.8,India,NutritionData.self.com,2022
3316,AVOCADO (DN),Grains,602.3,15.0,,95.59,18.58,25.69,777.7,76.4,165.83,6.12,263.7,45.9,55.0,93.0,Nigeria,Kaggle FoodDB,2020.
1763,Blueberries,Fruits,106.3,8.29,45.22,,10.52,52.25,545.1,213.1,167.89,3.26,438.8,62.1,23.0,252.4,USA,USDA,2024
3539,Black Beans (FT),Fruits,613.1,23.59,66.74,35.15,0.09,29.87,965.8,164.8,18.07,1.89,272.2,42.6,89.0,239.1,Germany,OpenFoodFacts,2022
4951,Peanut Butter (DU),Proteins,367.6,25.67,,62.63,1.12,,171.7,787.0,190.88,6.97,,62.6,27.0,105.0,Germany,NutritionData.self.com,2024
751,Milk (Whole),Vegetables,122.9,12.26,34.12,54.82,17.91,53.71,,824.0,29.76,8.42,216.5,16.7,98.0,204.2,Mexico,USDA,2019
3620,Milk (Whole),Nuts & Seeds,174.1,8.14,2.68,26.4,16.22,47.82,510.7,574.6,92.19,18.71,51.8,29.1,107.0,234.9,Mexico,NutritionData.self.com,2020
1786,Egg,Nuts & Seeds,807.7,43.75,,70.61,,7.3,1915.6,233.7,52.65,,,30.9,4.0,202.8,Canada,OpenFoodFacts,2022
4405,Mushroom,Nuts & Seeds,890.8,,42.37,93.31,16.06,31.9,608.4,575.1,133.83,9.72,430.4,69.1,87.0,248.5,China,FAO,2022
3384,Salmon,fruits,248.4,42.64,34.51,64.12,18.33,57.54,1709.4,581.4,,1.74,394.7,25.1,109.0,141.1,Australia,FAO,2024
4268,Tofu,Fruits,74.1,14.08,4.86,90.2,11.86,17.9,469.5,471.5,110.35,9.08,313.6,46.4,93.0,100.3,Nigeria,USDA,2021
406,Lamb,Nuts & Seeds,808.1,44.79,,30.07,8.53,21.55,169.4,474.7,138.27,16.45,,46.2,26.0,116.3,Mexico,USDA,2024
758,Orange,Vegetables,489.4,21.56,60.04,32.02,18.23,40.45,1967.6,858.1,44.62,13.32,51.6,32.0,72.0,208.4,USA,Kaggle FoodDB,2023.
2712,Tofu,fruits,475.8,18.4,13.41,88.14,10.98,,247.4,375.5,190.49,,,14.1,85.0,182.0,Germany,FAO,2019
2671,Tuna (Canned),Oils,587.5,38.51,5.74,2.25,19.4,40.97,202.2,897.8,83.41,3.86,8.2,17.2,28.0,68.4,Germany,NutritionData.self.com,2020
4167,Avocado,Vegetables,231.5,42.71,24.86,2.59,17.9,5.41,505.3,300.1,62.06,14.92,144.3,34.8,38.0,118.9,Germany,NutritionData.self.com,2020
98,Broccoli,Oils,396.2,13.19,57.67,67.09,11.94,54.21,,316.4,8.32,15.43,434.7,90.9,50.0,156.9,Nigeria,FAO,2018
1334,Sweet Potato,Oils,896.8,25.48,58.38,111.31,13.25,3.24,299.2,1180.3,184.55,15.91,120.1,90.2,99.0,294.7,India,OpenFoodFacts,2023
4591,Watermelon,Proteins,526.1,25.56,58.71,90.25,8.19,5.06,261.3,1013.7,40.06,7.4,189.4,19.5,N/A,276.7,UK,Kaggle FoodDB,2022
2792,WATERMELON,Seafood,883.4,11.04,13.95,56.05,14.56,53.94,267.9,726.4,106.21,9.48,209.8,61.7,34.0,214.6,Nigeria,NutritionData.self.com,2023
2855,Corn (GQ),Dairy,109.6,24.83,26.74,10.81,7.15,57.99,1609.7,588.9,28.01,15.14,363.9,57.0,58.0,196.8,Nigeria,NutritionData.self.com,2023
187,Green Beans,Proteins,739.2,33.86,67.93,50.84,3.87,,119.6,173.7,116.55,5.83,384.0,42.2,41.0,168.4,USA,FAO,2024
1137,GREEN BEANS,Nuts & Seeds,769.1,20.58,24.79,51.79,19.44,38.77,793.7,1122.7,130.69,2.18,414.6,90.4,63.0,197.4,Germany,Kaggle FoodDB,2022
2724,CARROT,Dairy,423.0,37.44,72.57,100.63,6.77,17.32,1278.4,1136.6,,15.02,389.8,22.6,56.0,238.6,Canada,NutritionData.self.com,2024
3584,Celery  ,Seafood,776.6,,61.34,99.49,8.75,49.08,162.5,263.9,7.13,,182.8,85.3,56.0,228.9,USA,USDA,2022
2059,GREEK YOGURT,Vegtables,592.9,44.99,,86.37,8.54,27.76,,1186.0,35.55,,366.0,42.1,100.0,211.8,USA,USDA,2019
1320,Mango,Proteins,73.1,1.56,75.77,71.34,6.9,50.69,135.3,584.0,100.01,10.49,6.6,12.6,4.0,154.0,USA,NutritionData.self.com,2018
4330,Milk (Whole),Proteins,736.7,40.5,12.19,34.37,4.82,31.23,743.9,1136.9,113.95,3.85,126.4,30.2,68.0,241.9,Mexico,USDA,2022
149,BELL PEPPER,Legumes,65.3,,68.64,112.6,,9.22,1047.0,408.5,192.87,11.64,195.4,26.5,42.0,268.8,Nigeria,Kaggle FoodDB,2024
29,Beef (Lean) (EJ),seafood,541.3,36.33,,58.5,4.38,6.21,640.7,1130.2,165.91,2.99,57.3,50.2,4.0,291.6,Australia,FAO,2021
4270,Cucumber,Proteins,847.6,14.53,24.36,92.13,3.8,47.27,346.6,87.1,96.46,12.68,,68.5,59.0,179.0,UK,USDA,2024
1395,SALMON,Seafood,316.6,49.53,,49.57,16.66,40.29,1394.4,892.4,13.37,16.08,122.8,81.4,78.0,101.7,USA,USDA,2018
3364,Beef (Lean),Proteins,252.4,22.72,29.79,12.62,,13.83,1866.4,885.7,105.2,5.51,199.6,53.8,102.0,71.5,India,OpenFoodFacts,2022.
693,Cucumber (DU),Vegetables,466.7,34.2,76.41,,16.9,57.89,317.5,758.9,127.72,8.15,192.3,61.6,1.0,287.2,China,USDA,2019
2867,Almonds,Vegetables,474.7,9.77,,9.8,15.27,19.63,703.4,995.1,163.01,8.66,65.9,40.8,65.0,292.5,UK,FAO,2019
3777,Greek Yogurt  ,Oils,742.5,48.69,32.44,24.82,14.02,36.91,1238.4,953.2,100.47,19.7,338.5,93.5,101.0,17.9,UK,FAO,2018
1387,BELL PEPPER,Dairy,700.7,27.91,3.55,4.89,16.89,25.76,1977.8,662.3,,6.8,426.7,51.3,10.0,46.8,Nigeria,OpenFoodFacts,2019
1846,Oats,Nuts & Seeds,231.8,9.76,5.04,81.44,17.09,2.79,,621.1,136.69,13.61,460.3,70.6,68.0,187.6,Nigeria,NutritionData.self.com,2020
4878,Egg,Grains,632.6,,74.48,43.97,2.11,46.45,213.5,789.9,89.09,5.49,395.3,12.3,5.0,191.4,Canada,OpenFoodFacts,2023
130,Cheddar Cheese,Oils,469.5,42.62,54.55,41.09,,5.9,365.6,112.9,194.28,10.25,274.0,41.2,6.0,281.5,Canada,FAO,2019
1600,Green Beans,Legumes,806.9,29.12,52.5,92.9,15.45,21.58,1419.1,651.0,145.72,15.22,158.6,74.5,33.0,236.1,Canada,OpenFoodFacts,2021
3630,Bell Pepper,Nuts & Seeds,,34.37,79.86,87.18,12.65,13.46,253.3,536.3,164.52,8.94,474.4,77.0,28.0,118.0,Brazil,Kaggle FoodDB,2020
4875,EGG,Grains,283.9,30.0,61.94,31.28,1.15,33.27,,127.1,48.39,8.64,9.9,43.9,62.0,229.4,Canada,USDA,2019
702,Tofu (SY),nuts & seeds,65.6,17.79,35.45,14.31,6.58,,1906.3,267.0,,2.97,320.8,10.9,22.0,54.5,China,Kaggle FoodDB,2023
3548,Avocado,Dairy,446.4,18.75,44.24,52.52,19.35,35.2,1097.3,820.5,,6.1,291.8,31.5,39.0,248.0,Mexico,USDA,2020
3029,Corn,seafood,,26.27,14.88,101.17,0.13,21.18,670.2,257.6,165.55,18.11,196.1,26.9,32.0,143.6,Mexico,USDA,2022
2970,Egg,Seafood,456.7,44.77,19.01,,8.1,57.14,1629.1,1152.0,130.87,1.46,334.1,35.8,46.0,199.3,USA,FAO,2020
4675,Oats,Dairy,378.8,19.97,13.66,24.35,5.52,16.07,1575.4,187.8,136.49,12.59,12.3,75.2,8.0,118.1,Canada,FAO,2023
1709,Spinach (UW),Legumes,565.2,33.11,30.02,72.71,9.31,26.72,772.1,253.4,,0.14,312.7,65.6,87.0,190.5,USA,USDA,2023
2954,Tofu (RD),Grains,426.3,2.95,23.39,44.2,6.96,12.49,458.9,55.4,41.98,12.21,247.5,51.6,29.0,128.7,UK,FAO,2024
455,Pineapple (BI),Grainss,117.9,35.23,65.15,23.3,12.5,15.2,878.9,367.2,,8.52,443.0,70.1,N/A,284.2,India,FAO,2021
2869,TOFU,Vegetables,268.6,17.96,46.79,61.7,16.53,29.15,118.6,654.9,199.02,17.02,384.3,8.8,27.0,46.0,Canada,NutritionData.self.com,2022
2041,Mango,Proteins,768.5,39.22,49.88,61.17,14.5,17.32,133.9,995.1,109.69,2.11,258.9,9.6,91.0,239.3,India,USDA,2021
1773,TOMATO,Proteins,805.0,31.84,19.16,77.85,14.16,56.26,1256.5,453.4,94.08,4.55,0.8,14.1,66.0,265.4,Brazil,USDA,2019
2316,Salmon,Vegetables,135.7,49.47,17.24,87.04,4.71,7.0,596.4,232.2,,3.11,422.9,23.4,16.0,170.6,China,OpenFoodFacts,2022
610,Milk (Whole),Seafood,,23.02,69.5,66.32,,45.19,246.7,1005.3,2.59,15.65,255.9,41.0,38.0,235.3,Canada,NutritionData.self.com,2022.
168,Spinach,Oils,184.1,6.6,27.56,23.52,,13.75,1700.8,532.8,50.09,7.5,353.6,94.3,93.0,75.7,China,Kaggle FoodDB,2018
731,Kale,Dairy,164.6,41.09,29.13,91.09,19.02,29.75,448.8,408.9,65.06,10.21,18.8,34.0,108.0,194.5,Brazil,OpenFoodFacts,2023
4382,ZUCCHINI (UD),Oils,82.6,15.1,,1.53,17.16,42.64,405.2,964.5,82.96,10.65,438.9,33.0,91.0,119.4,Australia,USDA,2024
2075,Quinoa,Legumes,794.0,25.23,,68.43,17.42,,574.7,583.8,,10.84,371.7,7.5,23.0,36.6,India,OpenFoodFacts,2024
4053,Chicken Breast,Dairy,744.5,2.14,53.81,116.43,10.17,41.0,1188.5,623.1,24.95,1.73,402.0,77.3,105.0,111.9,Brazil,NutritionData.self.com,2022
4197,Chicken Breast,Dairy,42.6,36.97,12.29,,13.31,52.41,,73.3,8.8,14.24,131.5,13.9,11.0,92.0,USA,OpenFoodFacts,2023
1623,CORN,Fruits,514.8,24.31,5.22,50.77,16.94,50.0,1094.5,702.4,60.87,17.2,454.0,25.6,11.0,276.7,Canada,USDA,2022
4527,Apple,Nuts & Seeds,679.9,44.55,31.99,72.85,4.23,58.82,1267.7,1106.0,176.58,18.64,48.9,70.3,47.0,83.4,UK,NutritionData.self.com,2024
41,Quinoa (DM),Seafood,127.4,38.13,,,4.04,57.58,929.7,984.9,100.41,16.5,340.6,25.7,N/A,193.8,China,Kaggle FoodDB,2019
2090,ALMONDS (FQ),dairy ,354.8,4.38,43.94,115.26,10.24,56.64,833.2,224.6,198.89,3.99,179.2,59.2,28.0,118.8,Mexico,Kaggle FoodDB,2022
3925,Spinach,legumes,891.5,7.96,44.64,30.06,10.41,45.06,982.9,544.3,147.51,10.08,285.6,26.6,93.0,291.5,UK,USDA,2019
2176,Watermelon,Dairy,756.6,,54.49,86.38,12.82,40.86,770.7,301.3,95.23,8.47,307.0,17.9,48.0,277.0,USA,Kaggle FoodDB,2018
75,Chicken Breast (BG),Oils,642.0,,78.64,111.81,15.99,48.49,934.5,736.5,180.22,,91.0,81.4,99.0,156.1,USA,OpenFoodFacts,2020
4134,Carrot,Nuts & Seeds,577.7,13.5,37.37,75.16,14.65,51.12,1894.9,732.4,51.07,12.37,344.6,55.7,30.0,176.8,Germany,FAO,2019
1285,Kale (CP),Legumes,,10.45,70.38,21.7,5.91,16.83,1409.7,802.4,185.82,9.46,411.7,61.8,59.0,297.7,Canada,NutritionData.self.com,2020
2658,Almonds (XD),Dairy,768.3,33.5,0.63,110.27,6.24,11.7,850.8,952.7,41.62,2.98,261.8,28.0,13.0,215.9,Mexico,NutritionData.self.com,2020
3181,White Rice,Grains,117.2,0.44,7.46,105.26,11.95,,471.8,845.0,,11.09,297.2,93.4,74.0,207.4,Australia,FAO,2020
2077,Mushroom (XN),Oils,230.1,28.74,15.15,,8.29,37.49,799.9,133.3,135.99,6.81,205.5,51.5,N/A,211.8,Brazil,USDA,2020
442,Turkey Breast,dairy ,-999.0,,60.76,,5.35,20.21,1526.4,1027.1,,13.86,376.5,86.6,26.0,188.3,Australia,USDA,2021
2052,Beef (Lean),Grains,446.5,26.41,26.39,10.96,4.67,3.14,827.3,930.5,82.84,,371.7,21.2,32.0,255.1,Canada,USDA,2022
2542,Beef (Lean)  ,Legumes,694.2,3.15,34.09,,4.37,43.18,198.0,417.1,120.33,8.71,315.6,50.4,55.0,18.2,USA,OpenFoodFacts,2021
1302,Avocado,Dairy,843.9,22.19,15.81,75.72,16.29,51.6,1764.5,1116.2,107.28,,409.9,71.3,32.0,288.6,Brazil,OpenFoodFacts,2021
3431,Tofu,legumes,531.2,10.03,,,18.0,9.88,309.1,172.4,132.21,5.2,9.2,13.8,73.0,116.6,Mexico,USDA,2023
1305,TOMATO,Nuts & Seeds,644.0,19.18,1.85,76.14,2.02,,743.1,1157.6,58.79,4.79,138.1,31.8,103.0,62.0,UK,NutritionData.self.com,2018
237,Brown Rice (QT),Grains,267.1,34.62,61.85,45.1,2.36,38.12,1337.0,907.0,47.79,2.37,86.1,47.1,96.0,56.1,USA,Kaggle FoodDB,2021
4307,LENTILS,Grainss,439.6,12.7,11.67,37.56,1.88,14.32,,780.4,142.39,10.53,354.8,8.3,N/A,246.6,Mexico,NutritionData.self.com,2018
2600,Watermelon,nuts & seeds,137.8,14.13,44.61,93.19,12.2,24.33,971.7,820.0,106.7,7.02,413.7,71.3,107.0,289.2,Germany,OpenFoodFacts,2021
2574,White Rice (FM),Seafood,439.3,37.34,9.74,,13.25,27.04,751.7,327.8,140.55,6.83,132.9,12.5,13.0,215.8,Brazil,OpenFoodFacts,2019
3281,Zucchini (BY),nuts & seeds,417.1,16.84,61.72,114.31,4.99,26.79,999.7,159.6,75.29,5.48,349.0,14.9,15.0,28.1,Mexico,FAO,2018
3187,Kale,Legumes,334.1,12.13,18.85,7.88,16.97,46.84,1159.9,190.9,124.17,13.36,97.2,14.2,76.0,83.4,Germany,Kaggle FoodDB,2021.
3954,Apple (CT),Grains,139.2,28.28,62.97,82.95,6.16,45.39,1974.0,136.6,106.15,7.56,295.5,9.4,85.0,110.6,Nigeria,USDA,2019
2769,Carrot,Grains,460.5,5.24,23.93,48.12,10.89,0.07,1787.1,996.5,96.68,13.53,168.7,80.4,29.0,85.8,USA,OpenFoodFacts,2018
2107,Orange,Seafood,774.3,,60.71,87.18,1.26,30.4,307.3,979.7,128.84,0.18,190.1,93.9,19.0,166.9,Germany,Kaggle FoodDB,2022.
2680,Cottage Cheese (NI),Grains,474.0,2.77,19.67,33.69,15.57,25.08,1008.2,1132.3,82.56,16.28,458.1,37.5,55.0,273.3,Brazil,USDA,2019
2762,White Rice,Legumes,26.9,4.48,49.64,97.61,18.36,,1219.1,217.4,13.82,11.54,391.2,98.7,32.0,16.1,China,FAO,2022
1388,Celery,Nuts & Seeds,135.2,37.16,65.4,80.67,,10.63,1204.9,302.1,72.99,9.02,486.4,4.0,82.0,21.4,UK,USDA,2018
4841,Pork Loin,Dairy,861.0,42.96,,118.89,5.54,40.86,1515.2,576.0,133.75,12.56,15.7,78.6,6.0,161.2,UK,OpenFoodFacts,2019
4666,Tuna (Canned),Vegetables,644.3,37.26,43.08,75.5,8.72,15.82,779.3,1121.2,31.11,2.2,406.0,55.2,73.0,203.0,Canada,OpenFoodFacts,2023
1280,Pork Loin,Nuts & Seeds,,9.83,60.91,,4.17,10.77,1992.1,1134.6,155.71,12.57,387.6,82.7,98.0,157.9,Australia,FAO,2018
3500,Oats,Oils,668.9,15.87,56.72,15.64,9.54,6.16,,903.9,28.49,1.34,329.5,47.3,98.0,83.9,UK,NutritionData.self.com,2022
1556,Spinach,Seafood,206.6,35.68,45.19,,5.62,22.32,1061.5,1163.5,110.45,1.98,405.6,86.1,101.0,221.1,USA,OpenFoodFacts,2019
3191,CUCUMBER,Vegetables,290.9,43.68,67.01,,,5.77,,1104.8,40.19,17.18,378.5,86.6,100.0,56.1,UK,USDA,2024
4836,Green Beans  ,Vegetables,97.0,0.85,34.77,19.26,2.79,14.47,733.7,309.2,12.81,9.94,260.7,32.1,N/A,187.2,Mexico,Kaggle FoodDB,2022
3595,Avocado (EL)  ,Dairy,450.9,37.04,36.55,,10.11,29.24,61.4,24.9,173.05,5.04,208.0,68.5,N/A,29.3,UK,Kaggle FoodDB,2022
1921,Celery,Fruits,632.1,46.73,65.84,,3.02,49.22,95.1,638.8,40.02,7.27,446.4,81.7,40.0,106.2,China,NutritionData.self.com,2024
514,EGG (OK),Grains,782.1,35.41,35.4,,13.04,42.11,,795.4,89.38,4.23,349.5,34.2,94.0,83.9,UK,Kaggle FoodDB,2022
1309,Banana,Oils,318.7,26.34,56.68,44.23,,16.21,1220.8,265.9,130.69,0.78,,16.7,56.0,189.9,Mexico,FAO,2023
915,Pineapple,Proteins,505.8,25.91,68.72,100.36,9.93,59.47,1103.2,434.5,24.54,2.53,253.8,75.7,36.0,19.0,USA,Kaggle FoodDB,2020
3453,Milk (Whole),Legumes,616.2,34.77,71.47,79.65,0.08,35.19,494.9,772.7,43.12,3.05,180.7,2.7,74.0,113.2,Australia,OpenFoodFacts,2021.
3696,Black Beans,Vegetables,46.5,,6.85,,9.83,4.37,1139.4,1102.2,95.49,10.4,248.2,83.9,88.0,34.4,Australia,NutritionData.self.com,2020
3157,Shrimp,Fruits,843.9,35.63,,85.67,,6.25,646.8,587.6,67.01,8.34,442.2,33.8,95.0,286.8,Mexico,NutritionData.self.com,2023
2199,Sweet Potato,Grainss,501.1,46.63,,11.75,12.5,26.23,591.2,496.6,189.75,6.26,351.8,96.8,26.0,298.1,Canada,OpenFoodFacts,2024
775,Bread (Whole Wheat),Legumes,721.6,1.5,17.11,117.56,16.85,52.85,922.6,1098.2,115.99,14.43,266.0,40.1,69.0,112.1,Canada,Kaggle FoodDB,2024
944,Garlic,Legumes,750.2,43.98,25.6,17.05,13.32,50.96,1643.0,286.5,47.68,0.63,112.6,98.7,76.0,94.3,Mexico,USDA,2018
823,Cottage Cheese,Dairy,,35.46,76.37,95.11,17.31,41.82,372.5,312.3,98.57,4.8,277.0,29.5,N/A,43.0,India,Kaggle FoodDB,2019
165,Almonds (HI),Fruits,99.5,7.48,73.24,35.83,7.34,43.14,1146.7,749.6,168.51,12.94,492.0,47.3,96.0,114.8,Brazil,FAO,2023.
3984,Cottage Cheese (CL),dairy ,218.9,,22.78,44.89,13.1,0.48,725.3,343.0,13.27,11.73,463.6,41.7,31.0,96.8,India,NutritionData.self.com,2019
2539,APPLE,Dairy,683.0,20.29,20.42,,18.32,22.78,1914.6,353.8,105.35,12.83,,66.8,100.0,275.9,Brazil,FAO,2021
4923,Onion,Nuts & Seeds,545.7,30.29,73.68,69.56,2.25,47.43,1364.6,584.5,23.47,0.07,137.8,7.6,102.0,86.3,Nigeria,FAO,2022
1312,Cottage Cheese,Oils,807.4,26.26,40.71,109.74,17.5,36.11,1800.3,895.6,11.41,6.14,187.6,6.0,45.0,15.3,USA,NutritionData.self.com,2019
4687,TUNA (CANNED),oils,142.5,14.35,27.64,54.75,9.05,45.22,195.8,323.6,29.21,17.21,,77.2,93.0,237.9,Australia,FAO,2019
4308,White Rice,dairy ,574.5,36.62,14.82,19.27,10.64,38.12,1351.1,254.3,,12.28,52.2,2.8,83.0,65.7,USA,NutritionData.self.com,2023
4788,Mushroom,Nuts & Seeds,816.7,10.64,43.05,8.67,15.49,50.46,,606.2,83.97,,66.5,40.4,48.0,269.7,Australia,NutritionData.self.com,2022
3301,MUSHROOM,Oils,401.5,39.43,41.34,76.34,1.87,41.06,320.1,1014.7,90.51,1.64,142.5,80.0,75.0,293.2,China,USDA,2018
3311,Olive Oil,Legumes,656.0,23.89,24.46,43.61,,1.08,1954.2,269.7,136.73,19.33,225.3,39.8,3.0,148.2,Brazil,FAO,2020
328,Quinoa (VO),Dairy,558.3,7.81,18.62,20.24,15.18,4.84,1963.3,1077.4,186.37,12.98,290.8,81.1,109.0,158.1,Brazil,Kaggle FoodDB,2024
2491,Kale,Vegetables,271.5,5.56,64.35,111.56,13.5,30.97,1555.1,994.2,79.45,0.4,457.9,62.7,40.0,219.8,India,FAO,2024
4831,Cottage Cheese (IX),Dairy,720.9,20.53,36.16,99.2,0.48,18.98,1352.2,1052.1,,8.03,248.6,52.8,47.0,67.0,Canada,OpenFoodFacts,2018
833,Olive Oil,Proteins,144.0,40.82,29.07,54.28,19.81,55.73,1915.7,971.6,198.39,14.37,176.3,75.3,82.0,218.8,Australia,OpenFoodFacts,2022
3080,Avocado,Grains,851.4,24.35,75.56,81.32,12.15,59.33,1295.0,581.8,56.99,1.67,492.7,82.1,78.0,142.5,USA,FAO,2024.
3463,Lentils (NR),Oils,579.6,13.59,28.89,74.05,0.84,5.2,1760.4,736.9,186.08,18.88,162.4,61.8,95.0,31.0,Canada,USDA,2022.
4528,CORN (VN),seafood,823.5,4.81,28.86,34.98,,33.27,1268.7,666.9,77.26,1.25,79.1,0.4,31.0,100.9,Mexico,Kaggle FoodDB,2020.
55,Avocado,Seafood,546.2,21.87,41.99,56.61,14.88,57.17,54.1,213.7,87.63,3.41,304.9,42.1,95.0,102.7,Australia,USDA,2018.
4065,Sweet Potato,Fruits,781.7,25.27,60.44,5.82,1.76,23.59,1003.6,381.7,,11.49,153.4,58.9,2.0,255.5,Canada,Kaggle FoodDB,2024
3452,Orange,Nuts & Seeds,613.8,5.84,47.69,67.08,18.96,,1728.7,419.4,146.2,6.02,383.5,34.1,109.0,71.7,China,USDA,2020
1902,Spinach (RV),Legumes,24.6,10.06,77.99,18.85,4.31,10.2,378.9,973.3,63.07,19.41,111.4,36.8,43.0,289.0,Mexico,Kaggle FoodDB,2022
1482,OATS (WE),Nuts & Seeds,125.8,24.18,31.13,94.79,3.96,41.42,1898.1,384.8,152.23,7.19,328.1,7.1,59.0,181.9,Germany,Kaggle FoodDB,2024
4151,Shrimp,Dairy,124.0,27.22,51.15,62.73,11.71,52.67,1329.6,29.2,87.09,14.79,,30.3,98.0,190.7,UK,FAO,2018
3336,Chicken Breast,Oils,680.0,23.18,59.51,115.2,19.11,35.29,140.1,352.6,113.19,4.74,66.6,36.4,22.0,280.0,Canada,NutritionData.self.com,2022
947,Kale,Grains,140.5,16.99,4.65,28.5,19.86,44.13,,871.2,176.12,4.27,81.7,81.3,39.0,168.9,Australia,Kaggle FoodDB,2019.
3294,Tuna (Canned) (PQ),Oils,0.0,,0.11,55.33,16.88,,892.3,998.9,30.05,12.33,434.6,36.9,28.0,131.2,Mexico,FAO,2020
2162,Blueberries,Dairy,566.4,,50.25,76.08,2.52,39.9,1133.9,512.4,,15.48,384.1,65.8,21.0,252.0,Australia,USDA,2021
3058,Garlic,Fruits,87.7,,2.6,51.06,11.34,49.49,288.5,24.7,173.98,13.93,,5.3,109.0,78.5,Nigeria,USDA,2018
769,Chicken Breast,Grains,321.0,13.47,38.6,66.09,,23.24,452.6,51.1,131.59,,163.7,71.5,38.0,90.7,Nigeria,USDA,2023
4849,Corn (FJ),Dairy,,,47.51,1.19,0.06,5.29,509.4,818.5,173.42,18.2,67.7,68.2,30.0,167.7,Nigeria,USDA,2021
3496,Salmon,Nuts & Seeds,205.9,,30.07,106.71,4.31,44.46,981.1,872.4,6.85,19.39,388.4,33.4,15.0,125.3,India,NutritionData.self.com,2023
286,Tofu,Dairy,51.6,35.51,8.65,89.05,17.25,12.94,,813.1,61.48,5.41,497.2,26.0,48.0,16.9,UK,Kaggle FoodDB,2021.
410,Zucchini (ZX),Grainss,100.3,26.35,12.32,37.2,8.34,39.22,,348.4,70.32,2.97,309.1,5.0,7.0,267.5,Germany,OpenFoodFacts,2024
4588,Cheddar Cheese (HW),Legumes,135.0,20.39,14.46,108.42,0.9,18.33,547.8,858.1,58.49,14.07,74.9,40.8,8.0,211.7,USA,NutritionData.self.com,2020
2333,Turkey Breast (HJ),Nuts & Seeds,551.3,47.12,70.59,20.4,8.27,54.96,1091.8,883.0,61.57,7.6,486.8,71.2,N/A,128.1,Brazil,USDA,2022.
2718,SWEET POTATO,Dairy,,46.12,59.5,39.2,5.1,1.65,1258.4,252.2,,13.34,,3.0,82.0,144.3,Brazil,FAO,2021
2080,Cheddar Cheese,Seafood,,36.94,61.14,109.94,6.76,35.93,,369.1,5.9,15.71,334.4,3.1,82.0,217.6,UK,FAO,2022
3390,White Rice,Legumes,606.8,4.6,13.9,87.87,4.76,13.65,1288.3,15.7,85.47,19.86,404.6,87.0,41.0,55.6,Australia,Kaggle FoodDB,2023.
723,Kale (HQ),Oils,78.5,39.8,40.72,92.1,19.15,12.64,850.6,383.4,157.55,9.79,,77.8,27.0,146.6,Mexico,FAO,2023
952,Black Beans,Vegetables,605.2,8.07,61.72,13.9,19.77,35.0,789.6,894.0,199.24,4.52,213.5,96.3,85.0,251.6,Canada,NutritionData.self.com,2020
4503,Onion,Legumes,,27.89,3.98,75.78,13.36,28.86,1191.5,725.7,181.02,8.31,73.9,4.8,34.0,270.1,Brazil,FAO,2023
2263,Kale  ,Fruits,805.4,33.53,61.07,90.19,3.22,44.89,174.7,382.1,73.44,18.67,274.7,47.3,9.0,170.4,India,Kaggle FoodDB,2024.
990,Tomato,seafood,740.8,41.15,,63.84,9.86,3.99,1807.4,502.1,102.3,10.97,7.3,68.2,37.0,158.5,Germany,NutritionData.self.com,2024
3213,Cheddar Cheese,Proteins,177.7,0.89,15.18,6.47,11.72,7.13,1370.0,795.4,14.04,14.39,382.8,37.7,61.0,284.7,India,OpenFoodFacts,2023
1760,PEAS,Dairy,502.2,14.41,40.74,60.7,7.3,22.52,1744.6,82.0,146.3,11.68,203.9,67.7,12.0,266.5,China,NutritionData.self.com,2018.
4236,Pineapple,Grains,297.9,18.42,78.07,57.83,19.24,9.52,478.8,849.8,115.91,0.08,,41.2,106.0,297.3,USA,FAO,2023
1725,Bell Pepper,Legumes,629.1,29.84,45.55,88.27,8.0,48.7,577.7,320.4,13.42,15.18,269.8,26.3,71.0,94.6,USA,Kaggle FoodDB,2018
342,Turkey Breast,Legumes,436.7,47.42,45.25,47.24,5.64,48.51,1780.7,1192.2,84.81,4.05,291.1,58.8,76.0,298.3,China,OpenFoodFacts,2022
3702,Cottage Cheese,Oils,617.1,41.44,56.95,101.64,6.02,1.34,,1025.9,127.05,10.96,174.2,13.7,85.0,133.3,Australia,FAO,2019.
689,Orange,Vegtables,697.2,7.42,63.89,27.84,16.6,3.06,37.0,716.5,10.5,12.77,311.6,83.3,107.0,135.9,India,NutritionData.self.com,2018
3433,Egg,Dairy,685.9,3.3,23.28,0.15,15.17,25.56,1919.0,775.8,125.17,18.1,479.4,86.0,9.0,103.9,India,FAO,2021
967,Tuna (Canned),Vegetables,652.8,45.4,11.96,65.38,14.32,3.95,465.9,1022.6,,13.06,245.6,78.9,34.0,54.4,Brazil,Kaggle FoodDB,2019
4874,Onion,Fruits,229.0,10.57,59.07,52.08,6.01,,1748.3,1040.9,106.79,11.78,1.7,78.3,4.0,270.9,Canada,USDA,2019
2204,Peanut Butter,Fruits,57.0,5.72,61.01,45.78,16.72,30.19,397.9,397.6,41.4,,494.6,27.6,30.0,139.2,Germany,FAO,2021
2714,Greek Yogurt,Nuts & Seeds,347.1,22.42,44.03,64.36,18.25,20.94,524.4,10.2,35.32,1.95,,82.0,71.0,81.6,India,OpenFoodFacts,2024
4546,Blueberries (VN),Oils,734.4,,28.29,23.47,15.91,21.11,1979.1,540.4,176.82,,339.4,39.4,97.0,37.2,Mexico,NutritionData.self.com,2023
3573,Avocado,Dairy,759.3,14.41,74.68,16.43,19.59,37.36,1738.6,357.0,44.08,12.02,413.9,55.7,27.0,55.3,Canada,NutritionData.self.com,2020
1991,Green Beans,Nuts & Seeds,693.7,47.35,8.04,8.45,13.26,39.67,1364.3,865.5,25.96,,136.7,88.9,53.0,260.5,UK,Kaggle FoodDB,2019
4121,Watermelon,Nuts & Seeds,278.2,44.47,53.0,18.34,6.07,,297.4,374.9,81.32,14.98,385.9,98.9,34.0,144.7,Canada,Kaggle FoodDB,2020
4231,Carrot,Nuts & Seeds,,23.85,8.12,43.41,4.0,1.58,1487.8,366.8,63.57,18.12,421.7,20.6,43.0,263.2,Australia,Kaggle FoodDB,2022
4890,Avocado (TI),Fruits,627.2,14.87,73.64,,11.84,20.44,327.7,138.3,20.81,8.76,355.0,78.2,100.0,19.5,USA,USDA,2021
3601,Tomato (GF),Vegetables,144.3,20.98,14.94,40.09,10.82,39.34,1956.6,892.5,160.59,9.47,370.9,32.9,54.0,247.9,Mexico,FAO,2019
4707,Blueberries (BR),Vegtables,710.9,0.23,43.5,47.01,14.61,,577.9,126.5,89.44,11.64,262.8,24.7,53.0,191.3,USA,USDA,2020
2581,Green Beans,Proteins,128.2,33.62,64.15,60.14,11.84,53.09,1543.9,1006.0,142.47,,270.5,85.3,103.0,292.7,Brazil,FAO,2021
4254,Orange,Vegetables,465.2,15.28,66.17,55.59,18.02,2.35,280.1,874.8,97.71,10.75,4.6,62.1,56.0,50.7,Nigeria,NutritionData.self.com,2022
386,Oats,Seafood,727.1,25.6,15.53,78.67,4.62,25.25,584.3,511.1,171.8,4.93,12.4,78.4,69.0,59.5,USA,OpenFoodFacts,2024
4507,Peas (IB),Proteins,,4.52,70.82,96.52,1.93,28.49,1713.7,791.2,50.76,2.16,75.1,15.5,67.0,67.4,China,OpenFoodFacts,2024
4709,Mango,PROTEINS,741.8,17.69,21.51,9.15,12.63,59.86,978.2,217.7,159.96,0.76,485.2,44.7,37.0,222.1,India,FAO,2020
537,Corn,Oils,767.7,7.36,,34.12,1.42,40.82,399.0,805.9,8.87,3.91,61.1,1.8,105.0,82.1,Germany,USDA,2022
4810,Olive Oil,dairy ,776.5,26.73,,58.98,17.88,10.95,184.3,579.2,175.98,19.28,234.2,2.9,10.0,191.1,Canada,NutritionData.self.com,2024
4213,Orange (GF),Dairy,499.0,3.31,22.17,77.13,14.5,53.45,1801.5,776.6,20.47,10.21,202.4,91.2,5.0,151.0,Australia,NutritionData.self.com,2021
3508,Peanut Butter,Vegetables,429.2,29.85,63.71,64.74,13.86,10.17,1390.6,1192.9,38.52,4.26,459.3,33.6,9.0,151.0,Australia,FAO,2020.
202,Oats (MG),Legumes,94.0,,13.77,,7.83,28.35,862.3,1096.3,,15.89,144.1,67.1,87.0,253.7,Nigeria,NutritionData.self.com,2020
1333,Peanut Butter,Nuts & Seeds,221.0,26.95,70.93,89.58,4.65,17.7,1088.0,296.6,93.26,4.59,99.7,91.4,94.0,58.2,Nigeria,FAO,2021.
3503,Kale,Vegtables,897.6,14.1,,88.0,14.65,6.8,1399.4,791.7,106.74,8.97,335.8,26.0,57.0,103.1,USA,OpenFoodFacts,2020
2709,Peas,dairy ,35.4,26.92,36.56,105.6,3.92,,411.5,593.4,11.46,19.67,276.5,77.3,36.0,188.7,UK,USDA,2023
4022,OATS,fruits,231.7,43.59,22.07,107.57,7.85,19.36,,1066.0,,11.27,350.5,11.0,10.0,285.9,India,Kaggle FoodDB,2022
1855,AVOCADO,Dairy,828.7,1.07,45.08,84.75,14.85,12.59,1852.7,220.7,189.21,8.77,352.2,81.4,75.0,156.1,Germany,Kaggle FoodDB,2022
4609,Black Beans (XA),Dairy,861.5,10.35,41.12,82.73,10.39,38.52,1852.5,1150.2,173.01,15.18,,97.3,49.0,68.0,Germany,USDA,2021
2873,Lentils,Vegetables,805.5,47.01,29.69,114.34,13.52,22.08,1096.1,786.5,113.23,15.79,102.9,48.3,10.0,42.8,Canada,NutritionData.self.com,2020.
3031,Strawberry (HP),Legumes,195.1,17.74,24.39,60.93,4.47,59.94,271.6,842.6,77.3,3.38,223.7,52.7,84.0,248.3,USA,Kaggle FoodDB,2019.
1206,Tofu  ,Fruits,698.0,47.4,73.24,9.07,1.81,27.15,1686.4,1046.5,48.77,4.34,92.3,4.4,21.0,281.7,China,Kaggle FoodDB,2018.
1646,Bell Pepper,Proteins,,20.59,8.01,117.19,19.68,15.96,387.9,42.2,55.35,0.97,,1.3,76.0,73.7,China,Kaggle FoodDB,2019
3418,Corn,Dairy,595.8,,76.78,99.72,19.17,9.0,1986.5,189.7,169.24,14.21,330.1,60.1,71.0,79.6,Australia,NutritionData.self.com,2018
3477,Garlic (IT),Grains,865.6,4.35,7.36,67.94,6.2,27.89,381.3,238.0,188.37,8.07,491.4,57.4,97.0,75.8,India,OpenFoodFacts,2019.
2862,BROWN RICE,Seafood,268.6,9.99,,19.97,3.38,49.22,931.5,100.3,85.89,5.73,239.1,86.8,35.0,202.6,China,Kaggle FoodDB,2018
1793,Mango (ER)  ,Legumes,470.8,19.98,,116.31,5.31,,588.7,287.5,19.42,2.01,343.3,59.9,33.0,156.3,UK,OpenFoodFacts,2022
3798,Salmon,legumes,110.9,,,106.81,,58.72,917.9,941.1,13.7,8.07,,79.6,28.0,284.0,Australia,OpenFoodFacts,2021
3369,Salmon (UP),Seafood,188.0,30.96,64.99,40.07,0.42,3.71,1109.1,953.7,168.2,4.94,135.8,56.2,N/A,40.5,USA,Kaggle FoodDB,2018
3368,White Rice,Grains,257.2,39.51,67.68,,0.29,28.66,1444.4,355.0,107.98,4.21,84.9,18.3,N/A,93.8,USA,OpenFoodFacts,2021
3534,Celery  ,Vegetables,283.5,39.39,24.22,39.72,18.34,45.51,492.2,217.1,26.46,5.41,204.2,58.1,87.0,264.6,Australia,OpenFoodFacts,2022
4530,Broccoli,Legumes,179.1,47.46,36.17,66.23,19.31,48.8,,257.9,133.65,12.29,409.2,1.7,35.0,261.3,USA,USDA,2018
3450,Bread (Whole Wheat) (LF),Seafood,66.9,39.3,15.07,,3.64,43.75,,244.9,75.4,,5.0,2.8,N/A,188.7,Brazil,USDA,2024
604,Sweet Potato,fruits,98.1,32.81,72.9,96.14,13.79,15.61,733.2,1140.8,71.16,5.28,9.7,86.0,96.0,290.3,Canada,NutritionData.self.com,2021
3057,Greek Yogurt,Proteins,551.2,16.88,21.97,106.69,18.11,36.18,421.4,58.9,123.19,,243.3,46.3,53.0,97.6,Mexico,NutritionData.self.com,2020.
4895,Black Beans,nuts & seeds,360.4,36.51,6.04,13.85,2.63,6.09,1353.0,681.5,88.62,10.32,333.3,75.5,4.0,98.9,Brazil,NutritionData.self.com,2023
127,CHEDDAR CHEESE (VC),Proteins,739.9,27.37,39.44,76.84,13.91,,1532.0,862.3,25.55,0.59,174.8,17.5,58.0,185.7,Brazil,NutritionData.self.com,2022
3877,Broccoli  ,Fruits,168.0,4.83,41.28,12.6,6.82,30.42,1778.1,1097.7,8.14,19.73,280.1,0.2,98.0,143.4,Australia,NutritionData.self.com,2018
2936,Blueberries,nuts & seeds,167.2,6.18,57.42,94.44,,48.65,1743.7,533.9,101.57,3.3,54.0,70.5,57.0,200.7,India,OpenFoodFacts,2018.
3532,White Rice,Fruits,,,32.34,26.53,19.36,18.85,,382.5,111.72,7.58,,61.8,4.0,174.4,Australia,FAO,2023
2731,BLUEBERRIES,seafood,677.8,26.42,17.42,57.62,9.35,11.69,473.0,772.4,17.17,12.18,119.3,2.0,13.0,180.3,Nigeria,FAO,2023
828,Egg (AV),Vegetables,325.3,3.63,73.98,67.29,5.64,45.18,1895.2,402.7,115.15,13.69,12.3,62.8,29.0,156.0,Brazil,USDA,2020
1640,Sweet Potato (RH),Grains,835.8,22.55,,98.72,4.8,30.79,406.6,939.6,101.31,5.99,,66.3,1.0,279.4,UK,OpenFoodFacts,2023
985,Green Beans,Vegetables,660.8,7.24,23.99,,18.26,57.56,526.1,914.2,15.44,19.67,52.1,39.8,100.0,49.7,China,NutritionData.self.com,2020
3282,Tuna (Canned) (KD),Fruits,181.4,48.8,5.17,31.69,6.64,13.03,1987.9,1123.5,168.42,12.81,171.1,35.4,109.0,299.8,Australia,OpenFoodFacts,2021
2459,OATS (HB),Seafood,,11.34,33.99,7.79,13.07,,,1133.2,151.46,2.78,157.8,96.0,39.0,162.8,India,OpenFoodFacts,2023
2189,Watermelon (ON),Grains,713.8,25.15,40.82,,18.45,27.08,719.9,286.9,128.58,17.5,88.4,80.3,47.0,87.3,Mexico,NutritionData.self.com,2022
4754,Greek Yogurt (UF),Seafood,467.8,38.45,,69.5,3.52,35.35,1562.6,688.4,91.78,18.59,318.7,42.0,9.0,44.4,Mexico,FAO,2022
2444,Brown Rice,PROTEINS,753.6,32.27,18.56,17.62,,41.69,1669.3,832.0,187.09,,485.2,36.4,69.0,288.2,Nigeria,NutritionData.self.com,2023
363,Tofu (PR)  ,Dairy,423.3,27.23,76.61,,6.47,23.1,33.8,528.0,60.92,12.21,202.9,57.0,44.0,11.9,USA,FAO,2020
2350,Pineapple,Proteins,28.9,47.04,15.52,13.76,15.29,31.99,657.1,669.5,13.92,19.13,150.9,50.4,105.0,135.9,Brazil,Kaggle FoodDB,2024
346,Spinach (LS),Grainss,,26.92,34.77,100.06,11.37,17.36,585.2,998.0,44.41,1.81,19.0,26.3,99.0,35.9,Brazil,USDA,2021
815,Lentils,Nuts & Seeds,785.5,3.6,56.45,44.74,2.78,51.08,1991.6,822.1,32.26,17.85,205.8,21.3,93.0,203.4,India,FAO,2019
3206,Blueberries,Seafood,757.4,12.83,73.32,38.47,14.62,48.99,,12.7,103.12,9.59,443.3,60.2,88.0,35.1,USA,Kaggle FoodDB,2018.
4291,Avocado,Oils,495.4,25.65,61.44,89.02,15.95,3.87,1651.2,779.5,52.27,9.32,291.0,8.5,7.0,148.7,Mexico,FAO,2018.
4943,Zucchini,Fruits,766.7,0.71,9.95,117.37,10.66,50.84,1727.5,1044.2,112.36,7.39,78.9,83.0,70.0,158.8,Nigeria,Kaggle FoodDB,2024
3326,Bell Pepper,Fruits,681.5,41.28,4.05,36.85,3.81,37.43,1970.4,259.4,19.09,6.26,338.6,32.9,62.0,254.4,Brazil,Kaggle FoodDB,2021
4107,Salmon,Fruits,869.5,7.32,45.02,42.5,16.16,36.42,1875.0,634.7,160.49,,12.3,8.8,10.0,265.7,Germany,FAO,2021
2117,Tomato,Fruits,407.5,40.24,37.84,10.02,17.97,51.58,460.6,1028.5,134.35,,276.0,70.2,94.0,133.8,Australia,OpenFoodFacts,2024
1835,Salmon (MP),Seafood,734.4,45.22,42.66,86.68,15.56,46.75,986.6,1147.5,149.5,7.14,404.6,60.5,70.0,152.0,India,OpenFoodFacts,2021
794,Cucumber,Nuts & Seeds,558.1,45.8,10.46,97.32,6.3,39.75,157.2,926.6,,12.24,0.4,41.7,42.0,210.7,Mexico,OpenFoodFacts,2021
4969,GREEK YOGURT,Grainss,862.3,37.51,32.91,74.86,7.52,6.08,1518.4,228.9,111.96,,189.1,34.3,106.0,253.8,USA,FAO,2024.
2675,SHRIMP (KL),Dairy,803.4,25.93,26.95,68.43,8.09,54.99,,779.5,67.41,2.15,,53.8,N/A,254.8,Germany,FAO,2018
95,Mushroom (ZO),nuts & seeds,698.5,2.35,66.23,,12.63,27.38,1848.7,865.4,12.1,3.54,80.8,69.6,28.0,101.5,Brazil,NutritionData.self.com,2022
4226,TOMATO,Proteins,662.6,46.38,43.15,19.75,3.28,21.07,907.5,263.9,190.05,15.85,36.6,52.8,86.0,229.2,USA,NutritionData.self.com,2024
3757,Cheddar Cheese,Proteins,182.5,11.6,26.25,26.84,6.18,,1980.1,828.8,,8.72,45.9,96.1,80.0,168.6,Canada,USDA,2020
2892,LENTILS (YJ),Proteins,630.4,25.23,41.41,,2.49,45.07,637.1,132.9,157.25,10.17,301.1,89.6,45.0,165.9,Brazil,NutritionData.self.com,2021
2372,Kale,Seafood,,31.7,31.73,38.95,18.4,35.34,1194.5,525.7,83.06,5.82,480.0,27.7,28.0,245.5,India,USDA,2018
4280,BLACK BEANS (JV),Nuts & Seeds,364.7,,45.52,48.94,7.35,37.0,1166.0,1066.2,118.6,8.2,415.4,61.4,49.0,154.7,Canada,OpenFoodFacts,2019
4571,Milk (Whole),Fruits,460.1,20.17,14.71,57.83,1.33,23.09,1825.1,894.6,199.11,14.49,165.5,83.3,48.0,289.9,USA,FAO,2018
3229,QUINOA (AO),Legumes,112.7,29.51,8.75,94.16,2.78,9.53,876.8,1032.5,149.52,5.72,73.9,17.3,58.0,150.4,Brazil,NutritionData.self.com,2018
2854,Blueberries,Vegetables,828.1,14.86,42.2,55.59,12.17,46.43,1886.9,932.8,147.95,6.58,66.6,62.4,37.0,37.5,Mexico,OpenFoodFacts,2021
2913,Banana (QE),Grainss,661.8,26.92,79.69,73.18,15.7,34.55,921.9,701.7,,5.53,204.9,59.9,59.0,60.8,Canada,NutritionData.self.com,2022
1866,Cucumber,Legumes,844.9,15.24,10.42,76.0,19.81,49.36,1083.0,120.2,72.26,2.88,446.1,95.1,N/A,238.3,Australia,Kaggle FoodDB,2023
1858,Bread (Whole Wheat),Nuts & Seeds,425.3,13.83,28.54,4.12,14.49,,1838.8,566.9,64.54,5.6,66.0,80.2,8.0,175.6,USA,OpenFoodFacts,2020
2646,EGG,Dairy,336.8,34.49,32.88,102.56,0.4,15.45,,606.7,135.47,,319.7,62.1,N/A,155.8,UK,USDA,2018
2244,Pork Loin,Legumes,896.0,26.64,74.18,27.05,14.18,57.85,1918.0,894.4,140.22,10.64,253.6,49.6,52.0,248.4,Australia,OpenFoodFacts,2019
2337,Tofu,Seafood,421.5,2.58,15.07,,17.99,43.46,1701.0,140.1,,,100.4,79.6,41.0,193.6,Nigeria,NutritionData.self.com,2020
951,Onion,Proteins,548.5,7.42,13.72,113.79,19.51,44.81,1000.9,49.6,135.26,16.65,484.0,3.9,106.0,254.1,Nigeria,USDA,2018
3069,Oats  ,Nuts & Seeds,240.8,22.51,73.18,77.97,17.62,35.34,563.1,347.3,150.98,7.19,146.9,56.1,35.0,144.3,India,Kaggle FoodDB,2020.
1121,Tuna (Canned),Oils,802.1,2.7,59.69,99.61,8.22,,1905.5,386.0,83.15,15.44,138.4,12.7,27.0,228.5,USA,USDA,2022
2598,Chicken Breast,Grains,457.1,0.69,35.07,13.95,16.37,50.5,1395.3,277.0,79.51,12.78,312.2,17.5,51.0,36.6,Mexico,USDA,2019
2205,Egg,Nuts & Seeds,671.1,46.71,5.47,11.79,13.16,0.68,442.9,420.4,36.0,1.12,298.3,80.1,97.0,246.8,Mexico,USDA,2023
420,Black Beans,Proteins,682.1,16.1,44.74,42.68,6.43,54.12,1439.4,248.2,96.34,10.18,134.7,88.4,99.0,78.6,USA,USDA,2023
923,Cottage Cheese (SS),Dairy,,8.82,25.99,28.57,4.74,14.05,1052.7,532.7,104.01,16.28,477.7,72.6,21.0,209.7,Germany,Kaggle FoodDB,2020
1255,BROCCOLI (DH),Nuts & Seeds,623.3,20.08,26.28,6.2,4.95,13.46,1075.6,1063.7,157.63,3.2,351.0,7.6,103.0,54.2,China,OpenFoodFacts,2021.
478,Garlic,Grains,507.4,34.7,4.0,65.58,,51.57,1003.2,1115.2,,10.66,,98.0,16.0,95.8,India,Kaggle FoodDB,2021
2036,Chicken Breast,Fruits,327.6,41.82,43.48,99.93,14.25,29.33,,811.2,193.12,9.23,211.2,43.8,21.0,252.3,Australia,Kaggle FoodDB,2023
1203,ORANGE,Dairy,39.5,46.01,48.52,27.15,17.26,45.05,99999.0,672.2,122.36,18.66,245.2,8.6,89.0,169.4,China,OpenFoodFacts,2023
2627,Strawberry (OD),Dairy,98.6,44.5,28.7,77.4,12.83,25.08,1540.8,27.9,6.26,3.34,358.1,80.3,31.0,28.8,Mexico,FAO,2023
4966,Cottage Cheese  ,Proteins,210.1,28.32,62.09,10.36,13.59,3.03,1905.8,284.3,46.93,8.71,368.7,69.9,13.0,272.9,Brazil,OpenFoodFacts,2019
1971,Lentils,Vegetables,41.3,10.03,7.6,35.38,4.85,45.74,1718.7,272.3,35.4,14.86,270.2,33.8,60.0,268.2,India,NutritionData.self.com,2022
3111,Spinach (KK),Grains,581.2,,17.84,60.73,2.45,50.86,1077.3,350.5,198.05,,138.2,38.7,92.0,167.4,Brazil,FAO,2024
4019,Sweet Potato,Oils,281.6,-1.0,77.23,50.34,5.1,12.5,1750.6,886.9,79.92,11.26,454.2,23.9,7.0,51.7,China,OpenFoodFacts,2023.
2152,Milk (Whole) (ZH),legumes,172.9,5.29,39.0,54.69,14.33,4.19,1396.5,451.1,12.28,14.79,413.8,43.6,73.0,44.4,Canada,USDA,2023
3688,Olive Oil,Grains,,4.44,78.71,17.01,9.5,47.43,,694.5,33.79,,298.5,2.5,89.0,200.6,Australia,Kaggle FoodDB,2022
1998,Tuna (Canned),Dairy,80.7,,24.59,79.34,14.84,52.03,1525.8,360.4,102.04,5.25,457.3,39.6,14.0,95.0,Brazil,USDA,2022
4034,Celery,Vegetables,893.5,41.68,19.58,40.06,8.42,39.21,19.4,1108.8,72.88,16.66,271.5,20.7,19.0,150.7,Germany,NutritionData.self.com,2023
3055,Banana (PF),Fruits,597.9,40.09,3.38,15.75,2.8,43.23,1551.7,863.9,130.81,14.96,97.6,80.9,34.0,236.3,China,FAO,2021
1249,Strawberry,Fruits,830.3,,28.89,,3.7,0.36,223.4,453.4,,10.42,102.4,76.1,94.0,288.5,Brazil,OpenFoodFacts,2018
2193,CORN,Fruits,610.2,25.3,75.3,42.3,4.61,56.83,907.1,489.6,121.69,14.69,357.1,27.8,47.0,101.8,Australia,Kaggle FoodDB,2024
2713,Mushroom,Vegtables,326.3,11.93,52.95,103.8,18.12,,507.9,627.8,160.94,8.61,247.9,58.9,26.0,123.8,Germany,FAO,2022
993,CUCUMBER,Legumes,,23.03,67.94,115.78,15.25,25.13,1620.3,1190.9,194.11,12.34,103.1,77.5,N/A,97.6,USA,Kaggle FoodDB,2024
2191,Shrimp,Vegetables,249.1,28.04,47.46,22.61,4.95,17.94,727.0,55.7,,,143.1,50.1,90.0,104.2,UK,OpenFoodFacts,2019
3763,CARROT,Fruits,487.7,26.21,4.47,51.72,19.89,54.26,846.4,308.8,47.44,10.49,448.4,87.5,1.0,138.4,Mexico,USDA,2019
3598,Cucumber,Dairy,506.3,17.45,19.48,,1.91,41.98,283.6,493.7,,2.61,70.6,63.6,N/A,214.8,Germany,OpenFoodFacts,2023
1319,Egg,Nuts & Seeds,91.8,32.42,,29.09,15.19,40.41,152.0,170.6,99.32,0.11,347.4,89.3,22.0,237.2,UK,FAO,2021
1864,Olive Oil (LL),Legumes,499.6,3.98,75.08,51.77,18.53,0.01,652.5,56.3,30.96,13.82,171.5,3.0,106.0,37.4,USA,Kaggle FoodDB,2019
2344,Tuna (Canned)  ,PROTEINS,332.2,24.52,52.95,30.8,13.12,55.28,682.0,786.5,113.93,3.79,385.3,65.6,76.0,92.9,Brazil,Kaggle FoodDB,2023
2450,Blueberries (QS),Proteins,321.4,5.9,24.67,50.78,,11.8,,89.3,165.36,9.65,487.3,29.3,97.0,272.1,Brazil,OpenFoodFacts,2021
2137,Bell Pepper,Nuts & Seeds,89.9,,61.03,67.59,4.2,41.61,1120.7,642.6,95.13,7.76,355.4,34.0,24.0,60.8,UK,FAO,2018
1066,Oats (TN),Proteins,-999.0,39.72,7.29,82.62,11.6,47.64,1978.5,1151.3,74.62,9.8,112.4,7.4,81.0,290.8,Germany,OpenFoodFacts,2019
1998,Tuna (Canned),Dairy,80.7,,24.59,79.34,14.84,52.03,1525.8,360.4,102.04,5.25,457.3,39.6,14.0,95.0,Brazil,USDA,2022
4228,Peanut Butter,Dairy,584.0,,,59.36,13.68,44.94,875.4,816.6,185.86,13.22,,98.6,102.0,230.8,Nigeria,USDA,2022
2622,GREEK YOGURT,Grains,804.8,28.34,68.77,72.95,18.81,38.88,1637.7,821.4,167.62,9.99,185.8,74.4,44.0,125.2,USA,Kaggle FoodDB,2020
78,Lamb,Nuts & Seeds,85.2,11.91,35.37,41.1,8.29,22.09,521.0,366.0,178.35,5.51,80.9,93.6,92.0,36.9,Brazil,USDA,2021.
2899,Pork Loin,Nuts & Seeds,394.2,12.96,70.98,62.0,0.18,38.07,1956.1,82.0,13.56,8.78,21.5,19.6,46.0,48.7,Brazil,Kaggle FoodDB,2019
1315,Lentils,Seafood,418.0,13.95,75.59,23.25,12.26,50.88,1890.4,174.8,134.76,,208.4,80.5,25.0,187.9,Canada,NutritionData.self.com,2022.
4509,Watermelon (XM)  ,Grains,534.6,14.48,74.6,116.34,17.32,59.43,1602.6,138.6,113.98,9.54,3.3,80.9,102.0,46.0,Brazil,Kaggle FoodDB,2020
873,Brown Rice,Oils,586.7,31.44,46.82,78.17,1.39,58.65,1352.6,1087.9,179.03,8.97,12.0,93.8,95.0,160.2,USA,FAO,2021
3851,Zucchini (IT),Oils,387.5,46.01,11.18,117.06,11.85,34.4,1356.3,452.9,89.55,8.51,,30.8,80.0,289.5,Canada,NutritionData.self.com,2023
4935,Broccoli (IT),Vegetables,450.4,15.25,5.73,95.69,,0.53,1464.3,992.8,30.5,11.71,438.8,26.2,58.0,97.1,Nigeria,OpenFoodFacts,2020
2966,White Rice (DW),Nuts & Seeds,,1.65,18.97,95.61,2.13,10.99,1541.6,739.2,66.16,11.88,91.7,80.4,15.0,215.6,Nigeria,FAO,2018
3392,Shrimp,Vegetables,810.2,4.57,26.43,114.8,5.29,0.28,,346.0,5.92,9.03,200.5,16.6,43.0,29.3,Australia,FAO,2022
2561,Cottage Cheese,Seafood,719.2,36.8,62.29,76.91,16.37,2.18,565.5,214.2,13.88,12.81,16.3,75.7,36.0,123.3,China,FAO,2024
2284,Cucumber,Seafood,,31.17,33.43,95.22,9.65,30.8,1366.6,525.4,3.45,4.38,373.3,58.5,22.0,107.4,Mexico,OpenFoodFacts,2024.
2636,Spinach (HU),Grains,606.4,2.29,17.23,54.93,7.99,44.03,1142.4,1050.4,,5.96,337.9,9.2,N/A,246.4,Mexico,NutritionData.self.com,2020
3531,Broccoli,Grains,265.0,45.49,73.22,,0.04,45.37,1982.2,983.7,157.33,2.96,160.9,2.9,58.0,191.0,Brazil,NutritionData.self.com,2022
376,Sweet Potato,Legumes,300.7,39.72,39.48,,11.14,,1437.1,1110.7,124.73,3.25,51.4,88.4,22.0,48.7,UK,NutritionData.self.com,2018
1909,Kale,Vegetables,307.7,42.59,34.39,107.71,6.85,51.77,834.5,411.0,84.85,14.71,284.0,16.9,57.0,294.0,UK,OpenFoodFacts,2024
4468,Kale (YI),Grains,159.7,45.47,72.48,47.91,1.64,38.01,1583.9,970.0,151.92,15.81,261.3,57.9,64.0,72.2,USA,OpenFoodFacts,2020
4516,Broccoli,Dairy,378.5,9.53,13.61,81.89,4.32,45.23,1921.1,230.1,113.42,6.0,133.9,66.3,3.0,206.6,UK,FAO,2018.
4028,WATERMELON,Grains,157.6,5.82,1.25,74.2,2.26,41.3,1757.9,354.1,57.99,17.9,405.6,76.7,55.0,105.1,UK,OpenFoodFacts,2023
1605,Oats,Grains,81.1,26.21,30.2,25.82,0.98,49.76,1754.8,884.4,98.09,12.58,372.4,58.2,73.0,270.8,Germany,Kaggle FoodDB,2021
1119,Mango,Seafood,253.7,13.33,60.3,35.65,5.64,,1018.3,321.5,,9.85,338.6,83.3,45.0,46.6,Nigeria,NutritionData.self.com,2024
3678,Turkey Breast,Legumes,354.2,35.53,71.1,113.64,9.54,2.18,1028.7,22.4,160.14,12.65,,33.5,64.0,68.3,Nigeria,FAO,2021
3491,GREEK YOGURT,Grains,94.4,40.53,,105.87,15.18,55.14,17.9,326.5,,5.87,493.3,82.9,77.0,183.8,Nigeria,USDA,2023
1972,Brown Rice  ,legumes,751.9,30.12,25.66,96.23,12.16,12.51,202.9,1058.6,26.13,9.92,104.3,2.2,56.0,224.7,India,USDA,2022
2959,PASTA,Dairy,261.2,7.6,27.39,9.19,,25.51,37.4,582.6,28.59,13.96,399.0,74.9,61.0,273.6,Nigeria,Kaggle FoodDB,2022
1995,Kale,Vegetables,681.2,46.43,78.21,45.3,4.71,22.71,857.5,317.4,63.21,18.28,22.9,76.2,12.0,176.0,India,Kaggle FoodDB,2018
705,Almonds (UG),Dairy,,45.77,7.7,25.33,15.14,23.5,1955.3,41.5,92.32,12.4,450.0,18.2,82.0,140.3,Mexico,Kaggle FoodDB,2020
4663,Tofu  ,Vegetables,425.6,13.2,26.42,,11.44,49.36,734.3,792.8,,17.31,192.2,96.2,57.0,273.8,China,Kaggle FoodDB,2019
2377,CUCUMBER (JK),Nuts & Seeds,289.6,26.41,5.11,43.1,1.23,4.49,480.3,354.3,195.79,12.95,81.0,51.5,46.0,297.5,India,USDA,2020
1343,Watermelon (FP),Dairy,784.1,32.58,30.65,90.21,11.04,54.18,,27.7,79.82,6.82,,59.0,26.0,187.9,Brazil,FAO,2023
321,Black Beans,Dairy,503.3,,44.23,93.93,12.16,4.18,1421.3,263.2,,12.54,77.8,39.6,106.0,197.3,Canada,Kaggle FoodDB,2024
1620,Pineapple (TH),Vegtables,,36.3,11.17,114.05,9.54,34.59,555.5,314.0,82.03,,217.9,68.8,46.0,293.2,China,FAO,2018
3714,Almonds  ,Legumes,568.0,21.39,9.76,,11.01,21.32,605.0,477.4,104.07,12.95,492.9,46.5,72.0,80.9,Brazil,Kaggle FoodDB,2020
2061,Bread (Whole Wheat),Proteins,74.8,47.17,,26.91,9.2,27.8,392.1,971.0,190.78,11.07,386.3,85.5,50.0,275.1,Australia,OpenFoodFacts,2024
2220,SPINACH (AT),Legumes,119.1,45.62,26.27,42.57,18.94,57.93,426.7,643.4,190.21,,375.5,7.0,100.0,226.0,Germany,Kaggle FoodDB,2019
1674,Bell Pepper,Legumes,729.2,3.26,72.44,89.86,11.08,45.85,,1121.3,125.33,4.63,413.6,28.6,31.0,151.0,Australia,Kaggle FoodDB,2022.
261,Milk (Whole) (CW),Grains,561.2,10.28,54.52,80.27,16.79,31.66,276.9,1143.9,122.96,10.52,230.4,66.2,39.0,36.3,Canada,FAO,2019
4555,Banana (KB),Dairy,423.5,-1.0,20.56,111.79,9.89,27.27,582.0,1170.0,20.37,9.62,,74.8,25.0,23.4,USA,Kaggle FoodDB,2019
2040,Pasta,Nuts & Seeds,240.9,33.21,16.55,70.53,11.7,58.03,271.8,1115.0,29.94,7.32,366.7,77.0,78.0,33.0,Nigeria,OpenFoodFacts,2018
902,Tuna (Canned),Nuts & Seeds,43.3,27.19,47.1,27.93,2.95,20.73,777.6,261.9,116.89,12.88,172.7,93.7,19.0,202.0,Australia,NutritionData.self.com,2023
3745,Pasta (HN),Proteins,26.1,25.88,7.59,,2.9,11.54,1897.9,260.5,198.38,0.14,117.9,91.3,107.0,86.4,Australia,OpenFoodFacts,2024.
2027,Carrot (GS),Grains,663.1,2.1,59.93,,10.41,48.81,105.1,439.5,75.93,5.7,,46.2,69.0,190.0,UK,NutritionData.self.com,2023
4235,Peanut Butter (OK),Vegetables,38.4,36.75,,87.18,7.83,34.44,1099.3,717.5,123.77,8.52,23.4,47.3,33.0,164.6,Nigeria,Kaggle FoodDB,2019
1918,PORK LOIN (GA),Dairy,541.9,45.55,79.82,39.78,18.55,6.66,786.2,470.1,50.92,15.72,302.3,80.2,63.0,153.8,Brazil,FAO,2023
1829,Bell Pepper,Vegtables,722.9,33.84,,12.81,,59.65,1032.3,498.8,116.25,4.67,,3.6,N/A,289.2,UK,NutritionData.self.com,2021.
1574,Brown Rice,Dairy,779.3,44.07,22.93,89.34,1.07,14.96,272.5,1118.2,94.03,7.55,352.3,5.0,44.0,126.3,USA,FAO,2019
4531,Spinach,Oils,256.5,4.01,41.9,94.86,9.24,39.96,1832.0,1022.6,,15.59,177.8,29.1,36.0,147.8,Germany,OpenFoodFacts,2019
4209,Cottage Cheese,Vegetables,95.7,39.62,74.08,50.64,1.47,0.02,547.9,87.4,117.37,1.8,459.1,15.8,101.0,66.5,Canada,NutritionData.self.com,2024
225,Spinach (NX),fruits,253.4,20.06,1.48,0.71,13.03,35.64,970.4,481.6,,15.66,394.4,85.3,45.0,276.7,Canada,FAO,2020
724,Watermelon,Proteins,672.2,7.16,,8.55,4.19,59.58,1548.1,346.6,114.85,7.93,445.9,52.6,N/A,147.9,UK,Kaggle FoodDB,2018.
4625,Milk (Whole),legumes,851.6,19.38,37.15,22.33,3.09,,987.4,1115.4,183.38,5.8,325.2,28.0,43.0,168.0,UK,OpenFoodFacts,2021
1142,Tomato (UK),Oils,326.1,18.15,75.36,23.09,1.59,14.31,1263.4,617.4,160.09,2.57,438.5,95.5,90.0,255.8,Canada,NutritionData.self.com,2020
2763,Black Beans,legumes,575.2,19.64,33.59,41.94,17.68,20.73,181.9,1017.8,127.61,5.69,143.6,6.4,102.0,239.7,China,USDA,2022
847,Milk (Whole),Oils,95.1,10.65,46.99,86.63,16.22,36.01,1151.2,879.0,153.42,1.26,356.4,39.0,97.0,259.7,Canada,Kaggle FoodDB,2018
4290,Shrimp (NU),Seafood,726.7,11.15,19.62,87.85,8.33,33.43,1313.1,953.6,1.49,6.75,122.1,97.2,5.0,108.5,India,Kaggle FoodDB,2022
2552,Corn,Proteins,117.7,20.51,10.76,12.94,8.63,14.11,1649.8,839.2,186.8,19.92,241.1,28.6,69.0,247.7,India,NutritionData.self.com,2020.
2929,WATERMELON,Proteins,683.7,38.65,50.56,47.46,13.26,55.82,1137.3,947.7,,1.24,430.1,61.8,100.0,185.8,Nigeria,FAO,2024.
118,Tomato (WJ),Proteins,184.2,24.15,49.01,107.33,9.24,,,276.4,192.73,15.42,441.6,74.0,67.0,282.9,USA,Kaggle FoodDB,2022
646,Carrot,Proteins,803.7,,5.93,112.7,16.76,54.19,436.6,325.8,129.29,10.2,,85.5,93.0,249.3,UK,USDA,2018
4,Greek Yogurt,Seafood,546.8,17.07,,10.0,,57.97,438.0,107.6,36.13,16.82,368.3,25.9,70.0,263.1,Canada,NutritionData.self.com,2019
4171,Greek Yogurt (DD),Oils,175.7,13.62,61.93,88.47,10.44,21.46,252.1,863.2,69.27,10.97,32.6,32.5,65.0,140.0,Nigeria,FAO,2023
468,Greek Yogurt,Seafood,784.4,42.93,28.84,75.59,17.83,33.78,200.2,245.2,,5.98,249.2,39.9,46.0,102.1,China,USDA,2021
6,TUNA (CANNED),Nuts & Seeds,157.3,4.5,69.26,26.32,14.77,3.09,1400.4,468.1,48.45,14.23,297.3,53.0,3.0,62.2,USA,OpenFoodFacts,2024
920,Olive Oil,Proteins,143.3,29.33,21.99,93.44,4.47,32.84,1983.3,123.2,105.26,,180.0,98.4,71.0,148.5,Canada,USDA,2019
2596,Kale,Grainss,702.3,49.51,2.52,84.95,0.79,32.08,1777.8,355.7,132.9,15.96,76.3,66.7,101.0,15.7,Nigeria,NutritionData.self.com,2021
4325,Apple,Oils,732.5,9.2,78.95,26.92,15.79,36.37,889.1,1013.5,113.68,14.35,232.9,3.5,32.0,266.4,Nigeria,OpenFoodFacts,2021
1064,Chicken Breast (CW),Legumes,387.6,28.68,,33.78,7.6,56.99,1168.3,138.3,7.54,13.42,441.8,64.1,41.0,288.5,Australia,USDA,2021
2591,Lamb (AL),oils,743.8,9.68,70.52,32.55,9.94,59.68,,633.3,69.12,18.08,491.6,22.8,30.0,42.5,Mexico,USDA,2020
243,Cheddar Cheese (EP),Proteins,,25.15,38.04,56.84,18.75,10.08,1736.2,967.6,17.69,13.35,298.3,81.3,33.0,196.1,UK,USDA,2024
1161,Pasta,Vegetables,746.7,7.82,20.18,65.05,1.3,32.66,466.3,1185.8,,7.08,339.5,7.1,44.0,108.7,Nigeria,FAO,2021
2871,Avocado,PROTEINS,806.8,41.98,57.02,5.38,8.71,6.52,16.5,1051.4,143.65,1.95,247.4,47.5,11.0,141.3,Mexico,FAO,2021
3736,EGG,Oils,434.4,49.11,14.88,106.68,,17.49,1207.1,993.0,64.67,17.3,,55.2,11.0,184.7,China,FAO,2018
2398,Watermelon,Legumes,42.4,44.76,12.5,76.64,0.19,56.58,428.1,1117.1,34.02,11.19,363.0,82.9,41.0,92.0,Nigeria,Kaggle FoodDB,2022
3518,Kale,Vegetables,359.3,46.17,74.23,47.43,4.8,29.92,675.4,91.3,86.11,11.69,6.0,14.1,84.0,163.2,Canada,USDA,2018
3422,Banana,Nuts & Seeds,568.9,12.76,17.61,10.22,1.44,21.81,361.5,493.0,144.78,,230.1,12.8,106.0,296.7,Australia,OpenFoodFacts,2019
2564,Carrot,Grainss,84.2,-1.0,72.18,10.61,14.26,50.83,1470.6,695.2,,15.56,385.7,85.3,71.0,294.2,India,OpenFoodFacts,2023
1606,Garlic (KG),Proteins,476.8,5.93,63.09,66.2,16.75,6.29,1825.8,790.9,157.14,17.0,32.9,64.0,90.0,63.9,UK,USDA,2020.
4977,Green Beans,Legumes,128.6,24.32,43.57,2.42,1.31,7.33,1741.1,398.4,68.95,11.0,,43.1,3.0,20.1,Nigeria,USDA,2022
2325,Celery (MG),Grains,744.9,3.49,16.08,60.5,11.51,41.93,734.5,867.2,63.56,17.14,,57.2,30.0,247.9,USA,Kaggle FoodDB,2023
2710,Peas,Fruits,278.1,42.06,26.26,12.1,4.97,1.82,782.6,714.8,,16.32,65.6,40.9,104.0,14.1,Brazil,Kaggle FoodDB,2020
4535,Bell Pepper,Dairy,508.5,20.98,,6.01,0.48,,184.4,495.0,125.54,0.14,32.7,90.1,98.0,85.7,Mexico,FAO,2019
1313,Green Beans,Oils,501.9,33.57,,4.34,19.79,59.07,939.4,812.2,75.4,5.16,2.7,95.6,68.0,21.5,USA,USDA,2022
3449,Tofu,Nuts & Seeds,542.0,5.96,,23.07,16.36,29.49,1533.2,195.5,31.85,16.53,274.0,61.9,16.0,67.5,China,Kaggle FoodDB,2021
3813,Oats,Dairy,219.3,42.3,25.0,30.27,10.14,1.39,1081.3,782.3,,19.82,17.4,65.1,35.0,269.5,USA,NutritionData.self.com,2024
2205,EGG,Nuts & Seeds,671.1,46.71,5.47,11.79,13.16,0.68,442.9,420.4,36.0,1.12,298.3,80.1,97.0,246.8,Mexico,USDA,2023
2363,Zucchini,Grainss,279.6,27.08,50.65,110.17,18.41,2.66,159.0,1012.2,164.66,10.6,397.7,46.3,52.0,32.9,Canada,USDA,2018
1976,Sweet Potato,Proteins,847.8,21.86,68.85,77.9,17.74,42.38,306.0,1182.0,144.75,6.97,359.9,19.3,39.0,174.2,Brazil,FAO,2020
3515,Greek Yogurt (UX),Grains,770.2,16.03,3.71,98.63,3.46,10.02,237.1,695.2,,11.97,272.8,96.7,16.0,103.6,Mexico,NutritionData.self.com,2021
1762,Quinoa,Vegetables,763.0,,8.94,110.65,7.84,26.98,99999.0,469.7,24.41,3.62,304.7,78.7,56.0,96.0,Brazil,NutritionData.self.com,2019
2740,Peas,Vegetables,86.5,4.03,59.85,36.43,17.38,7.7,475.2,1195.3,86.6,16.57,,88.3,N/A,69.7,Mexico,OpenFoodFacts,2024.
4803,OLIVE OIL (SW),Seafood,820.3,6.63,,58.35,16.63,0.68,749.7,1182.6,190.57,0.11,429.5,44.3,28.0,214.2,India,NutritionData.self.com,2022
2473,Chicken Breast,fruits,,43.55,,57.0,17.32,12.34,1457.2,979.0,196.56,7.9,454.3,53.8,59.0,158.8,Brazil,Kaggle FoodDB,2024
4008,Tuna (Canned),Proteins,379.4,,47.71,81.87,9.01,39.64,468.3,1035.6,131.41,3.46,201.2,97.6,5.0,158.8,USA,USDA,2021
1494,Avocado,Nuts & Seeds,84.4,10.96,,37.96,19.04,35.79,42.7,505.9,141.93,4.68,66.6,31.6,15.0,143.7,Canada,FAO,2020.
4207,Onion,Oils,535.3,25.11,,114.38,2.13,17.55,1387.1,53.9,39.58,7.05,94.4,29.7,69.0,37.5,Canada,OpenFoodFacts,2022.
2159,Strawberry,Seafood,416.3,15.79,31.34,83.64,9.73,58.34,1027.8,107.8,135.97,2.34,299.3,38.6,68.0,299.2,USA,FAO,2021
1170,Pasta,PROTEINS,272.6,7.19,6.88,77.95,11.72,21.02,1463.4,475.3,102.0,16.69,274.1,71.1,58.0,197.3,China,NutritionData.self.com,2020
4656,Mango (YC),Nuts & Seeds,168.1,,66.89,82.16,3.52,3.95,1670.0,221.3,170.11,5.18,201.8,7.1,46.0,44.4,UK,NutritionData.self.com,2023
233,Strawberry,seafood,527.7,35.08,68.84,110.08,16.54,7.34,,383.1,0.67,7.72,114.2,89.8,20.0,93.5,Canada,Kaggle FoodDB,2021
67,Orange (QL),Vegetables,,23.79,54.5,3.48,5.87,23.32,274.8,802.4,125.38,16.82,489.9,44.2,N/A,221.1,Germany,NutritionData.self.com,2019
1604,MUSHROOM,Proteins,332.4,40.37,64.45,115.61,1.51,44.24,1542.1,415.2,197.4,7.35,175.2,77.8,78.0,213.5,USA,USDA,2019
3284,Carrot,Legumes,796.7,16.54,18.83,57.07,4.81,29.53,1757.3,94.3,125.56,17.21,71.1,33.2,56.0,118.9,UK,Kaggle FoodDB,2020.
3597,Beef (Lean),fruits,222.2,26.53,44.4,7.04,0.12,,1197.2,954.7,45.49,3.47,161.1,19.9,102.0,287.9,Brazil,Kaggle FoodDB,2020
126,Cheddar Cheese,Grains,395.9,30.56,65.69,32.8,3.71,53.05,1632.5,961.6,32.83,9.12,202.8,78.2,N/A,169.3,UK,NutritionData.self.com,2018
1297,Sweet Potato,Dairy,167.4,17.57,,28.35,6.61,34.47,152.5,395.5,136.85,9.9,129.8,24.4,105.0,176.1,USA,USDA,2023
1977,Beef (Lean),nuts & seeds,248.2,37.46,35.8,29.31,4.01,42.4,944.4,703.6,36.93,9.56,274.5,14.1,43.0,85.1,Germany,USDA,2023
4657,APPLE,oils,756.1,,54.25,53.85,19.8,53.02,536.9,579.9,,16.08,139.0,38.4,N/A,85.0,Germany,FAO,2021
4621,Pasta (PR),Nuts & Seeds,774.4,22.16,71.14,93.05,1.24,24.36,654.6,782.4,129.07,,330.9,62.5,41.0,44.0,Brazil,Kaggle FoodDB,2018
2076,Peanut Butter,Seafood,786.1,9.21,70.03,28.4,6.53,23.16,,666.7,47.56,17.97,254.0,33.8,93.0,290.1,Brazil,NutritionData.self.com,2024
3087,BREAD (WHOLE WHEAT),Nuts & Seeds,379.2,47.54,27.43,46.53,,6.65,1245.5,1126.5,186.85,9.22,443.5,79.7,17.0,142.5,Germany,OpenFoodFacts,2018
4482,Blueberries,dairy ,435.1,14.63,44.94,14.84,4.62,12.88,444.4,563.0,174.56,3.12,433.3,80.9,65.0,44.5,Canada,Kaggle FoodDB,2020
3346,Black Beans,Oils,650.4,37.67,34.9,102.53,3.2,23.92,1630.4,1176.8,103.07,14.8,274.7,2.3,66.0,95.2,Mexico,NutritionData.self.com,2023
4604,Tuna (Canned) (DI),PROTEINS,345.8,2.29,,84.04,17.58,4.46,1365.2,161.5,24.13,,465.4,24.1,74.0,290.1,UK,Kaggle FoodDB,2018
2798,Peas,legumes,567.7,8.31,38.48,73.29,0.18,38.5,923.5,301.3,154.34,17.21,359.1,80.8,80.0,119.5,USA,FAO,2023
919,Cottage Cheese,Seafood,692.0,14.34,48.74,,11.16,59.9,640.6,682.0,175.75,7.78,80.7,35.7,49.0,197.0,Brazil,OpenFoodFacts,2018
1647,Cucumber,Seafood,132.4,44.94,28.19,113.65,16.95,49.99,843.9,227.9,8.55,4.49,,62.7,81.0,164.3,Australia,FAO,2023
365,COTTAGE CHEESE,dairy ,848.5,25.81,0.17,101.17,2.68,44.31,754.0,595.0,192.57,18.07,250.8,83.7,88.0,127.9,UK,OpenFoodFacts,2020
3288,Avocado,Proteins,727.1,1.0,32.36,,9.35,6.15,341.5,198.9,161.21,19.69,357.8,92.1,56.0,119.7,Germany,FAO,2020
2126,Cottage Cheese,Nuts & Seeds,607.8,24.15,73.85,68.86,1.63,28.7,1722.7,430.6,160.44,15.54,298.9,96.8,92.0,120.3,USA,FAO,2022
4124,Sweet Potato,Fruits,812.2,,28.5,117.57,11.94,56.71,1135.7,554.6,4.57,11.99,497.8,16.9,33.0,113.3,Canada,NutritionData.self.com,2022
526,STRAWBERRY,PROTEINS,432.4,1.82,61.14,15.65,2.5,,707.9,871.6,198.53,8.32,230.1,47.1,40.0,295.7,UK,FAO,2018
56,Peas,PROTEINS,,32.95,,89.26,19.32,5.18,1456.0,453.1,107.36,4.45,387.6,9.7,N/A,176.4,India,Kaggle FoodDB,2021
639,Tomato,Proteins,256.9,0.97,60.06,100.13,17.36,1.78,163.4,404.1,48.84,1.0,494.8,22.4,30.0,88.5,Canada,USDA,2019
303,Shrimp (HP),Seafood,495.8,38.12,10.24,27.4,13.1,53.98,440.6,604.9,122.79,14.62,110.5,21.9,5.0,137.1,Brazil,USDA,2020
2767,TUNA (CANNED),Fruits,486.1,14.2,50.21,2.43,0.14,21.64,1958.5,1161.9,141.08,,348.7,81.2,57.0,12.4,Germany,USDA,2024
1277,Broccoli,Grainss,233.0,12.86,22.53,25.44,10.97,43.31,644.8,344.9,170.44,15.85,349.5,13.1,37.0,89.9,UK,OpenFoodFacts,2022
2056,Pork Loin,fruits,608.7,6.08,40.79,10.14,4.2,3.81,419.1,714.7,,7.0,434.9,69.3,N/A,285.7,China,USDA,2020
4433,Cucumber,Oils,438.1,35.09,1.69,39.3,3.17,12.89,1777.7,523.5,30.36,,291.8,2.0,109.0,239.1,USA,NutritionData.self.com,2022
3645,Salmon,Legumes,689.3,26.86,51.52,99.77,19.77,44.71,1356.7,811.0,34.59,0.92,419.2,41.0,13.0,188.6,Mexico,Kaggle FoodDB,2021
4144,Bell Pepper,Legumes,751.7,25.62,37.54,67.08,4.51,28.44,1247.8,600.2,11.01,15.75,484.8,71.7,10.0,106.2,India,USDA,2024
2879,Salmon,Oils,540.2,32.4,43.72,58.94,14.5,,254.2,577.4,142.59,14.62,46.6,35.8,49.0,134.7,China,FAO,2019
4203,Sweet Potato,Vegetables,130.5,30.0,61.34,,19.63,11.03,1690.5,279.0,4.6,8.67,262.1,49.6,3.0,80.6,Mexico,FAO,2019
2287,Milk (Whole),Nuts & Seeds,,27.29,61.12,74.87,16.49,4.96,20.7,1069.0,110.89,17.85,199.3,60.1,N/A,28.0,China,USDA,2021
2262,Olive Oil,Fruits,549.7,9.6,32.88,46.69,11.75,7.14,230.2,1005.0,183.83,2.35,228.5,14.4,5.0,194.3,Nigeria,USDA,2022
2297,Chicken Breast,Vegetables,212.8,8.01,39.29,105.01,15.02,42.35,1112.0,797.0,,17.8,72.2,75.3,107.0,189.5,Canada,FAO,2021
1754,Bell Pepper,Dairy,232.3,4.41,17.25,56.8,3.91,14.54,1628.3,1056.2,,18.81,369.5,6.5,106.0,211.5,USA,NutritionData.self.com,2024
1969,LENTILS,Legumes,314.4,33.06,20.62,89.27,18.34,11.95,1781.1,807.9,119.64,6.21,162.4,78.2,76.0,169.8,Mexico,OpenFoodFacts,2020
4488,SPINACH (HD),Legumes,332.3,9.4,66.82,,17.28,51.57,1148.7,1012.1,172.03,,438.7,96.4,80.0,147.8,Brazil,Kaggle FoodDB,2022
3118,CHICKEN BREAST,Fruits,32.1,12.18,43.4,109.82,,56.04,1194.3,751.0,106.24,0.98,458.1,78.0,22.0,181.4,India,NutritionData.self.com,2023
2394,Mushroom,Oils,145.5,26.88,,94.04,3.27,56.48,1579.2,331.6,112.0,16.14,178.3,47.2,60.0,254.4,Germany,OpenFoodFacts,2021
524,SHRIMP,Seafood,761.1,22.97,34.58,101.77,15.31,23.81,1161.5,129.2,4.7,10.36,435.7,63.4,21.0,216.9,Mexico,NutritionData.self.com,2023
3901,Tuna (Canned),Oils,399.5,18.32,20.39,42.75,13.82,0.19,86.5,808.0,44.7,,406.1,32.5,51.0,165.8,Brazil,USDA,2018
3123,Zucchini (WS),Seafood,75.0,5.99,5.31,91.59,,42.82,215.8,82.5,70.73,15.88,470.8,48.3,19.0,30.6,USA,OpenFoodFacts,2019
4157,Turkey Breast,Dairy,495.5,46.64,70.45,35.58,11.56,17.47,1189.1,24.4,127.99,13.05,322.0,52.7,N/A,146.7,Australia,USDA,2021
1970,CORN,Grains,43.1,23.59,60.14,56.81,13.67,21.13,909.2,582.1,64.12,10.17,307.4,61.8,42.0,132.3,USA,Kaggle FoodDB,2024
672,GARLIC,Nuts & Seeds,,14.38,17.2,82.2,8.02,1.87,1151.3,693.0,87.98,4.1,29.6,62.5,53.0,244.5,Australia,NutritionData.self.com,2019
4189,Egg,Nuts & Seeds,630.2,47.7,23.69,22.82,16.82,38.48,314.0,1120.2,20.56,5.82,15.3,87.2,100.0,174.0,Canada,USDA,2018
667,Tuna (Canned),Proteins,236.4,35.19,0.27,65.31,17.6,10.41,278.4,364.4,73.51,,377.8,74.1,51.0,50.3,Australia,NutritionData.self.com,2021
4474,Avocado,Proteins,332.8,10.43,,40.91,3.5,20.63,1048.3,685.9,24.82,7.95,157.6,3.8,N/A,187.0,India,OpenFoodFacts,2021
1888,Beef (Lean),Proteins,237.1,17.98,23.83,67.22,14.01,35.89,649.7,308.9,138.99,,241.9,17.9,51.0,140.4,Germany,NutritionData.self.com,2020
3267,GARLIC (FF),fruits,,32.89,1.72,79.0,4.8,28.46,910.9,809.5,117.32,0.14,486.7,79.5,44.0,238.5,Australia,USDA,2022
281,Almonds (YR),Grains,803.2,49.41,32.76,112.34,4.6,33.15,63.5,128.9,22.55,15.4,286.2,8.5,6.0,36.8,USA,Kaggle FoodDB,2023
1720,Cheddar Cheese,fruits,230.5,14.63,24.91,,10.41,39.5,228.7,420.8,83.42,11.48,8.9,40.5,N/A,143.3,India,OpenFoodFacts,2018
2948,Greek Yogurt,Fruits,467.8,36.47,17.27,68.87,,16.3,1400.9,1017.0,150.18,4.6,,49.3,54.0,237.9,India,Kaggle FoodDB,2019
4456,Peanut Butter  ,Vegetables,72.5,12.89,,29.02,0.59,36.1,1359.3,317.3,178.21,19.96,276.4,98.5,83.0,18.8,UK,USDA,2022
900,Lentils,Legumes,95.2,26.7,24.99,8.58,10.07,8.74,1705.6,899.0,87.06,,438.0,66.0,66.0,47.9,Mexico,USDA,2020
4999,Orange,Proteins,737.9,19.93,54.64,53.2,12.75,24.06,1935.1,521.2,57.36,10.42,324.9,40.3,44.0,17.6,India,NutritionData.self.com,2018
761,Cucumber,seafood,153.5,38.13,3.83,12.84,7.54,48.99,1911.1,489.0,118.29,17.77,163.5,75.0,69.0,116.7,Australia,OpenFoodFacts,2022.
1907,Apple,Fruits,863.1,11.63,62.4,43.56,6.4,20.27,1884.1,338.2,34.71,9.37,103.7,95.7,36.0,168.4,Brazil,Kaggle FoodDB,2024
4043,Cottage Cheese,legumes,0.0,48.81,50.15,21.63,19.96,25.6,1668.9,695.2,59.23,9.15,488.6,95.7,18.0,11.9,Mexico,NutritionData.self.com,2020
3824,Kale,Nuts & Seeds,308.8,3.71,31.77,107.83,15.34,34.66,1358.5,3.0,16.15,4.65,238.4,25.0,N/A,20.2,Germany,USDA,2022
4139,Peas,Vegetables,605.2,24.12,54.95,109.46,15.5,,200.4,111.0,179.85,,149.2,59.0,95.0,227.2,China,OpenFoodFacts,2019
3819,Almonds,Dairy,742.2,28.89,52.22,26.9,13.7,18.97,710.5,331.3,189.33,17.47,253.9,76.5,52.0,69.8,Brazil,FAO,2021
4301,Orange,Oils,90.9,13.33,12.43,91.49,19.45,22.71,1696.0,539.4,63.77,7.48,91.3,57.3,99.0,197.4,USA,USDA,2018
2594,Carrot,Fruits,477.7,44.75,34.06,19.06,4.4,,430.5,1182.6,153.83,11.47,444.2,9.2,25.0,193.3,Nigeria,Kaggle FoodDB,2020
4165,Olive Oil,Nuts & Seeds,554.3,48.0,39.71,96.25,10.87,16.84,223.4,84.1,29.98,13.83,237.9,65.4,51.0,204.6,India,Kaggle FoodDB,2023
3032,Turkey Breast (LV),Grains,,32.15,28.81,75.1,5.44,46.44,1441.4,926.6,182.12,6.83,264.4,52.2,10.0,147.3,Brazil,NutritionData.self.com,2020
3580,Tuna (Canned) (UT)  ,Grains,453.5,3.17,,37.78,10.36,22.36,1029.2,691.1,80.99,2.15,146.2,26.0,38.0,192.1,Germany,Kaggle FoodDB,2023
2833,White Rice,Vegetables,124.3,10.39,,1.19,7.68,27.57,1009.9,495.8,129.25,0.77,127.1,82.9,98.0,42.5,Nigeria,OpenFoodFacts,2020
3473,Kale,Grains,556.5,,20.04,52.35,17.55,41.9,1962.5,299.8,45.86,6.58,210.3,2.9,106.0,45.1,Australia,NutritionData.self.com,2024
138,Chicken Breast (FG),Vegetables,638.7,4.08,51.93,32.84,3.56,,1807.9,372.0,151.95,,85.5,69.0,108.0,87.5,Brazil,USDA,2023
2181,White Rice,Seafood,288.7,11.76,22.23,117.04,18.61,59.91,1248.0,62.2,137.4,16.38,,53.5,91.0,231.5,Australia,Kaggle FoodDB,2022
2129,Cottage Cheese,seafood,796.1,16.29,53.62,49.21,10.01,56.14,,1086.5,131.08,2.13,,44.5,23.0,85.4,Canada,OpenFoodFacts,2024
3178,Sweet Potato,Legumes,795.9,36.55,33.54,45.27,6.09,14.02,31.7,751.7,26.39,15.28,49.1,10.7,33.0,124.3,Australia,OpenFoodFacts,2023
4504,Peas,Legumes,25.7,46.46,41.93,46.25,17.29,44.76,1160.0,694.1,189.66,15.62,233.7,91.1,61.0,111.6,Nigeria,USDA,2021
4262,APPLE,Oils,797.3,25.4,66.27,119.64,6.6,6.05,37.2,1042.2,41.13,5.4,392.2,48.8,18.0,147.6,India,OpenFoodFacts,2024
4345,Banana,Oils,537.4,3.01,78.94,22.93,13.4,7.65,1487.6,91.4,31.57,,52.0,31.7,3.0,42.4,Brazil,NutritionData.self.com,2022
1332,Garlic,Vegetables,652.9,,11.22,76.43,4.61,24.56,1605.5,474.2,9.65,9.59,365.3,30.0,57.0,105.9,China,Kaggle FoodDB,2020
2018,Beef (Lean),Legumes,811.9,4.02,66.94,11.19,8.76,57.66,905.6,1061.1,100.85,15.16,281.9,83.2,66.0,257.9,UK,FAO,2018
2483,Kale (QJ),Seafood,850.8,22.03,17.58,84.0,15.91,20.04,132.0,801.8,141.38,5.66,44.7,63.1,79.0,42.3,Australia,FAO,2022
1359,Shrimp (ZW),Seafood,263.6,47.26,60.09,41.92,1.25,,1482.4,231.6,47.84,16.26,124.3,99.0,28.0,118.5,Nigeria,NutritionData.self.com,2021
1330,Pasta,Fruits,,2.73,2.21,,18.11,13.79,233.1,1178.6,119.53,5.11,155.2,94.7,15.0,262.8,India,USDA,2024
2151,Tomato,Fruits,,38.52,34.36,60.69,12.6,37.62,388.3,424.5,107.72,17.04,124.9,51.2,43.0,94.0,Mexico,FAO,2018.
2123,WATERMELON (WV),fruits,871.1,26.75,,20.38,19.08,20.04,830.6,1057.5,17.19,8.12,491.4,26.7,51.0,122.4,China,FAO,2018.
3982,Sweet Potato,Fruits,729.0,32.47,67.42,98.69,6.97,4.08,523.6,987.0,152.21,11.53,,56.1,89.0,281.0,UK,USDA,2021
1253,Corn (CN),Grains,,16.94,71.76,11.63,2.54,58.14,1348.0,695.2,77.18,12.49,222.0,42.6,1.0,192.0,Germany,OpenFoodFacts,2019
3279,Watermelon,nuts & seeds,313.6,19.96,33.71,5.15,11.83,6.83,1872.2,871.0,95.43,19.85,466.0,78.0,5.0,281.0,Nigeria,Kaggle FoodDB,2019.
3375,Mango,Vegetables,737.1,29.08,36.63,24.84,3.1,21.19,516.4,60.9,89.88,10.56,12.1,16.8,107.0,225.1,UK,Kaggle FoodDB,2022
2815,Mango,Grains,517.3,11.57,0.2,,9.3,24.99,1638.2,862.2,137.23,19.12,449.4,1.7,55.0,241.3,Germany,OpenFoodFacts,2023
1849,Orange,Legumes,,29.99,,39.33,1.18,17.85,155.5,1176.4,162.65,12.91,153.5,28.3,104.0,47.1,Nigeria,USDA,2024
3038,Orange,Grains,882.7,42.77,35.53,84.13,11.49,36.4,706.8,998.3,34.26,14.59,,31.5,N/A,258.4,Germany,USDA,2022
389,CARROT,Dairy,680.5,28.6,69.47,,,41.83,418.4,743.2,122.56,8.7,47.6,71.4,76.0,205.7,Canada,NutritionData.self.com,2019
236,Tomato,Proteins,655.8,0.47,,54.94,0.29,30.04,103.5,524.8,111.1,18.08,428.2,50.3,41.0,145.9,Mexico,USDA,2022
1078,Greek Yogurt (NJ),Proteins,618.1,27.25,21.91,9.17,13.1,1.82,1946.2,397.1,10.91,12.89,294.7,16.0,93.0,205.7,China,USDA,2019
1985,Green Beans,Legumes,137.5,42.14,31.34,35.35,5.84,6.05,1630.5,618.5,131.41,17.65,378.8,18.8,109.0,163.1,Germany,OpenFoodFacts,2023
4364,Black Beans,Seafood,480.6,9.78,68.53,83.83,4.23,57.6,1605.6,307.7,19.18,1.35,131.9,12.0,103.0,12.4,USA,Kaggle FoodDB,2021
3963,Strawberry,Grains,45.2,,74.68,77.96,8.69,42.01,1637.3,349.2,115.99,13.3,377.5,77.8,16.0,78.9,Nigeria,NutritionData.self.com,2024
771,Bread (Whole Wheat),Nuts & Seeds,117.4,31.7,37.8,,2.9,12.26,341.8,881.2,83.58,11.36,485.0,1.1,65.0,73.9,Mexico,Kaggle FoodDB,2024
2166,GREEN BEANS,Nuts & Seeds,881.6,,49.12,116.52,18.71,58.82,999.7,580.0,,14.67,457.8,38.8,67.0,169.8,Mexico,NutritionData.self.com,2019
674,Shrimp,Dairy,481.6,15.78,14.52,98.32,,29.23,764.5,894.9,178.13,8.13,278.3,42.7,50.0,40.5,Germany,FAO,2019.
250,Kale,Vegetables,770.6,23.81,1.59,32.58,,,1278.5,668.4,146.34,11.07,76.4,69.9,7.0,34.5,Canada,Kaggle FoodDB,2021
1575,Peanut Butter,nuts & seeds,210.7,3.99,62.52,12.68,19.6,58.87,1947.3,190.2,60.2,13.14,,70.3,9.0,39.5,Germany,FAO,2023
3420,Zucchini (TR),Nuts & Seeds,32.7,7.58,60.37,115.53,11.23,34.81,1049.3,1157.2,53.79,,335.3,72.7,6.0,229.6,India,NutritionData.self.com,2021
2082,Cheddar Cheese (CK),Proteins,77.4,38.28,50.05,,12.34,,1976.2,263.6,56.26,8.21,436.1,80.9,31.0,59.5,China,Kaggle FoodDB,2021.
1824,Lentils (KF),Oils,701.7,48.29,63.19,14.48,1.27,2.98,1447.0,798.9,177.94,4.95,313.4,82.9,6.0,279.2,Mexico,NutritionData.self.com,2021
717,Mango,nuts & seeds,,9.5,22.81,2.37,2.19,12.36,493.5,896.8,45.33,15.27,292.8,66.5,N/A,157.2,Nigeria,FAO,2018
4813,Kale,Oils,31.6,12.67,40.1,107.66,7.45,,589.8,892.5,38.14,1.17,69.0,14.5,105.0,30.3,USA,Kaggle FoodDB,2019
2049,Watermelon,Proteins,498.3,,64.68,63.14,17.82,46.44,1681.4,875.5,147.24,,191.7,73.6,2.0,45.3,Canada,NutritionData.self.com,2020
4179,Corn (ZQ),Vegetables,307.7,28.2,6.18,85.78,17.26,36.28,,272.1,27.46,16.61,175.5,34.5,74.0,96.2,Germany,FAO,2020
2725,Shrimp (PT),Proteins,370.2,45.16,55.86,89.01,14.13,48.56,862.6,4.2,131.98,4.86,152.2,31.4,104.0,262.1,Australia,Kaggle FoodDB,2023
4661,Onion,Seafood,469.8,28.06,67.33,116.75,11.68,6.72,,1144.0,30.03,18.18,299.2,66.3,69.0,67.0,USA,FAO,2021
1461,Cucumber (LF),Dairy,366.6,13.33,19.02,5.19,14.4,28.63,,552.8,140.87,15.34,324.0,37.0,9.0,260.9,USA,NutritionData.self.com,2023
1669,Tomato,nuts & seeds,122.4,7.68,55.05,86.2,4.26,29.82,1071.0,1042.4,74.07,18.86,213.0,84.4,31.0,67.3,Australia,OpenFoodFacts,2023.
2757,Strawberry,Dairy,433.6,13.18,29.87,,,19.86,1848.1,557.8,177.07,8.0,151.2,2.8,45.0,288.5,Nigeria,Kaggle FoodDB,2018
2001,Chicken Breast,Grains,250.3,2.04,52.34,97.55,15.29,51.88,53.3,255.6,189.34,12.68,28.4,44.8,104.0,94.7,Brazil,FAO,2019
405,Cucumber,Dairy,301.6,17.47,77.84,111.87,8.44,42.43,1715.9,572.8,152.33,4.5,49.2,81.2,34.0,242.5,China,OpenFoodFacts,2024
385,Greek Yogurt (SC),Fruits,666.9,32.45,71.48,113.02,12.45,33.7,713.9,1170.7,73.65,11.43,38.7,48.4,95.0,288.8,India,FAO,2019
4632,Spinach (GX),Fruits,294.6,34.8,62.34,12.02,18.53,,1374.8,462.3,155.03,4.92,303.5,42.6,100.0,244.7,Canada,OpenFoodFacts,2024
2153,Broccoli,oils,,48.12,11.04,119.66,19.21,8.0,1711.1,927.3,0.34,11.55,293.6,1.8,65.0,124.3,USA,OpenFoodFacts,2019
1634,BELL PEPPER (RX),Nuts & Seeds,720.0,,70.77,,2.11,39.83,1801.3,836.8,162.01,8.72,121.8,20.9,9.0,116.0,Canada,FAO,2022.
4726,Green Beans,Legumes,20.2,,68.2,84.05,0.82,48.42,1381.2,1160.2,15.24,13.84,165.1,13.2,104.0,51.7,USA,OpenFoodFacts,2021
3926,Watermelon,Proteins,42.7,29.76,14.8,42.45,,46.29,,955.5,113.28,2.57,40.5,62.4,12.0,66.3,Mexico,FAO,2020
4159,Carrot (NG),Seafood,862.7,33.01,68.86,15.49,18.7,5.26,204.2,997.5,124.08,17.33,129.8,89.1,N/A,17.1,Nigeria,OpenFoodFacts,2020
224,Zucchini (SV),Legumes,343.6,17.8,20.83,115.1,16.35,48.6,139.8,956.2,,,211.9,62.1,74.0,198.5,USA,USDA,2018
2194,Cucumber,Fruits,513.2,8.9,47.1,54.87,5.27,12.08,1194.1,426.7,166.77,,202.7,15.7,52.0,129.8,Mexico,FAO,2020
3137,Banana,Dairy,673.7,19.87,75.03,104.91,3.65,36.82,810.8,540.4,181.96,4.3,98.7,54.6,60.0,124.5,USA,USDA,2023
4470,Spinach (OF),Nuts & Seeds,794.0,18.07,17.19,,,8.92,577.6,933.4,74.07,7.18,382.1,57.0,47.0,291.9,Canada,OpenFoodFacts,2023
1825,Pork Loin (MJ),Fruits,586.6,10.84,,,5.92,48.66,1554.7,88.0,159.35,15.24,394.1,81.7,37.0,199.4,USA,USDA,2019.
4741,Oats (KS),Fruits,652.5,0.57,71.28,49.62,5.76,,727.7,387.1,120.56,7.66,395.7,74.0,72.0,130.1,Mexico,NutritionData.self.com,2024
798,Onion,Grains,517.3,48.87,27.9,105.64,7.36,18.59,1451.2,1088.8,151.59,16.45,83.0,56.6,37.0,118.9,Germany,FAO,2020
2872,Spinach,Oils,852.9,1.7,70.56,114.9,12.19,31.13,1891.2,478.4,135.55,2.81,198.6,2.6,9.0,282.0,Canada,OpenFoodFacts,2018
10,Celery (KL),Legumes,643.1,21.57,60.76,24.38,4.61,2.62,606.4,552.7,61.78,12.76,167.1,69.7,66.0,283.1,USA,FAO,2019
1945,Milk (Whole) (LD),Nuts & Seeds,714.0,28.36,73.97,22.37,13.81,13.72,564.1,52.0,78.12,2.91,356.0,4.6,101.0,115.1,Mexico,USDA,2019
1839,Cucumber (KR),Vegetables,836.7,8.05,7.47,4.47,7.79,46.31,1471.8,1114.9,36.35,7.32,261.2,30.4,61.0,147.7,Brazil,USDA,2020
256,Strawberry (CY),Grains,510.0,,0.94,110.83,12.31,,1218.4,789.8,23.23,11.63,330.2,69.5,45.0,215.5,UK,FAO,2021
4486,Kale,Legumes,673.2,31.23,32.42,33.55,18.78,3.6,421.8,1171.0,30.7,5.32,368.7,34.6,47.0,31.3,UK,OpenFoodFacts,2019
4648,Black Beans,Dairy,242.0,,49.19,100.02,2.01,15.47,539.7,713.2,42.79,18.78,299.7,65.3,64.0,72.6,Mexico,OpenFoodFacts,2022
1582,Celery,Seafood,364.0,47.1,20.06,65.15,12.51,9.35,1239.2,591.2,84.09,15.74,496.4,63.7,51.0,260.4,UK,USDA,2024
2957,Bread (Whole Wheat),Proteins,661.5,,77.86,38.79,4.3,34.82,1504.8,53.6,60.7,13.96,450.7,54.0,61.0,88.2,India,NutritionData.self.com,2019
925,Cucumber,Nuts & Seeds,394.2,12.35,60.01,1.76,18.44,38.05,1504.1,599.7,79.85,1.72,430.9,70.9,63.0,163.9,India,NutritionData.self.com,2023
4568,Beef (Lean),seafood,214.2,44.56,71.14,86.92,,21.86,1358.7,339.3,63.17,7.09,143.4,98.1,97.0,148.3,Nigeria,OpenFoodFacts,2023
2509,Broccoli (VC),Oils,765.3,30.37,16.12,20.73,3.66,32.26,1048.9,61.7,94.11,19.72,164.6,41.9,49.0,126.7,Brazil,NutritionData.self.com,2024.
3776,Onion (PU),Grains,839.8,6.41,75.01,89.49,4.74,50.26,113.3,502.8,123.67,17.05,310.7,97.3,85.0,177.5,Mexico,Kaggle FoodDB,2021.
4137,CELERY (KJ),Dairy,661.3,33.08,25.22,33.09,11.42,49.57,893.4,928.0,58.61,2.39,359.0,21.4,38.0,232.1,Canada,NutritionData.self.com,2018
2780,Mango,Legumes,204.1,25.96,38.51,89.14,14.16,5.55,1935.9,952.6,46.58,16.85,22.1,77.0,58.0,169.2,Germany,NutritionData.self.com,2020
540,Pork Loin (UB),Proteins,133.7,23.42,38.32,71.56,14.99,31.17,424.5,208.6,,9.53,227.3,65.0,92.0,195.0,USA,Kaggle FoodDB,2021
2746,Bread (Whole Wheat),Proteins,707.6,30.01,19.88,5.52,8.39,12.44,1384.0,1094.1,47.71,5.88,391.3,70.9,32.0,46.9,Canada,OpenFoodFacts,2023
4638,Sweet Potato,Proteins,602.8,1.02,32.72,15.91,9.33,9.25,1244.9,821.2,109.98,7.43,333.3,63.6,N/A,299.5,China,USDA,2022
4711,Bell Pepper (WV),Oils,388.7,9.48,32.69,39.44,8.98,44.2,1474.0,1139.7,36.82,5.73,350.0,71.8,33.0,61.2,Australia,USDA,2024.
1146,White Rice (XT),Legumes,793.2,8.49,53.66,12.48,13.74,5.71,50.8,996.5,53.05,8.37,310.3,36.2,16.0,28.0,Mexico,FAO,2019
4469,Mushroom,Vegetables,855.4,25.66,,48.11,12.86,40.44,,14.7,,19.42,491.5,68.8,33.0,200.2,Germany,FAO,2024
668,Egg,Dairy,161.4,41.74,19.62,,9.2,28.56,352.6,459.7,104.77,16.04,25.4,91.4,3.0,48.0,Australia,Kaggle FoodDB,2023
3020,Tofu (NH),Legumes,709.7,44.72,78.17,7.45,13.02,20.23,884.6,764.7,2.21,3.6,198.4,93.7,67.0,269.5,Mexico,FAO,2018
358,Pineapple,Vegetables,535.5,48.88,30.16,111.24,16.53,33.26,213.2,1136.5,135.93,4.39,,18.4,77.0,148.0,China,USDA,2022
2832,Zucchini,Dairy,602.9,20.73,,22.04,7.95,14.6,741.9,82.9,,10.2,298.3,35.0,36.0,17.8,Nigeria,USDA,2018
2784,Turkey Breast,Vegetables,718.0,0.75,20.03,2.11,2.62,55.13,1272.7,160.6,95.58,,312.7,74.6,86.0,264.0,Germany,USDA,2020
1354,Salmon (RS),Seafood,658.2,28.5,47.81,115.08,4.24,37.9,1389.6,887.8,158.32,19.13,,30.7,105.0,264.9,USA,FAO,2019.
471,TURKEY BREAST,Fruits,30.7,34.39,45.77,6.57,7.68,8.88,1090.7,890.9,177.71,18.39,348.3,82.3,82.0,279.7,China,OpenFoodFacts,2021
2704,LENTILS,oils,34.9,,57.73,92.95,19.94,10.28,796.3,948.5,108.47,5.17,228.4,3.2,24.0,100.2,USA,OpenFoodFacts,2022
3331,Mushroom,Fruits,566.0,37.24,,93.49,7.93,50.13,1370.7,1170.7,192.22,10.39,286.9,87.1,100.0,236.7,Nigeria,USDA,2023
3638,Cottage Cheese,Grains,55.3,22.91,35.98,57.74,10.85,22.94,1809.5,48.2,106.45,15.73,313.5,40.5,85.0,79.9,Canada,FAO,2022
1397,Peas,dairy ,399.2,24.96,61.09,55.11,12.61,,845.5,588.7,,4.62,328.5,28.8,60.0,77.4,Canada,NutritionData.self.com,2023
3585,Tuna (Canned) (GA),Grains,378.0,23.23,23.63,91.32,12.36,34.49,1031.5,475.8,,6.95,8.4,22.2,9.0,234.3,Mexico,USDA,2021
4626,Green Beans (GI),Oils,620.6,16.58,41.29,34.77,,23.02,217.8,308.3,1.9,10.93,44.2,80.7,41.0,116.5,Mexico,USDA,2018.
3377,Blueberries,Grains,689.5,8.62,,99.71,1.61,,1774.8,725.1,148.31,6.24,398.6,57.2,15.0,37.2,Brazil,Kaggle FoodDB,2019
1257,MUSHROOM (LT),Proteins,196.5,31.02,1.99,88.39,7.2,58.6,1722.5,266.1,164.26,2.26,19.9,91.3,103.0,272.7,India,NutritionData.self.com,2024
3513,Blueberries,fruits,878.3,35.66,59.81,108.09,9.98,57.04,865.2,415.4,198.98,,432.2,23.1,9.0,214.2,Australia,Kaggle FoodDB,2024
1251,Mushroom (YA),Nuts & Seeds,721.0,23.24,44.3,40.65,15.78,2.52,493.6,1101.0,39.81,5.56,415.9,23.0,38.0,173.0,UK,USDA,2020
4955,Corn (AX)  ,Vegtables,416.3,8.39,47.31,15.36,9.82,44.13,1487.1,494.8,120.07,4.86,447.5,79.9,60.0,52.6,USA,Kaggle FoodDB,2018
4299,Pork Loin,Dairy,400.8,47.18,40.1,39.51,13.35,36.86,991.3,1038.8,,10.56,46.6,68.9,67.0,119.3,Brazil,OpenFoodFacts,2023
3285,Chicken Breast (FH),Oils,430.4,29.43,44.6,,18.03,5.49,60.8,1002.8,116.57,6.58,228.8,78.8,73.0,225.6,Canada,NutritionData.self.com,2024
2934,Green Beans (LR),Dairy,499.2,16.93,27.08,15.59,18.78,51.44,1649.2,565.5,41.28,8.63,317.9,61.5,8.0,27.7,Brazil,Kaggle FoodDB,2018
4176,Green Beans,Dairy,896.1,10.07,70.1,44.55,18.66,23.93,965.1,701.6,95.83,18.97,58.4,53.4,95.0,272.4,Canada,NutritionData.self.com,2024
1853,Onion (XJ),Oils,778.0,45.43,70.46,83.86,12.26,25.03,433.3,470.4,24.58,11.91,,62.8,1.0,179.1,USA,OpenFoodFacts,2023
4770,Quinoa,Oils,324.1,9.1,5.22,43.84,19.61,11.16,1472.8,773.5,45.63,17.05,414.4,45.9,103.0,173.8,USA,USDA,2024
2106,PORK LOIN,Nuts & Seeds,298.8,3.44,67.81,90.37,7.51,33.62,226.7,5.9,29.21,14.16,250.0,52.2,94.0,165.5,Brazil,NutritionData.self.com,2019
134,Mushroom (OV),Seafood,317.1,0.9,36.83,3.48,6.21,40.05,616.0,1102.3,146.97,19.33,292.0,19.2,49.0,20.6,Canada,FAO,2020
929,Onion,Proteins,577.5,30.76,,39.53,0.97,32.85,1412.4,1003.0,185.73,,431.8,31.3,27.0,262.2,UK,USDA,2019
824,Avocado (HH),Legumes,370.4,36.62,10.29,68.96,10.23,0.71,1323.1,681.2,87.98,2.55,273.3,54.1,96.0,47.6,Germany,USDA,2023
4919,Turkey Breast,Proteins,688.6,1.57,58.88,104.57,14.81,34.27,979.7,434.4,182.98,5.07,236.0,48.1,27.0,247.3,Mexico,NutritionData.self.com,2022
1532,Pork Loin,Legumes,557.1,45.09,6.69,75.74,3.19,28.16,1079.9,212.0,133.64,1.07,,77.5,5.0,169.6,USA,USDA,2021
1215,Egg,Seafood,630.4,38.66,66.93,39.12,12.21,47.83,123.4,463.1,77.84,3.69,151.6,61.7,93.0,157.8,Germany,NutritionData.self.com,2019
505,PORK LOIN,Seafood,622.6,15.58,63.7,79.54,8.53,34.66,1550.9,169.3,162.79,5.62,408.1,38.6,32.0,231.6,Germany,Kaggle FoodDB,2021
4286,Blueberries (TN)  ,Seafood,543.8,36.64,55.15,92.4,,36.61,519.6,60.7,100.22,,129.1,41.3,47.0,164.5,UK,Kaggle FoodDB,2020
1997,Almonds,Fruits,861.8,33.39,69.89,64.33,13.73,28.79,1678.6,125.0,153.96,14.77,147.1,27.1,3.0,217.3,USA,NutritionData.self.com,2021
3073,Zucchini,oils,295.4,36.66,14.49,104.26,8.0,57.19,954.6,621.4,150.07,18.53,,56.8,2.0,177.8,Brazil,Kaggle FoodDB,2018
1959,Peas (IM),Fruits,579.8,35.16,40.88,106.75,13.98,27.17,1311.2,304.0,30.66,6.63,218.2,0.1,N/A,296.4,Nigeria,OpenFoodFacts,2020
1385,Almonds,Proteins,597.9,23.03,22.59,,11.04,12.34,794.5,154.8,95.5,17.88,187.6,40.3,54.0,176.6,Germany,USDA,2024
895,Green Beans,Seafood,607.9,23.25,48.98,,4.91,0.81,1361.2,614.5,129.1,,489.3,9.3,104.0,122.9,Canada,FAO,2019
456,Spinach (FV),dairy ,,10.95,36.73,57.25,12.46,,591.9,186.3,77.0,17.47,,64.0,48.0,187.5,Australia,USDA,2022
4779,Green Beans,Dairy,232.2,20.02,,38.95,13.54,,440.1,554.8,111.78,17.07,378.8,85.5,49.0,57.2,Mexico,NutritionData.self.com,2022.
3710,Egg (DN),Oils,867.8,36.21,63.73,55.31,4.37,45.35,1867.8,276.0,196.5,3.27,213.4,37.2,105.0,30.9,China,USDA,2021
4760,Cucumber,Vegetables,890.2,28.82,2.0,37.82,18.24,3.09,1622.9,219.1,126.69,9.36,95.0,75.2,93.0,268.3,Brazil,Kaggle FoodDB,2020
4269,OLIVE OIL,seafood,736.1,7.39,71.86,78.66,3.21,29.59,1755.2,205.6,42.48,14.59,285.3,22.2,104.0,76.0,Mexico,FAO,2024
3523,Olive Oil,Grains,256.3,7.92,10.33,55.29,18.55,42.61,816.2,71.3,91.36,12.47,345.6,55.0,72.0,288.7,Mexico,USDA,2018.
4135,Tofu,Vegetables,542.2,,56.39,,2.29,50.81,832.2,110.6,79.38,12.03,37.0,85.0,50.0,52.2,USA,OpenFoodFacts,2020
3603,Tofu,Proteins,183.0,43.08,37.8,12.29,5.52,5.64,1614.2,1004.9,6.88,17.04,,95.7,51.0,106.8,Germany,Kaggle FoodDB,2024
714,SHRIMP,fruits,382.4,47.29,60.97,102.58,10.33,9.71,410.6,857.8,111.98,3.23,147.7,69.2,107.0,21.6,China,FAO,2023
4187,Pineapple,Dairy,132.9,36.45,,97.48,0.97,28.28,,349.8,136.75,5.89,95.8,48.8,N/A,21.7,Mexico,USDA,2018
2215,Sweet Potato,Fruits,659.5,7.46,50.8,83.35,17.6,9.64,1168.3,491.3,,2.3,84.8,65.5,34.0,28.0,USA,OpenFoodFacts,2020
2924,Egg,nuts & seeds,179.8,4.07,75.16,,6.04,24.56,494.9,171.0,39.81,6.28,388.6,94.0,38.0,285.8,Australia,USDA,2024
1811,Tuna (Canned),Nuts & Seeds,601.1,38.72,77.24,81.81,0.22,34.88,599.9,825.0,,13.59,393.0,26.0,8.0,20.6,Canada,NutritionData.self.com,2024
3487,Garlic  ,Nuts & Seeds,332.3,4.66,42.5,22.19,8.81,10.89,1675.7,369.9,,7.77,97.2,37.8,64.0,137.4,Brazil,FAO,2021
3142,Almonds,Proteins,,,22.55,,7.86,25.87,578.3,182.7,46.51,2.85,26.4,19.8,93.0,198.7,China,USDA,2018
1828,Green Beans (TW),Proteins,872.3,10.76,74.88,3.76,13.22,7.16,633.8,89.4,150.65,17.86,334.6,79.1,53.0,58.1,China,NutritionData.self.com,2019.
1156,ORANGE,Fruits,682.4,1.72,,52.76,10.7,11.56,36.6,619.8,110.35,2.1,311.4,2.4,72.0,75.8,Australia,Kaggle FoodDB,2021
1325,Lamb (VV),Seafood,878.8,4.17,,108.72,13.96,51.65,1709.1,989.5,,9.41,341.4,27.8,60.0,235.4,Nigeria,OpenFoodFacts,2020
4313,Beef (Lean),Seafood,129.4,35.45,52.3,26.4,8.74,33.88,,220.3,97.36,9.3,43.8,39.4,94.0,144.4,Australia,OpenFoodFacts,2022
511,Egg,Vegetables,559.8,6.75,9.73,35.04,,,551.7,56.4,156.77,15.78,304.1,30.2,33.0,214.9,UK,OpenFoodFacts,2021
1681,Bread (Whole Wheat),Proteins,,32.81,13.14,,14.11,5.75,383.9,344.4,56.47,10.41,247.8,0.7,25.0,261.2,Mexico,FAO,2021
500,Black Beans,Proteins,887.9,31.62,2.81,102.75,5.79,40.19,666.1,767.0,87.47,14.94,434.1,35.4,60.0,174.2,India,Kaggle FoodDB,2024
4676,Cheddar Cheese (TY),Seafood,800.0,29.04,2.94,51.39,,,1011.9,758.7,176.12,2.2,398.0,95.0,105.0,123.6,UK,NutritionData.self.com,2024
1857,Cheddar Cheese  ,Fruits,684.4,31.44,42.56,82.51,2.79,46.95,828.0,727.3,1.72,,66.0,98.3,82.0,265.5,Canada,USDA,2023
1389,Egg,seafood,873.4,14.06,79.19,41.42,10.4,57.85,1418.5,603.8,152.18,17.39,376.6,21.7,93.0,218.4,Mexico,OpenFoodFacts,2024.
3720,Apple,Grainss,,24.84,6.77,110.61,,5.63,965.2,756.6,19.54,0.66,,70.2,1.0,162.8,UK,OpenFoodFacts,2023
2387,Tuna (Canned),Legumes,346.6,4.83,60.46,74.7,13.21,41.33,1954.7,351.6,100.92,16.26,481.9,14.9,56.0,90.5,Nigeria,FAO,2023
3237,APPLE (YQ),Fruits,213.2,35.17,18.95,35.96,9.17,58.49,698.0,54.0,176.41,10.6,388.4,15.7,103.0,203.2,Australia,FAO,2020
1541,Pineapple,Proteins,644.0,9.51,66.62,3.15,14.52,44.81,812.0,190.6,11.02,1.85,,62.9,15.0,29.4,China,NutritionData.self.com,2019
1218,Tomato,nuts & seeds,618.8,,53.43,86.0,19.68,20.16,639.5,233.8,52.05,5.39,195.6,71.0,48.0,201.7,India,NutritionData.self.com,2020
2682,Lentils,Seafood,755.2,,59.82,92.8,3.11,8.97,1653.7,264.4,92.31,16.95,264.9,49.8,20.0,50.3,Brazil,USDA,2024
2994,Spinach,Grains,369.0,15.81,8.82,,2.19,23.13,407.8,960.8,117.06,5.65,383.4,40.1,88.0,33.5,USA,Kaggle FoodDB,2021
1192,Pasta (AJ),Nuts & Seeds,,32.18,12.28,5.49,7.21,47.64,19.0,518.5,33.32,6.97,269.5,66.1,N/A,102.0,Mexico,Kaggle FoodDB,2018
1543,Strawberry,Fruits,,48.37,64.81,91.03,17.2,54.73,1229.5,911.2,,,475.7,63.3,55.0,41.1,Germany,NutritionData.self.com,2018.
3302,Spinach,legumes,897.5,13.03,17.08,22.5,5.59,49.85,16.8,436.1,104.66,7.52,195.6,29.3,25.0,14.7,Brazil,NutritionData.self.com,2023
3325,Apple,Dairy,708.1,3.34,52.73,30.84,2.59,59.28,1026.4,568.2,55.54,15.03,218.0,22.8,89.0,167.0,Brazil,Kaggle FoodDB,2022
2540,Avocado,Dairy,696.7,19.74,,43.35,0.22,27.77,1856.4,723.4,18.49,10.56,351.1,21.9,102.0,238.3,India,Kaggle FoodDB,2018
954,Egg  ,Grains,824.7,30.85,6.47,38.35,12.58,20.43,597.6,934.1,124.03,2.36,,25.8,52.0,243.3,Mexico,USDA,2019
4331,Chicken Breast (OZ),fruits,266.7,34.81,11.05,10.57,6.31,39.69,1813.7,854.0,23.24,13.52,12.3,78.3,17.0,91.2,China,USDA,2024
733,Celery (MU),seafood,605.4,32.83,60.52,110.72,9.44,19.88,1459.7,695.9,126.37,3.74,245.0,1.2,86.0,265.7,China,NutritionData.self.com,2020
1157,Onion,Legumes,159.6,37.19,75.44,36.26,11.25,45.74,103.2,269.9,104.99,9.57,363.9,93.4,70.0,12.5,Mexico,FAO,2020
3295,Olive Oil (GM),Dairy,871.9,38.59,25.91,100.15,18.41,33.12,1873.3,415.3,157.58,1.5,494.6,81.9,37.0,110.4,India,OpenFoodFacts,2018
2983,White Rice,Grains,640.3,34.45,7.46,86.86,18.07,47.51,1764.8,488.0,31.49,3.11,4.6,89.2,109.0,255.5,China,OpenFoodFacts,2018
2157,Salmon (NR),Vegetables,144.9,25.96,1.09,99.79,14.46,32.59,823.2,879.9,87.71,16.09,132.8,80.1,64.0,261.9,India,USDA,2023
1063,Shrimp (LB),Nuts & Seeds,696.1,24.65,68.9,14.57,5.57,38.91,865.6,941.5,189.36,4.35,220.2,68.9,1.0,175.4,Canada,OpenFoodFacts,2023.
2617,Beef (Lean) (LJ),Oils,337.0,16.09,6.54,50.79,17.5,11.24,1336.6,730.2,1.53,17.0,438.7,38.3,73.0,206.1,China,NutritionData.self.com,2020
1168,Green Beans (WQ),Nuts & Seeds,,49.33,16.7,118.53,4.31,17.46,750.3,46.5,51.23,16.18,51.7,7.1,78.0,223.6,India,Kaggle FoodDB,2023
3223,Milk (Whole) (PM),Proteins,93.5,,62.71,99.81,1.88,23.92,439.5,774.6,61.96,5.39,248.6,54.7,69.0,272.6,Brazil,USDA,2021
3637,Watermelon,Fruits,830.3,40.04,60.15,75.29,19.6,44.99,1014.5,568.8,196.04,17.73,323.5,52.9,4.0,102.4,Canada,FAO,2021
2939,Tuna (Canned) (PZ),Seafood,858.0,18.03,13.59,115.74,2.38,45.39,1904.0,191.4,121.44,7.26,311.0,39.4,80.0,75.2,China,OpenFoodFacts,2018.
4492,Cucumber (BW),Fruits,631.6,2.27,59.7,117.78,0.14,43.73,953.4,276.5,15.43,15.05,423.3,7.6,59.0,280.1,USA,FAO,2021.
3141,Broccoli (GN),Nuts & Seeds,346.6,6.1,76.24,40.99,5.21,1.37,1471.6,789.2,66.32,9.6,486.7,50.4,67.0,95.8,Mexico,OpenFoodFacts,2021
144,Corn (GU),Dairy,284.8,38.34,31.81,,13.76,51.59,837.7,783.3,10.16,19.84,193.2,42.4,82.0,174.0,Australia,OpenFoodFacts,2022
3578,Chicken Breast (DY),Seafood,450.7,8.72,38.55,55.12,8.04,49.23,1256.4,751.4,159.12,18.66,387.4,12.0,35.0,33.9,USA,OpenFoodFacts,2020
2783,Orange (ND),Proteins,883.4,,10.89,51.49,5.3,,746.1,579.1,121.14,19.75,379.8,72.4,41.0,13.2,Canada,Kaggle FoodDB,2018
718,Spinach,Seafood,869.2,,15.63,90.94,8.1,24.97,786.7,329.5,50.22,18.38,19.9,28.3,45.0,257.4,India,FAO,2023
1820,Peanut Butter,Seafood,356.1,35.52,24.76,98.09,18.89,43.31,374.8,780.5,132.93,13.04,200.0,55.6,80.0,259.7,Nigeria,NutritionData.self.com,2023
2503,Brown Rice,Vegtables,524.7,6.34,14.94,110.49,4.95,53.48,1398.4,362.4,198.71,13.41,233.3,46.2,60.0,103.9,India,USDA,2023
4361,Black Beans,Dairy,72.4,26.05,76.16,6.98,16.89,16.99,204.6,412.3,172.77,9.65,,28.7,14.0,223.2,Canada,OpenFoodFacts,2019
4172,Lamb (VQ),Oils,888.9,42.78,2.43,108.24,10.38,27.86,878.7,605.4,100.99,5.79,123.7,67.3,60.0,103.0,Canada,OpenFoodFacts,2022
396,Mango  ,Proteins,839.1,18.66,59.64,51.3,8.72,22.87,1662.4,271.0,172.34,4.3,161.3,78.7,N/A,186.6,Mexico,NutritionData.self.com,2018
4985,Apple,Fruits,504.6,43.53,60.86,40.75,6.69,9.28,798.8,17.7,39.45,11.75,,62.7,N/A,177.4,Germany,FAO,2021
4493,Black Beans,Legumes,519.3,17.49,17.52,97.76,0.68,34.78,211.1,545.9,31.28,18.32,132.4,4.1,32.0,85.1,Canada,FAO,2018
1366,Brown Rice,Dairy,135.8,29.15,58.32,46.83,,49.61,1926.6,1076.0,49.2,5.15,190.5,28.6,34.0,211.7,Nigeria,OpenFoodFacts,2018
4698,Kale,Vegetables,466.8,37.2,30.64,82.45,12.96,17.77,1268.3,145.9,196.07,11.46,63.2,65.3,30.0,255.2,Mexico,FAO,2020
596,CARROT,Proteins,437.1,23.95,56.02,34.93,3.57,26.97,990.7,719.0,12.07,14.62,105.7,81.3,102.0,118.4,India,USDA,2020
3953,Pineapple,Oils,,0.37,77.66,107.52,9.5,27.84,1424.6,996.2,90.59,4.23,,35.6,31.0,55.5,India,FAO,2019
2915,Kale,Oils,217.4,0.22,67.96,12.76,13.69,49.36,364.2,800.0,31.81,8.49,477.3,22.9,37.0,68.8,Brazil,USDA,2023
2327,Watermelon,Proteins,742.7,10.81,,65.99,12.3,30.0,1210.7,850.3,50.53,19.6,100.8,86.4,16.0,194.0,Nigeria,OpenFoodFacts,2023.
3767,Pineapple,Vegetables,544.6,,6.93,75.11,17.19,16.77,692.5,540.9,26.43,8.26,217.6,70.8,109.0,160.5,Germany,USDA,2022
3441,Strawberry  ,Fruits,320.9,13.58,30.25,,19.42,,1354.7,816.5,114.07,,459.6,22.5,60.0,126.0,Brazil,OpenFoodFacts,2024
3852,Orange,Oils,122.4,,46.67,6.89,2.78,20.11,1969.6,323.1,4.54,,320.5,39.9,30.0,291.1,USA,USDA,2022
4133,Apple  ,Grains,,,34.68,45.38,1.92,57.27,194.1,575.8,56.31,5.52,142.9,28.5,61.0,71.1,UK,OpenFoodFacts,2022
4731,KALE (IK),Proteins,125.9,,,59.82,10.63,59.67,1585.0,710.8,61.33,1.34,129.9,61.3,90.0,269.5,Mexico,FAO,2020
2144,PINEAPPLE,Dairy,296.6,13.31,14.01,76.36,16.6,27.32,1497.5,1076.3,182.91,9.32,46.5,49.0,N/A,198.6,Brazil,FAO,2022
1572,White Rice,dairy ,167.9,0.39,35.49,21.93,,,1012.0,305.9,131.74,3.65,437.4,12.3,43.0,204.5,Australia,Kaggle FoodDB,2021
4080,Bread (Whole Wheat)  ,Grains,219.1,10.3,45.04,102.34,3.28,57.7,1080.8,1046.5,5.23,,178.2,9.7,77.0,282.5,India,FAO,2021
1123,Lamb,seafood,778.7,0.3,29.69,28.34,10.28,33.44,1971.4,1184.6,118.43,18.48,343.3,68.2,47.0,235.6,Mexico,NutritionData.self.com,2022
2787,Spinach,Seafood,865.4,17.16,2.9,13.42,,3.4,1029.1,432.3,131.26,,118.2,0.9,97.0,18.6,China,USDA,2021
2968,SHRIMP,Legumes,514.6,1.74,58.45,48.15,12.47,24.49,1868.4,1130.4,36.67,,318.7,36.4,56.0,190.3,Nigeria,OpenFoodFacts,2022
2505,BANANA,Dairy,196.4,27.89,30.06,,7.22,0.76,1731.9,298.1,,10.83,269.4,34.8,95.0,12.5,India,NutritionData.self.com,2018
3466,Peas,Vegetables,,12.71,46.49,97.25,1.3,,333.0,958.9,,8.9,,71.0,N/A,214.7,Mexico,USDA,2024
676,Tuna (Canned),Vegetables,884.5,1.77,61.74,97.57,3.02,,1213.3,361.1,184.36,8.51,341.0,34.1,48.0,270.3,Australia,Kaggle FoodDB,2024
2809,Pork Loin,Legumes,439.7,,38.5,34.13,6.1,17.63,365.0,123.8,172.34,2.88,366.4,46.6,19.0,135.1,China,OpenFoodFacts,2024
3349,Banana,Dairy,296.2,23.45,34.46,114.77,6.32,,813.2,599.8,142.32,15.77,141.9,65.2,30.0,157.8,China,Kaggle FoodDB,2024
729,CELERY (GF),fruits,197.4,8.43,14.16,47.19,19.69,7.48,46.4,37.0,104.32,2.0,27.5,2.7,103.0,255.5,Australia,NutritionData.self.com,2020
413,Quinoa,Proteins,856.5,36.85,18.99,105.95,12.16,49.04,1529.1,542.0,194.01,18.32,160.9,6.8,78.0,243.6,China,NutritionData.self.com,2020
3147,Pineapple  ,Vegetables,807.9,15.26,75.55,86.58,4.44,54.92,516.5,1149.6,55.45,2.37,232.8,95.6,64.0,119.4,Germany,USDA,2021
1517,Black Beans,Oils,589.8,42.28,30.05,57.69,3.97,,1628.8,1128.6,104.42,16.4,76.3,28.3,86.0,69.7,Nigeria,USDA,2021
826,Beef (Lean) (WA),Oils,829.5,18.12,40.5,32.8,,32.5,773.3,1116.1,12.58,11.26,447.9,4.0,76.0,123.4,USA,OpenFoodFacts,2023
3268,Kale,Proteins,513.4,18.32,59.09,61.71,,17.48,1729.0,1096.3,84.33,17.1,254.0,75.1,9.0,181.0,Germany,OpenFoodFacts,2021
3975,Pineapple,Fruits,258.9,21.54,63.18,42.96,,1.72,,897.7,,1.04,451.7,46.1,19.0,10.5,India,OpenFoodFacts,2024
617,Greek Yogurt (ND),Dairy,73.7,43.87,74.33,65.56,5.87,6.48,1249.6,370.2,107.6,4.44,106.7,12.9,23.0,263.8,Brazil,Kaggle FoodDB,2024
115,Peas (AQ),Dairy,577.4,14.33,7.54,26.0,,3.16,1110.1,202.9,34.59,18.43,205.4,68.5,69.0,62.9,Mexico,FAO,2023
418,Tofu (AJ),legumes,309.2,15.85,6.58,48.07,18.96,55.66,1608.9,672.5,,11.2,306.0,39.0,N/A,185.3,USA,Kaggle FoodDB,2024.
3070,Avocado,Nuts & Seeds,614.9,28.58,53.96,108.15,2.84,43.79,,814.4,100.7,7.15,47.9,87.2,47.0,93.3,USA,FAO,2020
1626,AVOCADO,Vegetables,627.2,8.67,5.71,68.87,3.75,11.97,748.0,123.7,46.12,4.43,259.5,51.0,82.0,193.3,Mexico,OpenFoodFacts,2019
3139,Milk (Whole) (HK),Dairy,478.9,27.0,70.84,27.32,7.9,6.33,1464.0,405.9,21.79,7.19,217.2,47.0,34.0,241.7,USA,Kaggle FoodDB,2018
4186,Kale (WC),Fruits,,36.07,34.67,93.35,19.88,7.19,1857.5,36.2,0.4,8.13,230.7,67.9,N/A,280.0,Australia,USDA,2023
2897,Broccoli,Proteins,494.4,35.33,39.5,12.59,13.68,21.75,636.4,734.5,90.39,13.26,446.9,27.1,47.0,102.0,Australia,Kaggle FoodDB,2019
4816,Tuna (Canned)  ,Nuts & Seeds,842.6,,35.46,37.98,17.08,40.91,777.5,1050.5,133.76,,167.4,6.5,71.0,63.7,Australia,NutritionData.self.com,2021
2083,Blueberries (SU),Oils,428.3,21.7,4.14,12.36,10.55,16.84,1397.5,976.6,185.06,8.05,113.9,33.7,47.0,261.0,Germany,USDA,2021
754,Celery,dairy ,,39.06,,46.1,14.85,10.57,1138.9,988.3,64.92,7.39,240.6,42.3,42.0,13.1,India,Kaggle FoodDB,2023
2547,Oats,seafood,88.3,39.0,48.45,95.11,18.81,20.76,1391.6,359.7,128.53,6.59,,36.3,11.0,46.9,Brazil,OpenFoodFacts,2019
3970,Black Beans,Oils,370.0,3.43,41.63,57.79,4.29,57.38,1044.2,1021.2,106.34,,88.7,93.1,23.0,69.8,China,NutritionData.self.com,2020
3374,White Rice,Nuts & Seeds,602.5,37.2,49.54,113.54,14.21,,492.3,1083.6,104.79,4.46,194.8,52.2,10.0,47.1,Brazil,FAO,2019.
4108,Garlic,Dairy,64.4,40.58,19.95,3.47,11.04,45.52,1185.8,200.3,48.29,14.67,413.1,62.0,82.0,238.5,Nigeria,Kaggle FoodDB,2021
2445,Greek Yogurt,Fruits,407.6,17.05,9.69,27.57,18.08,36.08,1831.5,634.3,20.55,13.39,302.4,49.3,73.0,51.9,Nigeria,Kaggle FoodDB,2022
4381,Egg,Grains,74.6,0.69,74.85,70.7,4.62,39.89,1338.3,423.7,126.21,,366.0,46.0,95.0,291.7,Canada,Kaggle FoodDB,2019.
1067,Pork Loin,Proteins,230.1,24.38,3.93,,12.73,57.1,203.3,434.0,69.78,5.2,321.6,23.9,17.0,200.4,Germany,FAO,2018
3914,Bread (Whole Wheat),Proteins,881.0,10.86,71.05,77.3,6.77,50.9,1816.9,911.1,69.76,12.25,424.1,74.8,78.0,276.6,Nigeria,OpenFoodFacts,2020
3499,Greek Yogurt (VE),Proteins,-999.0,8.59,29.66,15.59,16.34,,881.8,961.3,131.31,16.58,33.8,3.7,6.0,276.8,India,USDA,2018
2739,Tofu,Vegetables,867.2,33.3,73.85,40.03,0.02,26.67,1662.0,358.1,133.65,12.42,36.8,72.0,3.0,72.8,UK,OpenFoodFacts,2018
4001,Cottage Cheese (XB),Oils,523.4,45.69,5.85,,13.71,12.06,1066.8,159.8,116.66,17.36,3.8,43.7,95.0,196.3,UK,USDA,2024
1569,GREEN BEANS,Oils,569.0,19.38,8.02,119.58,9.49,30.06,1908.5,1104.9,184.18,,328.2,52.2,16.0,279.5,Mexico,NutritionData.self.com,2021.
2428,Cottage Cheese  ,Legumes,861.2,15.55,47.49,3.16,12.28,38.07,1304.5,272.1,152.29,15.92,,72.4,41.0,105.0,Nigeria,USDA,2021
3747,Mushroom,seafood,603.9,7.56,79.43,0.47,1.26,37.63,1468.9,637.1,50.57,15.19,221.2,71.9,87.0,114.8,Australia,NutritionData.self.com,2019
4782,Pineapple,Grainss,184.7,19.7,76.5,74.53,11.93,58.03,1801.8,417.0,,13.77,14.6,67.7,N/A,94.7,Canada,Kaggle FoodDB,2023
1688,Blueberries,Grains,448.6,17.65,58.34,69.26,19.25,23.2,1366.7,870.7,78.67,13.96,497.0,11.1,54.0,30.7,China,USDA,2018
852,Turkey Breast,Vegetables,680.0,47.99,30.0,79.46,12.22,29.14,0.1,877.9,60.3,13.37,309.0,55.8,11.0,105.1,India,NutritionData.self.com,2019
3547,WHITE RICE,Oils,92.8,40.17,46.6,55.61,11.47,51.44,1203.0,914.9,20.36,19.23,,40.8,14.0,237.3,Brazil,FAO,2023
896,Bread (Whole Wheat) (GX),Grains,200.4,12.37,12.23,47.72,4.88,54.03,1753.3,117.8,154.1,11.99,72.2,86.1,90.0,170.1,Australia,USDA,2020
4593,Chicken Breast,Fruits,463.9,36.98,65.53,19.71,18.0,,1376.3,551.7,85.66,18.95,16.7,56.1,40.0,183.2,Germany,USDA,2021
336,Mushroom,Grains,9999.0,47.24,62.91,100.17,6.98,26.78,622.5,771.8,,,216.8,42.0,81.0,129.6,Nigeria,USDA,2018
2840,QUINOA,oils,347.1,43.47,21.66,85.83,1.97,,,637.6,102.11,9.59,,41.7,36.0,248.4,India,Kaggle FoodDB,2018
3088,Brown Rice,Oils,33.5,36.51,77.51,28.77,,53.71,807.0,728.2,165.93,4.7,222.0,28.5,68.0,95.7,Germany,FAO,2023
4612,Green Beans (US),Oils,74.9,12.39,67.3,,5.55,,620.0,869.6,157.87,19.25,217.4,40.3,46.0,132.6,China,Kaggle FoodDB,2019
1349,Watermelon,fruits,,29.85,14.18,67.49,16.77,55.87,560.9,195.9,166.96,18.52,455.3,90.6,96.0,234.2,Nigeria,NutritionData.self.com,2022
1016,Turkey Breast,Dairy,834.2,37.7,73.93,65.37,6.0,13.77,1253.1,338.8,17.65,7.41,396.8,44.7,2.0,261.8,UK,Kaggle FoodDB,2018
2817,Corn,dairy ,459.0,12.75,63.38,56.59,9.42,17.27,273.9,836.5,181.32,6.66,391.1,50.6,22.0,31.8,UK,USDA,2018
1632,Tomato,Grainss,325.9,7.01,72.86,72.73,14.63,8.6,1706.8,745.7,102.88,0.21,108.5,46.6,1.0,14.3,Nigeria,NutritionData.self.com,2021
2490,Tomato,Vegetables,350.3,40.39,63.43,111.79,18.09,36.67,477.5,1191.0,45.02,4.3,489.1,14.9,80.0,281.7,Germany,FAO,2021
3731,Beef (Lean) (NB),Fruits,152.4,,27.22,101.7,,,166.7,186.4,150.06,11.91,,16.8,53.0,257.0,Canada,FAO,2019
3252,Apple  ,Nuts & Seeds,121.5,48.93,35.31,8.07,1.94,59.36,513.4,1098.9,195.42,13.35,150.1,51.1,5.0,282.0,Canada,USDA,2020
4776,Salmon,Nuts & Seeds,748.2,23.3,59.08,62.45,13.97,57.48,1988.3,60.4,82.29,10.0,191.1,72.9,101.0,168.4,Mexico,Kaggle FoodDB,2022
2071,Shrimp (AA),Vegetables,685.9,18.32,37.1,42.48,6.08,48.21,261.5,316.7,11.66,0.2,302.5,1.1,79.0,291.2,Canada,OpenFoodFacts,2023
4453,Cottage Cheese,seafood,752.7,7.4,37.86,52.8,3.2,16.67,1115.8,624.1,106.12,15.35,260.9,17.7,34.0,68.2,UK,FAO,2020
664,White Rice,Oils,228.8,28.98,35.55,45.44,6.2,,1666.6,652.2,57.28,10.71,56.8,35.2,35.0,250.9,UK,OpenFoodFacts,2022
1636,Tuna (Canned) (NA),Legumes,226.5,16.97,30.49,,1.34,57.12,1980.2,374.2,30.65,13.09,139.0,56.0,65.0,47.8,China,Kaggle FoodDB,2019
4647,Pork Loin,Proteins,616.4,39.14,70.5,13.46,14.33,3.55,1586.5,551.3,138.8,13.86,322.8,29.1,70.0,110.1,Brazil,FAO,2024
2480,Mushroom (MO),Nuts & Seeds,718.9,22.39,7.07,17.45,3.74,48.64,1033.6,737.7,78.86,1.9,35.4,32.9,86.0,115.8,Nigeria,FAO,2024
2266,Brown Rice,legumes,575.6,4.05,29.71,21.27,11.0,10.29,344.2,302.1,29.19,1.67,370.5,85.6,91.0,116.3,Germany,FAO,2024
2960,Cheddar Cheese,Legumes,730.2,2.03,79.86,,6.08,12.45,1447.8,959.0,184.24,12.27,201.1,46.4,N/A,49.3,Mexico,Kaggle FoodDB,2024
4879,Apple,Vegetables,339.0,,54.9,59.21,11.25,21.34,552.1,1027.8,24.38,18.4,455.8,82.0,96.0,180.2,China,FAO,2024.
3060,Pork Loin (AK),Legumes,857.3,27.64,22.06,53.14,2.46,42.64,967.5,302.5,38.4,3.4,43.2,23.2,97.0,224.0,Germany,USDA,2020
2142,Garlic,Grains,495.9,6.72,76.87,115.03,5.96,,1620.7,736.9,,14.35,6.0,75.3,107.0,252.5,UK,Kaggle FoodDB,2021
3119,Celery,Seafood,238.6,8.67,76.7,86.9,14.21,40.92,178.5,405.0,190.41,14.91,203.0,47.5,104.0,243.2,USA,NutritionData.self.com,2019
4872,Brown Rice,Nuts & Seeds,136.4,25.89,33.24,9.89,16.52,7.9,342.3,163.2,18.4,,474.6,26.9,46.0,190.1,Mexico,USDA,2019
4046,Tomato (YN),Dairy,396.2,1.6,27.03,16.44,7.72,12.41,1828.1,799.6,188.52,,123.8,60.9,104.0,126.6,Mexico,NutritionData.self.com,2024
3357,Carrot (RY),Seafood,632.6,,2.84,17.36,0.23,14.9,127.1,1132.8,32.09,9.16,,43.3,39.0,246.4,Canada,NutritionData.self.com,2019
2745,Oats (UP),Legumes,567.7,23.22,71.58,42.56,9.47,4.79,425.0,343.9,65.82,11.06,47.7,9.9,106.0,141.6,Australia,FAO,2018
3507,Apple,Nuts & Seeds,876.6,0.12,44.14,65.79,19.49,12.16,1028.2,729.9,13.22,9.91,248.4,69.0,63.0,170.2,India,OpenFoodFacts,2021
1680,Green Beans,PROTEINS,631.6,26.43,17.46,47.41,,22.86,1360.2,770.9,61.9,13.95,25.1,71.0,15.0,102.4,USA,FAO,2020
4250,Orange,Seafood,873.0,15.45,,73.52,14.34,37.93,1828.4,895.2,52.88,17.35,259.2,77.9,N/A,136.9,Brazil,USDA,2024
3148,Tofu,Vegetables,606.5,46.06,,39.24,8.07,35.25,,960.3,90.05,16.28,372.7,37.6,98.0,287.0,Nigeria,OpenFoodFacts,2023
2295,Pasta,Nuts & Seeds,,8.12,20.51,67.33,2.31,,487.6,1062.7,108.44,1.91,102.4,20.5,8.0,76.5,Germany,USDA,2024
581,Black Beans,Vegetables,424.0,2.09,32.79,113.07,16.48,6.05,824.4,755.8,115.1,8.72,76.9,49.6,91.0,66.0,Australia,Kaggle FoodDB,2021
1471,Garlic (QE),Dairy,519.0,32.93,4.69,41.1,0.5,52.28,1203.3,392.5,8.11,16.69,10.1,14.2,N/A,81.6,Nigeria,OpenFoodFacts,2022
4071,Black Beans,Seafood,305.4,44.34,43.65,20.01,19.35,45.64,1893.7,531.6,167.09,0.02,366.5,10.0,65.0,254.1,Australia,FAO,2018.
3344,Brown Rice,Dairy,157.7,,,92.11,,55.19,847.4,294.2,116.3,5.56,206.4,61.0,18.0,34.4,Germany,FAO,2018
4584,Broccoli,Oils,694.0,6.78,33.52,61.84,17.94,6.4,1539.6,71.7,143.06,15.29,119.9,25.2,89.0,16.8,India,Kaggle FoodDB,2019
3673,Mango,dairy ,657.6,24.93,7.2,54.66,13.89,,1795.3,681.8,41.41,14.06,379.5,83.5,104.0,98.7,Germany,OpenFoodFacts,2024
560,LAMB,Seafood,565.9,31.99,77.7,108.93,2.66,36.86,837.9,957.7,27.55,1.74,439.3,49.3,52.0,80.9,Canada,NutritionData.self.com,2022
2850,Watermelon,Seafood,335.5,0.78,41.33,101.07,,42.71,73.8,717.8,56.15,14.57,84.4,31.0,86.0,278.9,Australia,NutritionData.self.com,2018
513,Olive Oil,Nuts & Seeds,840.8,43.4,,107.28,19.89,36.45,423.8,706.0,75.3,17.7,353.4,43.6,26.0,138.0,Canada,Kaggle FoodDB,2021
4730,Onion,Oils,167.7,,74.59,79.91,3.55,32.99,174.0,437.0,85.66,18.55,,69.2,8.0,167.5,India,USDA,2024
1082,Kale,Vegetables,98.7,48.28,26.36,29.75,15.83,1.28,1150.6,850.8,15.36,19.77,252.2,69.1,70.0,161.9,China,Kaggle FoodDB,2019
1665,GARLIC,Seafood,893.1,,62.54,27.53,1.18,25.14,1743.0,325.0,69.72,13.63,231.7,57.7,106.0,200.4,India,FAO,2020
1013,Tofu,Seafood,850.8,48.95,76.82,46.97,16.51,8.7,,440.6,95.84,,26.6,56.3,94.0,140.7,Nigeria,USDA,2023
1932,Garlic,Nuts & Seeds,,4.77,45.25,37.79,17.72,1.37,1463.2,1066.4,93.44,6.33,75.5,17.8,96.0,296.4,India,NutritionData.self.com,2020
1151,Spinach (HW),Nuts & Seeds,643.4,29.03,1.78,117.1,14.06,58.42,1317.2,958.1,120.14,10.86,281.5,5.0,46.0,132.4,Germany,FAO,2019
2839,LAMB,Vegetables,689.7,19.22,15.39,,13.28,,37.6,396.8,159.51,0.47,276.2,21.3,58.0,148.8,Mexico,USDA,2019
117,Cheddar Cheese  ,oils,727.2,22.84,8.2,80.47,6.62,0.27,391.4,737.5,184.61,13.61,,20.0,94.0,33.8,India,OpenFoodFacts,2021
741,Tomato (DJ),Legumes,427.2,44.56,13.23,48.44,17.35,7.23,,657.2,17.94,17.88,408.2,65.5,26.0,126.6,Germany,OpenFoodFacts,2021
4954,Tomato,nuts & seeds,,12.64,26.6,72.69,6.05,48.57,1473.5,403.2,133.53,6.07,446.7,24.5,12.0,35.5,India,OpenFoodFacts,2024
3676,Mango,Fruits,267.3,16.34,44.68,60.7,8.54,30.05,1730.5,283.1,192.57,3.73,7.1,73.8,33.0,230.1,China,Kaggle FoodDB,2021.
831,Apple,Nuts & Seeds,217.7,49.81,18.32,87.69,17.62,28.27,1898.5,831.1,59.86,7.09,,30.6,103.0,47.2,China,USDA,2023.
120,Beef (Lean) (PZ),Vegetables,494.6,14.17,60.34,71.64,7.15,22.62,,61.3,191.63,13.18,107.6,56.4,63.0,275.6,Nigeria,NutritionData.self.com,2019
4753,Apple (OX),Nuts & Seeds,614.5,24.64,42.14,6.3,7.63,55.28,135.3,788.0,73.2,16.43,466.3,5.1,80.0,57.4,China,FAO,2021
4927,TOFU,Seafood,,22.31,74.86,114.34,6.18,16.49,473.5,794.9,68.55,9.94,83.6,65.3,7.0,121.7,China,OpenFoodFacts,2023
4886,Mango,Vegetables,797.6,33.7,71.18,63.57,2.13,17.79,1539.8,415.2,112.89,1.12,275.8,30.8,5.0,164.9,USA,OpenFoodFacts,2022
636,ALMONDS (MN),Dairy,413.7,2.94,76.76,3.13,7.82,58.92,1797.2,969.1,65.54,,163.5,86.4,82.0,117.3,India,OpenFoodFacts,2021
4466,Corn,Grains,368.5,47.74,27.24,33.85,14.01,20.3,1788.8,1181.2,180.69,6.17,224.9,20.5,109.0,284.6,UK,Kaggle FoodDB,2020
4365,Chicken Breast,Seafood,219.6,14.31,,40.76,12.8,6.6,1614.0,424.7,185.3,12.22,279.9,52.8,41.0,97.6,Canada,Kaggle FoodDB,2024
4143,Tuna (Canned),Oils,103.1,,42.99,,9.04,50.34,839.9,742.0,20.18,,161.1,67.4,80.0,169.2,China,OpenFoodFacts,2018
992,Zucchini,Vegtables,631.3,27.15,49.17,47.22,0.68,21.33,1943.5,1083.1,181.24,18.84,251.3,76.2,39.0,239.9,Australia,NutritionData.self.com,2018
877,Celery (JX),Fruits,650.1,43.36,35.98,20.15,18.65,,1017.2,752.3,31.07,11.31,,48.5,97.0,285.8,Brazil,FAO,2021.
5,Beef (Lean),Grains,157.3,43.5,38.13,,9.64,30.16,1175.7,852.4,40.73,6.92,209.3,86.9,79.0,11.2,Brazil,USDA,2018
3052,Cottage Cheese,Oils,445.1,8.87,32.59,97.16,4.83,28.48,326.8,798.9,113.01,8.31,178.9,6.8,N/A,121.8,Brazil,USDA,2022
3125,Pasta,Fruits,,14.24,8.4,43.85,0.24,35.97,194.2,535.8,87.86,10.73,143.7,14.2,1.0,52.1,Australia,USDA,2022
2661,Quinoa,Grainss,9999.0,2.01,21.3,58.9,19.69,17.24,1344.4,1163.6,54.33,5.88,128.4,86.8,40.0,168.4,Canada,USDA,2018
2492,AVOCADO,Vegetables,198.8,19.92,16.57,0.95,5.8,52.83,1782.5,805.1,69.1,,424.6,32.1,12.0,65.6,Nigeria,OpenFoodFacts,2022
3855,Apple (GR),Legumes,602.4,24.14,22.86,46.19,3.18,,410.2,760.0,49.95,1.81,305.2,32.0,54.0,133.5,India,Kaggle FoodDB,2024
4778,Peas,Proteins,290.9,49.76,1.35,,9.21,45.65,,384.5,,9.9,396.4,86.5,32.0,115.7,China,OpenFoodFacts,2020.
1716,Pork Loin (HT),Nuts & Seeds,895.5,20.81,32.22,111.25,4.14,45.32,766.6,606.4,88.77,2.57,118.1,70.3,38.0,102.3,UK,NutritionData.self.com,2022
1149,Oats,Vegetables,768.5,31.29,68.99,42.56,19.49,19.35,708.4,1145.8,123.62,,354.8,74.7,40.0,257.4,China,Kaggle FoodDB,2024
3262,Banana (RS),Seafood,466.9,9.25,26.04,36.19,2.23,4.22,1836.0,1074.7,42.84,8.58,92.4,23.1,78.0,85.7,China,NutritionData.self.com,2023
575,Pineapple,Grainss,778.9,32.4,72.48,20.04,18.85,1.27,1068.3,155.5,156.21,1.08,234.0,97.0,95.0,60.8,Canada,Kaggle FoodDB,2018
3770,STRAWBERRY,dairy ,,8.59,,101.24,6.8,2.78,580.0,1096.3,,19.72,393.7,31.7,N/A,42.6,USA,NutritionData.self.com,2021
3737,Shrimp (DD),Nuts & Seeds,602.5,19.62,72.76,54.49,19.08,40.11,692.0,255.4,16.07,,95.3,51.7,26.0,288.5,Australia,NutritionData.self.com,2019
4147,Greek Yogurt (UC),Fruits,111.0,17.82,52.8,34.74,14.26,9.21,1841.9,640.7,168.74,15.71,238.9,60.2,84.0,299.9,Brazil,USDA,2018
854,Garlic (RQ),oils,810.3,43.2,63.49,108.5,19.39,45.98,15.3,1169.2,60.99,12.64,34.8,30.7,8.0,258.3,China,OpenFoodFacts,2020
1983,Mushroom (IV),Nuts & Seeds,423.2,46.75,42.57,114.5,11.79,2.92,1987.6,101.2,43.66,,203.8,15.7,89.0,181.1,China,USDA,2024
2775,Mango (TX),Nuts & Seeds,501.0,16.78,37.43,116.63,17.12,,1762.3,434.9,199.61,17.72,284.7,71.0,47.0,82.9,Mexico,USDA,2022
1167,TOFU,Fruits,752.3,20.43,4.93,57.15,9.15,,67.6,985.7,159.92,3.87,492.1,9.1,71.0,153.9,Mexico,FAO,2018
972,Lentils (OA)  ,Seafood,844.4,10.13,75.73,0.63,13.84,49.0,523.7,1173.4,38.55,14.48,368.2,75.1,94.0,221.6,China,OpenFoodFacts,2023
2702,Broccoli,Vegtables,878.9,37.56,20.71,13.45,14.3,58.35,,626.6,168.4,16.24,254.0,8.5,87.0,99.4,Germany,NutritionData.self.com,2020
4496,Broccoli,Seafood,556.9,23.27,31.26,29.08,15.35,25.12,,295.7,178.6,15.81,425.4,30.4,91.0,147.6,Brazil,OpenFoodFacts,2019
3848,Avocado (YZ),Dairy,514.7,32.89,36.5,75.61,16.23,23.51,212.7,58.0,25.51,6.34,84.8,88.7,N/A,144.9,Brazil,NutritionData.self.com,2020
2369,Pork Loin (JW),Grains,,9.53,22.52,78.13,17.68,37.15,245.0,122.5,182.34,6.7,87.3,5.3,83.0,72.7,China,NutritionData.self.com,2024
4116,Oats (LX)  ,Grains,320.0,23.84,25.88,55.67,4.46,1.93,966.3,451.1,69.42,13.11,374.2,67.7,51.0,135.6,USA,NutritionData.self.com,2021
4781,Olive Oil (AR),Oils,80.0,18.33,,11.16,12.6,36.92,775.5,224.7,170.11,8.25,118.7,91.8,73.0,169.1,India,Kaggle FoodDB,2020
4132,Blueberries (ZO),Oils,211.7,37.33,33.19,76.57,19.31,58.79,814.5,964.5,139.12,0.02,282.5,6.1,8.0,298.5,Germany,NutritionData.self.com,2022
2951,Tomato (YZ),Proteins,748.2,47.52,35.55,91.32,7.73,20.36,884.1,271.3,74.78,14.54,245.6,80.7,44.0,15.2,USA,Kaggle FoodDB,2024
525,White Rice,Proteins,757.7,26.48,33.02,,16.38,51.59,989.8,677.9,79.19,0.84,364.1,60.1,91.0,138.0,Mexico,NutritionData.self.com,2021
2456,Brown Rice,Fruits,142.5,49.95,11.97,63.3,11.78,47.33,18.0,1013.4,151.21,17.91,273.4,91.4,109.0,141.9,Brazil,FAO,2020
1842,Shrimp,Vegetables,400.2,8.43,47.49,102.05,16.57,10.5,1335.4,193.9,68.27,4.17,354.4,30.5,70.0,50.1,Nigeria,OpenFoodFacts,2018
538,Spinach,Grains,237.7,43.87,7.23,78.47,6.67,38.22,896.8,383.2,6.93,12.83,205.2,67.3,72.0,66.6,UK,NutritionData.self.com,2022
2807,Peas,Seafood,,36.0,18.97,25.0,10.06,19.3,671.0,863.3,133.16,0.35,254.4,48.6,75.0,274.3,Canada,USDA,2023
4342,Onion,Oils,62.6,27.12,14.63,77.34,5.74,54.41,1260.0,769.5,19.16,0.69,470.6,35.1,52.0,270.6,India,NutritionData.self.com,2018
3176,CARROT,Proteins,183.4,14.48,58.74,109.83,6.26,40.18,396.1,706.0,29.05,18.43,244.3,10.9,4.0,95.2,Mexico,FAO,2023
785,Cucumber,Vegetables,179.8,0.94,57.79,77.51,13.78,0.98,,350.5,118.89,,,37.8,103.0,53.5,India,Kaggle FoodDB,2021
4058,Pineapple,Grainss,55.3,11.49,65.8,8.26,1.27,1.8,298.7,649.6,77.79,15.43,331.9,31.5,62.0,116.6,Mexico,FAO,2018
1410,Kale,fruits,784.1,47.04,,108.03,6.94,38.58,69.5,978.5,,7.66,228.9,63.1,75.0,120.9,Australia,FAO,2022
2538,Tofu,Legumes,145.7,17.61,,102.01,14.01,21.03,87.5,824.9,186.93,2.46,104.9,45.4,26.0,77.7,Australia,Kaggle FoodDB,2024
155,Cheddar Cheese,Oils,887.4,,63.65,60.47,5.2,32.31,1616.9,273.5,185.25,7.07,12.0,46.8,68.0,173.6,Brazil,OpenFoodFacts,2019
3010,Salmon (VP),Seafood,,2.08,14.5,21.48,18.78,11.0,221.3,1058.0,115.58,4.28,25.6,36.3,93.0,195.3,Mexico,NutritionData.self.com,2022
1687,Apple,Nuts & Seeds,832.0,18.7,4.7,35.65,4.67,59.55,456.1,696.6,,18.78,267.6,42.8,76.0,192.4,China,NutritionData.self.com,2022
2902,MILK (WHOLE) (KX),Dairy,693.7,11.14,21.72,,13.19,,,686.4,73.36,13.66,,6.8,52.0,85.3,India,USDA,2020
2645,Shrimp,Nuts & Seeds,,8.32,27.63,115.0,14.39,,1043.0,375.3,126.3,2.11,0.4,28.8,N/A,202.9,Canada,NutritionData.self.com,2024
4722,Cottage Cheese (WP),seafood,68.2,23.17,7.65,33.35,5.83,7.76,330.0,842.5,70.09,2.08,159.0,23.2,95.0,247.3,UK,FAO,2018
3864,Watermelon  ,Nuts & Seeds,244.7,30.82,70.78,17.96,,19.27,1567.5,137.6,171.32,8.53,,52.4,15.0,281.6,China,OpenFoodFacts,2022
2734,Peas,Fruits,862.9,40.53,,57.55,4.42,9.78,1515.3,561.8,17.05,0.24,342.8,12.8,76.0,147.4,Canada,OpenFoodFacts,2018
1896,Cheddar Cheese,Grains,665.1,44.82,23.67,79.42,14.7,4.67,1130.9,761.9,59.18,,187.2,82.1,94.0,91.5,Brazil,USDA,2024
570,Salmon,Fruits,326.5,48.72,47.22,54.38,6.29,44.12,1486.9,1068.3,83.77,0.26,341.3,32.7,43.0,66.7,Germany,USDA,2020
1817,GARLIC (AN),Oils,280.0,11.85,45.58,39.85,1.94,39.41,1251.5,479.0,191.61,11.03,137.5,16.9,66.0,159.2,UK,OpenFoodFacts,2020
2066,KALE,Dairy,711.9,30.09,34.27,67.42,5.5,21.22,1038.1,1035.5,131.68,9.58,173.1,56.7,47.0,189.7,USA,Kaggle FoodDB,2019
128,Tuna (Canned) (BI),Proteins,777.4,,67.74,56.2,1.41,24.55,618.7,695.7,94.47,5.32,420.6,11.6,95.0,54.0,Germany,OpenFoodFacts,2023
3395,Bread (Whole Wheat)  ,Legumes,812.8,39.43,4.4,13.77,15.69,5.18,630.2,75.5,144.36,10.41,151.0,79.1,38.0,203.5,China,USDA,2022
3328,Pork Loin (KF),Legumes,475.8,45.16,23.68,20.62,13.2,6.23,680.4,410.0,129.05,15.25,94.5,88.7,55.0,53.9,China,NutritionData.self.com,2022
2020,Pineapple (OB),Oils,604.1,,5.67,88.08,5.44,51.76,0.8,536.0,17.55,18.53,447.4,29.3,14.0,92.4,Mexico,Kaggle FoodDB,2019
2976,Salmon,nuts & seeds,42.2,7.77,56.69,23.83,19.56,49.64,1155.6,1031.5,45.08,4.14,249.3,88.1,8.0,294.8,India,NutritionData.self.com,2024.
981,Salmon,Grains,314.1,32.29,55.41,78.9,18.41,26.16,1459.9,635.8,,5.88,468.1,65.5,55.0,177.3,Mexico,OpenFoodFacts,2023
2301,Greek Yogurt,Nuts & Seeds,726.3,,75.54,52.0,5.63,6.51,562.1,781.7,120.5,18.58,51.7,6.8,78.0,152.0,Nigeria,USDA,2021
191,Mushroom,PROTEINS,101.9,16.68,50.43,117.5,1.03,54.59,725.6,777.1,82.96,12.5,117.2,95.1,74.0,44.0,China,FAO,2018
1140,Green Beans (CZ),Nuts & Seeds,541.3,40.11,78.88,13.49,0.41,3.41,1361.9,219.4,43.87,14.67,39.9,24.3,58.0,21.9,Canada,USDA,2021
700,Garlic,fruits,443.4,14.68,29.66,59.52,12.53,45.31,1288.7,1177.9,88.94,18.71,280.4,27.5,5.0,89.1,Germany,Kaggle FoodDB,2021
4928,Quinoa (XN),nuts & seeds,219.7,49.98,36.63,31.45,10.07,55.16,986.6,298.3,190.91,6.93,327.4,79.6,99.0,209.6,UK,USDA,2024
607,Carrot,Fruits,201.6,43.5,,94.07,0.33,55.23,1669.0,206.9,108.09,15.25,112.4,72.1,59.0,129.6,Canada,USDA,2018
4277,Lentils,Dairy,373.3,14.59,14.96,110.56,9.18,15.46,969.9,886.5,75.94,5.05,99.8,67.4,97.0,151.6,Mexico,Kaggle FoodDB,2021
302,Pineapple (FN),Nuts & Seeds,487.6,0.62,65.65,57.46,5.87,27.65,354.7,930.0,135.79,10.23,473.8,8.9,9.0,14.5,Brazil,FAO,2020
3421,Tofu,Fruits,692.6,28.63,,68.55,8.31,49.56,,1061.0,121.48,5.69,194.2,97.3,19.0,197.1,Nigeria,USDA,2021
4968,Orange,Grains,649.3,5.57,26.58,32.78,5.19,51.09,1492.9,401.8,63.93,3.94,485.6,90.8,44.0,23.0,UK,OpenFoodFacts,2021
1061,BLUEBERRIES,Legumes,788.8,20.24,60.4,43.51,8.76,27.63,772.6,758.4,2.69,11.9,493.4,65.7,77.0,119.8,UK,USDA,2022
2566,TOMATO (FD),Fruits,279.9,44.72,62.33,72.25,15.09,15.53,211.3,949.5,,17.96,35.8,36.3,51.0,274.5,Germany,USDA,2023
4963,Cucumber,Dairy,,24.26,70.2,82.74,9.08,0.57,1341.4,173.3,41.04,10.66,46.3,72.1,25.0,170.3,Australia,NutritionData.self.com,2024
1070,Orange,Vegtables,272.8,,42.59,7.58,12.23,53.23,1189.7,265.3,191.32,,225.2,90.2,93.0,75.1,India,USDA,2018
2525,Greek Yogurt (QJ),Nuts & Seeds,727.9,17.81,1.29,22.22,14.99,8.06,492.6,205.5,53.02,18.3,363.8,0.6,72.0,74.5,Germany,NutritionData.self.com,2020
2206,Garlic (WC),Dairy,827.9,,1.01,62.86,1.29,,1692.4,1053.2,28.98,7.32,19.9,26.9,25.0,152.7,Mexico,USDA,2019
1244,Apple,Nuts & Seeds,763.4,37.05,34.07,24.04,7.05,46.27,1964.1,670.3,194.35,7.16,169.4,70.6,94.0,251.9,USA,Kaggle FoodDB,2022
17,Onion,Vegetables,287.7,2.17,0.56,61.38,14.84,53.24,51.7,263.0,86.64,6.2,161.6,88.2,76.0,61.5,China,OpenFoodFacts,2024
3121,Kale (UW),Seafood,258.3,14.57,52.39,104.63,15.4,25.57,1838.4,714.1,30.46,18.89,173.4,4.5,31.0,233.7,China,NutritionData.self.com,2022
4643,Cottage Cheese (DA),Oils,775.5,,60.64,63.69,5.51,24.66,1068.9,350.8,103.42,0.7,357.7,2.6,50.0,51.1,Mexico,OpenFoodFacts,2021
4755,Pineapple (UL),Seafood,778.1,11.16,35.19,118.02,14.46,46.48,1025.0,172.7,63.65,4.86,402.9,80.7,103.0,220.4,Brazil,FAO,2021
816,Watermelon (GB),Fruits,476.6,2.93,46.19,81.56,13.79,23.65,312.6,982.5,97.32,17.05,221.3,27.9,108.0,258.3,Nigeria,Kaggle FoodDB,2024.
3068,Mushroom,Legumes,869.2,16.74,44.84,80.1,1.24,31.26,,1021.8,25.84,13.17,251.7,23.3,62.0,44.6,Canada,NutritionData.self.com,2023
4976,Bell Pepper,Proteins,413.1,9.39,44.71,104.23,2.51,23.19,1550.9,85.0,20.37,10.65,289.9,44.7,N/A,168.0,UK,Kaggle FoodDB,2021
960,Orange,seafood,669.5,40.57,68.24,7.15,6.68,44.52,1658.5,792.9,19.34,7.7,474.9,21.3,60.0,177.3,Canada,FAO,2020
226,Mango,Grains,234.7,2.96,43.65,5.73,8.48,58.53,647.6,457.5,12.33,1.62,203.7,98.3,10.0,15.0,Mexico,Kaggle FoodDB,2022
3355,Celery (CY),Dairy,185.4,9.95,1.63,7.58,1.91,50.0,1648.7,679.3,161.24,16.06,136.2,88.7,5.0,96.6,Nigeria,OpenFoodFacts,2023
2486,Pork Loin,Grainss,883.3,33.97,16.92,36.19,13.0,32.76,1542.0,576.5,181.66,4.05,414.6,37.0,39.0,120.6,USA,USDA,2022
563,Shrimp,Fruits,140.0,13.25,7.28,95.77,10.83,19.12,,968.6,58.8,10.33,12.6,51.1,1.0,38.9,Canada,OpenFoodFacts,2021
3437,Black Beans,Seafood,221.4,22.56,26.8,44.35,2.67,6.2,749.6,939.7,176.49,18.22,285.8,66.7,80.0,135.1,Canada,Kaggle FoodDB,2022.
1694,Olive Oil,PROTEINS,148.8,40.18,74.24,21.04,7.58,3.09,1287.8,792.2,174.17,11.19,219.6,19.3,66.0,181.3,Brazil,FAO,2023
1046,Celery,Nuts & Seeds,562.0,37.97,57.04,76.72,,37.95,1501.0,626.7,156.85,2.9,365.4,77.8,109.0,234.1,UK,NutritionData.self.com,2024
3447,Garlic,Fruits,727.9,28.3,31.01,39.48,10.37,49.97,309.8,498.5,,13.74,423.3,30.4,11.0,245.1,UK,NutritionData.self.com,2023.
4566,Greek Yogurt,Fruits,809.7,17.08,11.93,107.04,4.05,6.9,671.7,1074.7,89.13,5.6,317.6,28.4,46.0,116.3,India,FAO,2019
955,GREEK YOGURT,Fruits,388.5,2.34,69.99,,10.4,19.07,971.5,1032.8,,1.8,256.2,41.5,79.0,66.0,Germany,OpenFoodFacts,2021
4906,Mushroom (OT),Oils,162.3,19.63,64.71,51.84,15.38,,395.6,909.6,32.12,14.06,303.3,96.2,41.0,24.6,USA,FAO,2021.
2736,BELL PEPPER,Vegetables,711.0,31.73,37.44,51.92,0.55,40.5,1706.4,1099.4,,2.72,172.7,48.9,38.0,240.7,India,Kaggle FoodDB,2018
3301,Mushroom  ,Oils,401.5,39.43,41.34,76.34,1.87,41.06,320.1,1014.7,90.51,1.64,142.5,80.0,75.0,293.2,China,USDA,2018
4736,Cucumber,Proteins,124.8,30.27,,59.96,2.28,38.8,848.1,170.8,154.71,0.03,99.3,15.1,14.0,80.9,India,NutritionData.self.com,2022
4971,Onion,Oils,438.1,3.42,,38.63,5.08,25.46,1903.6,1051.3,162.94,5.83,92.0,25.6,74.0,216.3,Brazil,NutritionData.self.com,2019
1219,Onion,PROTEINS,596.0,18.73,34.35,,18.11,29.92,515.9,606.1,17.44,16.07,143.6,11.6,105.0,299.0,Germany,USDA,2024
1528,Broccoli  ,Nuts & Seeds,290.4,41.78,67.07,81.62,17.01,54.39,1159.1,86.6,12.43,17.3,346.9,4.6,7.0,285.7,Brazil,Kaggle FoodDB,2023
3988,Cucumber,Vegetables,416.1,47.14,22.71,16.83,12.27,24.73,1902.0,369.6,46.97,1.26,476.4,8.7,73.0,215.4,India,OpenFoodFacts,2020
1301,CUCUMBER,Legumes,47.8,39.17,34.63,49.86,10.07,26.31,227.4,297.8,,2.6,88.5,13.3,N/A,253.0,India,NutritionData.self.com,2022
3921,Milk (Whole) (FD),Seafood,853.1,26.4,13.85,54.85,14.66,26.88,1588.5,401.1,14.28,,39.3,36.3,8.0,244.3,Brazil,USDA,2023
161,Chicken Breast (AY),Seafood,343.6,30.87,44.28,52.98,12.27,24.85,17.6,993.9,88.45,1.43,330.3,68.1,37.0,195.7,Mexico,FAO,2020
4068,Tofu,Proteins,881.7,25.3,25.96,22.65,6.79,56.22,,1198.2,14.65,8.45,314.1,62.9,19.0,68.4,USA,FAO,2018
957,Pasta,Grains,476.6,15.51,32.29,91.19,13.91,20.59,,141.4,14.89,16.18,209.1,85.3,7.0,33.1,USA,FAO,2019
3792,Carrot (GP),Dairy,79.2,2.98,20.23,93.27,8.59,41.71,986.4,392.7,187.55,19.39,297.5,36.0,63.0,134.9,Australia,OpenFoodFacts,2023
3235,Oats (NL),Dairy,364.1,4.94,54.03,12.56,16.08,47.16,1080.5,125.3,97.46,6.35,,56.0,66.0,65.7,India,OpenFoodFacts,2020
2870,Pork Loin (KX),Grains,330.7,0.52,53.22,48.75,2.55,,1944.3,543.1,95.15,11.47,94.9,41.9,86.0,245.5,UK,FAO,2021
3778,Mushroom,Dairy,518.6,11.61,45.5,93.54,6.95,13.64,1345.6,592.3,66.95,11.0,284.0,62.2,43.0,255.1,Canada,OpenFoodFacts,2021
4434,Greek Yogurt,Proteins,831.7,14.6,68.69,53.29,10.64,56.1,,346.6,176.62,12.58,447.9,59.3,4.0,170.1,Canada,OpenFoodFacts,2021
2962,LENTILS (YH),Legumes,,15.82,2.21,1.09,19.24,25.54,1445.7,125.7,146.49,8.32,84.5,39.3,44.0,95.7,Australia,FAO,2020
2201,Onion,Seafood,879.6,18.51,25.24,67.99,1.31,24.42,1841.1,196.3,190.68,3.77,434.2,14.0,49.0,263.1,China,USDA,2020
99,Beef (Lean),nuts & seeds,42.4,21.14,,80.34,18.94,,1744.5,169.9,170.69,17.79,33.0,58.1,86.0,100.4,Nigeria,OpenFoodFacts,2021
2558,Almonds,Vegetables,283.6,25.44,50.99,,12.6,31.63,845.5,84.7,92.66,13.27,352.9,87.8,22.0,78.7,Mexico,Kaggle FoodDB,2020
3184,Lamb,Grains,240.0,,14.97,25.02,3.56,,962.1,463.0,149.79,10.92,21.0,4.1,28.0,65.6,Germany,NutritionData.self.com,2019
254,Carrot,Grains,,4.25,32.23,90.94,6.67,41.28,1125.7,193.9,144.81,2.51,290.0,78.3,22.0,290.9,Mexico,FAO,2023
3924,Pork Loin,Nuts & Seeds,254.0,41.42,11.46,5.6,17.8,47.93,1354.3,806.8,187.26,15.08,222.7,60.5,3.0,255.7,Nigeria,Kaggle FoodDB,2019
4200,Pasta (YF),nuts & seeds,563.1,28.57,45.2,20.43,19.05,42.4,252.7,1171.5,76.5,9.2,432.1,12.0,1.0,237.2,Nigeria,USDA,2020
1446,Almonds,Dairy,175.9,27.01,66.53,112.54,6.01,58.85,275.2,900.0,152.46,11.27,430.3,90.7,24.0,140.9,USA,Kaggle FoodDB,2018
1649,Pork Loin,Oils,708.2,34.32,1.32,16.87,18.96,16.52,99999.0,601.9,130.04,12.5,315.1,44.8,40.0,285.8,India,NutritionData.self.com,2024
4683,Black Beans (OT),Fruits,849.0,15.72,57.34,73.98,16.97,33.77,1010.1,841.6,182.59,7.58,218.4,50.0,28.0,31.3,Australia,OpenFoodFacts,2024
4724,Black Beans,Vegetables,388.5,36.82,20.09,52.4,8.09,2.94,878.5,203.7,43.52,13.61,393.3,28.4,13.0,206.0,China,FAO,2018
3992,STRAWBERRY,Oils,205.8,10.27,47.46,1.81,8.18,57.72,755.1,876.1,95.52,2.23,264.4,65.1,18.0,254.3,Brazil,USDA,2024
1697,Lamb (XK),dairy ,42.7,33.13,37.14,81.98,10.35,4.68,668.9,51.0,58.8,17.74,301.8,19.6,N/A,166.6,Mexico,USDA,2024
3192,Orange,legumes,824.1,19.81,29.11,80.47,3.15,28.66,1525.1,168.2,39.0,11.33,496.6,98.8,26.0,191.1,Brazil,OpenFoodFacts,2021
4500,CHEDDAR CHEESE,fruits,388.8,10.82,36.1,78.78,13.85,10.15,233.8,1097.0,39.73,18.42,254.7,84.8,52.0,239.2,Mexico,FAO,2018
1155,Celery,Grains,564.4,9.45,66.56,70.14,4.48,10.38,946.7,600.8,100.39,19.91,449.2,49.2,101.0,62.6,Australia,USDA,2019.
2256,Kale,Grains,523.2,27.66,47.66,93.89,,54.44,1635.7,1103.0,,2.45,88.6,96.0,3.0,256.4,Canada,NutritionData.self.com,2020.
1683,Celery,seafood,584.1,-1.0,40.2,,13.22,16.81,1558.7,810.4,40.96,14.79,340.7,43.1,28.0,209.6,India,NutritionData.self.com,2022
3171,ALMONDS,Fruits,596.6,40.82,42.57,83.23,15.45,19.19,1643.1,126.1,174.28,10.37,404.0,62.2,47.0,293.9,Nigeria,FAO,2021
2057,Greek Yogurt (OR),Proteins,426.8,40.15,64.87,56.33,5.68,11.14,76.4,1065.3,79.46,6.93,368.8,43.7,90.0,144.8,Nigeria,NutritionData.self.com,2020
4091,Turkey Breast,Nuts & Seeds,666.1,21.71,76.53,4.41,4.0,50.83,713.6,1013.5,110.86,1.71,384.8,87.8,11.0,25.6,Brazil,FAO,2021
3109,Kale,Seafood,538.7,37.14,77.56,50.13,,13.94,89.7,110.2,115.67,0.93,328.8,60.6,80.0,225.9,USA,USDA,2019
4549,Milk (Whole),Legumes,608.6,23.57,45.33,,18.69,8.85,64.2,142.3,42.59,10.32,490.1,75.5,52.0,200.7,Canada,FAO,2023
3724,Mango,Nuts & Seeds,183.4,,17.59,96.79,17.76,48.42,1482.2,365.2,128.09,6.49,283.2,29.9,40.0,164.5,Brazil,NutritionData.self.com,2024
2050,Chicken Breast (VC),Nuts & Seeds,91.9,24.41,12.8,,1.52,54.29,1022.2,163.4,198.67,15.8,301.3,77.6,106.0,248.5,Brazil,NutritionData.self.com,2018
3644,Corn,Fruits,430.3,13.33,44.6,45.77,8.9,22.37,1405.2,644.4,56.95,3.24,308.7,77.6,87.0,223.7,China,OpenFoodFacts,2020
3798,Salmon,Legumes,110.9,,,106.81,,58.72,917.9,941.1,13.7,8.07,,79.6,28.0,284.0,Australia,OpenFoodFacts,2021
624,Banana,Proteins,446.4,38.03,72.22,87.73,,,376.3,3.6,8.98,17.52,341.2,0.6,4.0,125.6,Australia,Kaggle FoodDB,2020
263,OLIVE OIL,Proteins,143.3,27.93,53.53,68.86,10.45,15.75,1311.7,702.5,161.14,10.91,134.4,65.9,23.0,295.9,Germany,Kaggle FoodDB,2021
3370,Oats,Proteins,,5.74,38.12,100.78,12.24,27.27,254.3,189.4,105.12,11.37,287.4,92.6,N/A,184.9,China,FAO,2024
4062,Tuna (Canned),Seafood,205.1,42.65,77.28,101.18,15.0,9.0,,609.1,8.2,11.11,14.9,26.4,70.0,196.6,USA,NutritionData.self.com,2023
1803,Watermelon,Grains,330.9,11.05,29.88,99.37,9.31,59.67,814.7,583.4,94.45,18.49,151.4,4.7,91.0,239.4,Nigeria,OpenFoodFacts,2022
4737,Garlic,Nuts & Seeds,470.9,34.35,4.96,63.42,10.27,6.08,13.6,88.8,97.01,0.52,35.2,68.5,84.0,279.7,China,Kaggle FoodDB,2024
1544,Chicken Breast,Seafood,245.8,13.5,,65.54,2.41,23.29,,169.6,50.71,18.86,77.1,59.0,98.0,146.7,Brazil,Kaggle FoodDB,2019
2386,Pork Loin (KF),Fruits,532.3,16.34,16.45,92.63,3.82,3.25,954.2,700.5,,2.89,440.8,71.0,21.0,137.4,Australia,NutritionData.self.com,2022
1960,Apple,Nuts & Seeds,711.4,47.8,73.11,109.4,19.71,14.26,200.4,900.3,,16.04,,48.0,19.0,209.2,Canada,NutritionData.self.com,2024
2977,Black Beans,fruits,,46.09,,,16.14,54.33,489.1,843.1,155.62,9.31,372.8,85.2,84.0,140.5,UK,OpenFoodFacts,2022
489,Tuna (Canned),nuts & seeds,856.4,30.52,,41.19,15.7,26.06,33.1,1164.6,139.21,12.26,11.6,78.8,70.0,285.7,Mexico,OpenFoodFacts,2021
1844,Pineapple,Nuts & Seeds,,,53.65,89.4,5.91,2.64,357.4,236.1,54.74,18.52,394.4,8.5,73.0,46.3,Nigeria,USDA,2024
1735,PEANUT BUTTER (EI),Seafood,135.0,8.13,35.95,103.1,10.95,36.76,1687.7,965.4,101.83,4.63,21.9,87.2,68.0,258.5,UK,NutritionData.self.com,2021
2912,Onion (TL),fruits,21.3,20.7,77.41,2.23,6.75,22.83,1409.5,54.1,69.81,14.35,11.7,66.5,84.0,27.6,USA,OpenFoodFacts,2024
3220,Peanut Butter,Vegetables,664.5,36.7,28.83,84.21,12.99,25.79,,730.4,151.73,13.83,,85.7,N/A,108.2,Canada,USDA,2019
147,Turkey Breast,legumes,556.4,32.47,62.71,85.22,18.5,13.18,1507.6,1077.9,175.9,13.79,113.1,97.2,2.0,209.2,India,OpenFoodFacts,2019
1987,Avocado (GJ),Proteins,660.6,21.53,,35.6,18.3,38.8,1978.8,1138.3,,13.11,346.8,86.5,23.0,183.6,Canada,USDA,2021
1370,Tuna (Canned),Dairy,229.0,41.53,73.74,6.81,5.89,49.51,526.4,214.6,8.15,10.05,334.7,80.4,12.0,145.8,Mexico,NutritionData.self.com,2021
2812,White Rice,Seafood,583.7,,47.4,19.5,3.27,46.12,,871.4,114.3,,314.9,86.7,109.0,61.1,Canada,OpenFoodFacts,2021
660,Green Beans  ,Seafood,522.3,31.45,45.19,45.16,3.36,9.99,247.9,372.6,84.19,11.33,110.5,48.1,109.0,19.6,China,Kaggle FoodDB,2018
1795,ZUCCHINI,Fruits,56.7,23.42,37.62,40.32,18.07,8.84,355.4,657.7,187.22,17.8,73.9,46.1,68.0,33.9,India,NutritionData.self.com,2023
2512,Greek Yogurt,Vegetables,797.4,49.77,79.17,48.1,7.3,21.16,42.8,976.8,25.1,17.89,320.6,80.3,52.0,271.0,Nigeria,OpenFoodFacts,2021
3398,Chicken Breast,Legumes,,22.55,,42.38,8.27,59.58,,1088.2,123.07,6.17,201.9,18.9,56.0,88.4,Canada,USDA,2018
4283,White Rice,Oils,203.8,,55.15,71.9,12.15,51.78,99999.0,1171.8,1.8,0.26,,85.3,28.0,33.1,Brazil,USDA,2023
1148,Turkey Breast,Nuts & Seeds,599.4,24.42,27.74,,15.48,6.24,1965.8,203.0,179.57,,327.7,98.4,19.0,206.0,India,Kaggle FoodDB,2019
3273,Pineapple,Dairy,656.6,3.58,13.8,75.49,11.27,40.89,1375.2,74.7,126.08,15.75,64.4,56.6,102.0,230.9,USA,FAO,2020
609,Shrimp,Nuts & Seeds,463.0,22.51,59.87,81.72,16.59,,850.1,602.3,39.26,5.43,433.8,21.7,53.0,113.3,UK,OpenFoodFacts,2020
3583,Carrot,Vegetables,338.0,,16.34,13.65,15.05,53.34,1476.0,934.6,69.29,2.55,140.3,58.4,67.0,164.7,UK,NutritionData.self.com,2018
1931,Peanut Butter,nuts & seeds,530.4,16.1,55.19,74.61,14.33,51.29,177.0,361.7,,10.16,181.7,6.0,86.0,37.4,Nigeria,USDA,2020
198,Pork Loin,dairy ,809.5,3.28,61.01,109.54,2.11,20.81,1435.9,718.5,64.51,4.92,166.6,6.7,43.0,54.3,Nigeria,USDA,2022
2932,Lamb,Proteins,601.7,38.49,65.4,62.06,1.33,11.23,879.9,1099.4,96.0,2.13,53.5,17.3,N/A,236.9,Canada,Kaggle FoodDB,2021
2328,Carrot  ,dairy ,21.4,36.93,9.01,32.36,10.04,48.98,156.1,695.5,40.14,16.57,,72.5,4.0,66.3,Canada,FAO,2021
4390,Pasta,Proteins,58.8,27.5,24.33,53.93,18.94,,1719.2,557.0,32.07,7.29,411.5,90.1,59.0,213.4,Australia,NutritionData.self.com,2021
767,Carrot (FN),Legumes,691.0,12.72,47.0,75.84,18.63,5.38,778.5,934.8,,19.21,262.7,7.9,25.0,97.4,Brazil,NutritionData.self.com,2022
4497,Almonds,Proteins,449.6,24.82,61.29,106.89,4.46,17.21,852.3,250.7,,13.92,365.2,97.6,106.0,280.6,Mexico,OpenFoodFacts,2018
4219,Corn,Proteins,626.6,42.34,19.99,,17.16,8.11,1604.2,675.3,129.29,11.39,223.6,70.5,8.0,194.6,Nigeria,Kaggle FoodDB,2020
3256,Beef (Lean),Seafood,145.7,43.01,21.26,11.87,17.59,16.1,1714.8,1190.6,170.9,19.13,216.7,52.2,49.0,203.5,USA,USDA,2024
203,Milk (Whole) (HU),oils,162.2,32.17,24.43,52.09,9.75,34.77,1808.4,276.5,188.89,17.64,45.1,31.3,5.0,47.5,Brazil,USDA,2024
3511,Lentils,Vegetables,315.0,9.36,39.6,65.49,0.89,,,787.3,95.35,7.86,76.5,51.7,70.0,34.7,USA,NutritionData.self.com,2022
4932,Tofu (ZY),Oils,321.1,5.24,40.2,90.5,15.12,57.11,1732.0,1150.0,107.46,8.08,,78.9,88.0,83.2,Australia,OpenFoodFacts,2021
1734,Lamb,Seafood,395.0,17.3,38.02,76.6,19.39,48.51,1903.0,625.6,62.26,0.89,1.5,23.4,3.0,96.4,Canada,FAO,2020
2778,Pineapple (KG),Oils,165.9,40.18,73.95,1.58,8.94,49.24,1106.2,502.6,142.76,19.67,,90.4,42.0,166.4,Australia,OpenFoodFacts,2021
1708,Oats,Grains,210.1,27.3,79.74,116.83,6.15,,922.3,213.2,134.2,0.18,174.8,61.7,1.0,147.1,China,Kaggle FoodDB,2022
3475,Olive Oil (WK),Vegetables,757.6,43.68,37.7,108.64,7.47,27.45,35.7,1107.8,65.46,3.43,203.0,66.9,53.0,252.6,Brazil,Kaggle FoodDB,2018
855,Black Beans,Grains,200.5,20.4,22.45,,18.37,23.6,1547.4,1135.0,41.46,16.73,213.9,15.8,60.0,235.9,USA,Kaggle FoodDB,2021
4738,Tomato (OR),Oils,,1.02,71.05,83.03,10.42,,266.8,715.2,14.45,6.55,,23.3,106.0,29.5,Australia,USDA,2024.
4098,Beef (Lean),Legumes,91.8,4.4,77.97,72.97,18.57,30.58,1588.9,113.0,149.83,14.05,198.9,49.7,31.0,40.4,Canada,USDA,2022.
2161,Tofu (IO),Dairy,593.0,36.52,30.15,65.84,7.92,23.69,915.9,278.3,145.27,19.26,90.8,96.5,101.0,52.6,India,FAO,2023
699,Peanut Butter,Legumes,155.8,49.21,58.19,74.63,19.62,36.24,132.5,923.5,,2.48,27.2,24.1,29.0,255.5,Australia,FAO,2019
4181,Milk (Whole),Seafood,374.4,21.52,7.54,99.48,6.95,3.59,108.4,519.1,124.21,5.13,133.1,87.8,N/A,152.1,Canada,Kaggle FoodDB,2018
3000,BLUEBERRIES,Oils,786.8,5.31,3.46,98.58,4.85,6.6,415.2,569.3,15.53,6.74,201.3,85.6,21.0,260.2,Brazil,USDA,2019
3697,Avocado (OC)  ,dairy ,866.1,48.15,75.75,,15.54,36.23,,47.4,23.87,2.45,417.2,14.9,84.0,150.7,Nigeria,OpenFoodFacts,2023
1637,SWEET POTATO,Legumes,371.4,45.35,49.1,99.23,0.17,39.53,1619.0,1064.5,33.38,7.25,345.2,31.5,17.0,247.8,Germany,OpenFoodFacts,2021
3458,Egg,Oils,628.0,19.16,8.98,79.36,16.36,1.83,1715.2,385.3,95.26,18.68,167.5,29.5,41.0,19.5,Australia,Kaggle FoodDB,2019
3582,White Rice,dairy ,757.6,38.44,10.66,84.05,19.87,13.95,1120.9,560.6,49.96,3.61,245.9,90.6,41.0,109.8,Mexico,USDA,2020
1292,Lamb,Legumes,136.8,19.53,25.44,23.49,,17.78,1726.7,1059.2,151.97,4.33,125.1,33.2,8.0,102.7,Australia,Kaggle FoodDB,2018
4660,Shrimp,Grains,653.9,40.88,78.74,56.48,2.41,38.41,1158.2,96.5,103.3,3.36,354.4,74.7,62.0,76.1,Australia,NutritionData.self.com,2018
1854,Lentils  ,Dairy,764.9,,60.61,114.57,6.07,39.9,1497.8,305.7,165.21,,207.5,73.3,107.0,39.5,Mexico,FAO,2019
3764,CELERY (PK),Grains,273.4,44.94,78.22,39.84,4.71,47.48,1401.3,232.9,134.61,1.71,456.8,16.7,28.0,193.4,India,FAO,2021
3305,Brown Rice,nuts & seeds,-999.0,2.11,49.26,50.36,13.37,49.96,1068.0,598.0,,7.97,377.9,57.9,55.0,132.1,Germany,FAO,2022
3966,Tomato,Vegetables,712.9,33.11,57.82,20.44,9.76,33.67,1809.1,1136.5,170.05,2.08,,19.0,68.0,293.3,Canada,OpenFoodFacts,2023
3744,Tofu,Vegetables,68.9,2.79,52.3,119.4,4.48,53.62,1349.3,1099.7,130.22,3.28,240.1,52.0,61.0,29.3,Australia,USDA,2023
3446,Blueberries,Nuts & Seeds,591.6,,71.06,17.18,11.54,23.02,1591.7,1190.4,,8.84,279.5,2.8,79.0,298.9,China,FAO,2022
1999,Oats (PK),Oils,70.2,17.35,75.09,84.42,15.58,15.12,237.3,1199.0,120.66,14.3,406.5,46.6,35.0,120.3,India,Kaggle FoodDB,2018
664,White Rice,Oils,228.8,28.98,35.55,45.44,6.2,,1666.6,652.2,57.28,10.71,56.8,35.2,N/A,250.9,UK,OpenFoodFacts,2022
4780,Strawberry,Proteins,225.5,30.81,68.71,74.72,,13.21,,1030.2,71.87,13.67,102.1,35.5,36.0,12.6,Germany,Kaggle FoodDB,2020
3749,Bread (Whole Wheat),Dairy,374.1,6.27,58.41,20.23,18.62,9.77,609.9,642.3,187.37,8.0,254.7,91.4,19.0,34.1,USA,USDA,2019
4414,Almonds,Nuts & Seeds,584.8,,17.98,44.16,10.68,44.63,1704.5,354.4,166.09,11.42,76.3,16.9,17.0,199.4,Australia,FAO,2018
4745,Pasta,Fruits,,13.34,9.07,106.75,13.82,51.22,1137.4,954.7,66.13,6.38,329.1,67.1,51.0,287.6,Australia,FAO,2024
710,ORANGE (SN),PROTEINS,619.7,45.36,9.29,65.96,18.01,20.14,885.1,286.1,156.66,5.41,324.2,90.8,91.0,160.9,Mexico,OpenFoodFacts,2020
1283,BROCCOLI (ZD),Proteins,,38.13,77.26,96.97,,28.45,457.6,15.7,5.75,14.99,281.3,2.1,16.0,275.4,Mexico,FAO,2019
2676,Oats (ZL),Grains,,28.94,,68.2,9.8,3.5,,41.8,120.83,,388.1,94.7,52.0,157.3,USA,Kaggle FoodDB,2020
4030,Corn (PC),Vegtables,,21.34,7.97,0.25,19.25,25.65,1750.8,349.4,197.36,7.12,273.8,75.8,26.0,207.2,Canada,FAO,2020
1307,Lamb,Legumes,648.4,18.87,76.34,35.22,,16.54,635.2,479.0,169.91,2.3,346.8,95.6,N/A,45.3,Mexico,USDA,2023
2238,Bell Pepper,Dairy,183.1,43.45,71.86,48.51,18.24,23.75,,935.4,40.1,1.92,278.9,27.3,12.0,229.3,China,NutritionData.self.com,2024
3303,Shrimp,Fruits,512.0,35.46,42.91,20.49,6.42,19.95,571.1,209.7,171.54,,405.6,5.7,75.0,278.4,Germany,Kaggle FoodDB,2022
2039,Cucumber,Legumes,218.3,-1.0,44.58,117.28,7.68,18.02,781.0,17.0,64.46,6.77,477.5,29.2,44.0,274.7,USA,OpenFoodFacts,2024
1530,Celery (BD)  ,Legumes,494.5,42.1,55.2,115.35,,23.07,326.7,509.6,144.52,5.98,,52.2,74.0,65.9,Nigeria,NutritionData.self.com,2024
1664,White Rice (OB),Legumes,457.3,37.35,,77.2,15.33,39.43,1558.3,683.3,75.87,10.65,143.3,82.3,N/A,35.0,China,NutritionData.self.com,2018
3016,Celery,Nuts & Seeds,314.0,38.63,51.1,105.14,5.04,17.3,830.2,938.7,191.46,0.63,119.2,42.1,54.0,92.4,Germany,NutritionData.self.com,2023
373,Mango,dairy ,103.1,21.65,40.26,81.52,15.8,24.87,,746.0,,16.59,450.4,32.4,6.0,295.2,Brazil,OpenFoodFacts,2022.
3628,Olive Oil,Dairy,,43.13,3.24,25.46,,42.16,86.4,399.8,109.38,13.3,7.8,80.2,59.0,46.5,Canada,FAO,2023
4892,PEANUT BUTTER,Legumes,69.1,,37.43,1.83,13.03,32.69,666.9,13.4,124.6,12.73,221.8,31.3,23.0,47.0,Australia,FAO,2024
2694,Peas,Proteins,428.4,29.69,65.12,43.18,17.54,19.35,1561.5,1105.3,,19.07,336.0,33.4,51.0,85.2,Canada,OpenFoodFacts,2024
3061,Bread (Whole Wheat),Vegtables,,31.63,63.72,9.87,10.36,19.39,1078.0,537.5,,17.79,462.8,17.5,33.0,116.1,Nigeria,FAO,2023
1598,Olive Oil,Seafood,89.9,12.67,10.46,75.23,19.61,25.2,478.1,164.9,198.67,12.2,32.0,28.8,87.0,118.1,Germany,Kaggle FoodDB,2018
2730,QUINOA,Proteins,,27.17,24.48,73.73,2.75,21.2,250.5,1186.6,69.14,3.5,125.0,80.3,68.0,278.5,Mexico,FAO,2023
2626,Kale,nuts & seeds,868.4,32.57,19.23,56.17,,19.11,86.5,1184.7,197.5,11.24,268.2,82.8,47.0,276.5,Brazil,NutritionData.self.com,2020
3158,ZUCCHINI,legumes,76.3,19.31,9.96,1.57,9.62,,1128.3,309.3,166.06,8.6,239.1,88.8,99.0,294.0,Nigeria,FAO,2022.
3315,Brown Rice  ,Legumes,211.5,19.85,40.01,112.15,3.19,44.99,,141.1,75.18,8.26,452.9,67.2,36.0,288.7,Mexico,USDA,2021
1723,Pork Loin,seafood,286.9,41.4,39.48,74.48,,10.07,,750.6,151.56,17.82,107.6,80.4,39.0,74.0,USA,NutritionData.self.com,2024
1060,Tofu,Grains,572.2,41.61,57.41,2.94,6.4,21.23,1100.2,1108.6,184.04,8.18,14.3,82.2,87.0,91.7,USA,FAO,2018
4637,Strawberry,Oils,309.4,46.82,21.86,23.13,3.7,16.96,511.5,362.5,161.52,14.49,1.9,3.5,13.0,53.9,Canada,OpenFoodFacts,2022.
3243,Oats (OH),Vegetables,496.0,1.32,11.86,2.48,10.08,22.48,581.6,280.5,185.89,2.31,450.8,48.9,86.0,15.8,China,OpenFoodFacts,2024
1679,Beef (Lean) (AN),Vegetables,172.7,27.81,42.73,3.46,15.51,46.92,282.0,508.9,32.9,1.62,142.5,18.8,16.0,135.8,Mexico,FAO,2019
1758,LAMB (RZ),Vegetables,449.3,28.66,67.13,107.92,15.6,46.74,811.3,930.5,139.12,15.4,478.9,53.6,105.0,293.9,India,Kaggle FoodDB,2024
4192,BANANA,Grains,788.1,0.88,4.89,118.25,14.15,24.29,1744.6,530.2,65.26,12.05,109.7,11.0,12.0,238.8,Nigeria,OpenFoodFacts,2023
564,SHRIMP,Oils,32.8,14.03,18.48,25.65,15.88,19.16,1614.2,1171.5,170.62,2.18,209.5,6.4,59.0,254.4,China,OpenFoodFacts,2020.
2791,Sweet Potato,Nuts & Seeds,646.3,27.49,23.42,107.79,,35.61,13.8,878.8,68.94,,48.9,40.8,70.0,90.6,Mexico,USDA,2022
864,Beef (Lean),PROTEINS,407.9,21.19,40.52,,19.19,7.46,132.6,934.5,43.58,9.47,92.1,9.0,4.0,121.7,Brazil,Kaggle FoodDB,2020
1485,Pork Loin (ER),Legumes,305.6,9.82,13.24,45.87,17.89,35.71,1183.7,939.8,38.13,2.56,477.4,82.7,38.0,14.4,Canada,OpenFoodFacts,2020
207,Lentils,Dairy,109.3,40.11,63.08,,15.66,28.53,1315.7,785.2,29.87,19.83,353.2,27.4,47.0,207.0,USA,NutritionData.self.com,2021
4489,Quinoa,Grainss,706.6,5.08,,61.35,5.16,36.27,310.6,846.2,196.45,4.35,,38.3,109.0,40.9,China,Kaggle FoodDB,2019
871,TOFU (KV),Dairy,348.5,10.62,5.27,39.09,,13.89,1150.9,1167.1,177.76,10.76,356.4,19.6,45.0,91.1,Australia,Kaggle FoodDB,2018.
4494,Lamb,Proteins,720.7,9.04,5.75,37.77,2.95,19.19,,1037.7,34.9,14.23,292.6,76.6,98.0,220.2,Australia,NutritionData.self.com,2021
503,Bell Pepper,Legumes,292.4,11.72,59.13,43.72,1.29,57.71,40.4,1196.3,70.02,15.88,417.4,52.6,87.0,53.2,Mexico,Kaggle FoodDB,2019
1029,Green Beans,Dairy,300.8,36.03,,30.42,5.16,22.3,1559.8,166.1,198.14,1.86,20.0,11.8,98.0,25.5,Brazil,OpenFoodFacts,2021
3841,Shrimp,Proteins,487.8,28.72,10.25,112.98,18.0,16.92,520.4,416.0,,6.89,79.5,93.6,13.0,64.9,Canada,Kaggle FoodDB,2021
2691,CELERY,Seafood,487.2,3.71,47.32,33.83,15.25,43.43,843.7,1004.0,39.91,17.83,392.3,74.7,90.0,253.4,China,USDA,2023
1571,Spinach,Dairy,536.2,28.15,22.09,38.95,,,1710.4,559.9,121.97,14.2,226.7,81.9,7.0,286.3,Mexico,USDA,2019
2774,Orange,Nuts & Seeds,424.5,16.29,30.09,22.21,7.18,49.65,1801.1,377.0,29.92,11.9,84.4,11.5,71.0,298.0,Germany,FAO,2020
2732,Salmon,Dairy,437.0,7.14,26.18,71.88,3.12,16.1,1356.0,152.9,,7.5,216.3,33.4,30.0,216.6,India,OpenFoodFacts,2023
805,Tomato,Seafood,393.2,18.98,78.91,52.2,10.77,30.56,1867.2,1021.3,100.48,18.0,352.0,21.0,23.0,169.0,Mexico,NutritionData.self.com,2021
3646,Cottage Cheese (WX),Oils,156.0,22.51,,58.82,13.4,25.65,1095.8,911.0,91.49,7.32,249.8,3.6,60.0,273.4,USA,NutritionData.self.com,2023
2455,Turkey Breast,Dairy,530.8,43.58,24.04,38.22,15.43,10.14,456.0,909.6,92.84,,97.5,88.9,24.0,64.4,China,Kaggle FoodDB,2019
4599,TOMATO,Vegetables,376.7,12.17,31.72,87.15,9.89,45.52,777.6,698.5,144.3,,125.6,35.5,40.0,145.4,Nigeria,NutritionData.self.com,2024
3105,Cottage Cheese,Oils,247.7,40.08,57.01,,7.92,6.17,1116.2,7.6,99.99,18.79,477.8,87.3,106.0,152.8,Brazil,USDA,2023
4876,Lentils,Proteins,585.7,4.54,48.56,20.72,7.43,58.66,781.5,1167.0,98.57,,282.4,48.8,10.0,126.8,China,FAO,2019
201,Pork Loin,Proteins,585.0,15.29,41.7,76.43,1.2,,1819.7,977.7,157.61,4.13,,50.6,89.0,152.6,UK,OpenFoodFacts,2023
3100,Blueberries (EH),Dairy,401.6,29.28,36.93,1.94,,22.35,491.6,897.0,183.59,18.3,248.4,39.9,6.0,198.6,Canada,FAO,2024
2279,Olive Oil (XJ),oils,578.0,37.94,53.73,14.53,13.62,,222.5,696.4,179.71,11.96,,6.7,22.0,69.9,UK,USDA,2024
3562,Corn,Fruits,743.7,44.88,28.51,77.26,,43.3,1776.7,409.6,27.42,2.54,25.8,21.2,9.0,183.9,India,Kaggle FoodDB,2024
4475,Banana,Oils,608.9,45.92,,,18.09,29.67,1371.7,160.1,123.66,3.67,393.0,41.0,26.0,71.7,Brazil,OpenFoodFacts,2023
4515,Quinoa,Vegetables,504.5,31.23,,81.74,9.76,34.51,1696.7,902.7,47.46,15.1,91.6,49.9,16.0,137.4,Mexico,FAO,2019
392,EGG,Grains,383.1,28.5,43.33,99.12,0.46,19.77,1794.3,1098.2,17.31,,313.9,59.9,39.0,146.8,Germany,USDA,2018
1496,Tofu,Vegetables,608.0,6.62,43.76,51.92,13.86,41.15,1622.1,274.1,93.64,17.38,433.3,15.3,100.0,50.4,Mexico,USDA,2021
2696,Carrot,Vegetables,476.7,33.94,49.21,72.07,17.91,7.46,783.8,265.9,55.57,3.36,162.7,20.2,73.0,298.9,Mexico,FAO,2023
2028,BELL PEPPER (VE),Dairy,883.5,49.22,45.21,96.32,10.58,5.64,505.5,126.9,25.95,14.92,477.3,61.9,9.0,184.1,Canada,Kaggle FoodDB,2024
2569,Turkey Breast,Nuts & Seeds,727.1,41.05,46.52,94.08,1.67,25.21,144.0,838.2,62.08,9.99,396.3,27.0,53.0,231.0,Brazil,NutritionData.self.com,2018
65,Pasta (LF),Nuts & Seeds,267.2,36.88,11.85,12.0,18.4,33.74,1634.9,115.8,162.08,17.93,443.8,72.3,103.0,20.7,Brazil,NutritionData.self.com,2020
3885,Bell Pepper,Fruits,799.8,40.54,20.28,100.41,,47.16,1137.9,26.2,36.54,10.63,18.4,6.7,56.0,144.4,Nigeria,FAO,2021
2063,Pineapple,Vegetables,,33.89,46.3,107.36,4.47,,1331.8,696.8,81.7,5.0,155.7,32.5,20.0,258.2,Brazil,USDA,2024
493,Salmon,Dairy,264.1,,18.84,66.33,1.37,,880.2,87.7,25.96,18.94,170.2,52.9,60.0,113.0,Germany,FAO,2023
380,Salmon (WW),Vegetables,268.0,11.99,62.15,24.06,16.43,11.16,254.6,460.7,70.67,6.36,77.4,28.5,37.0,156.4,Brazil,OpenFoodFacts,2023.
4860,Corn (TU),Vegetables,801.0,7.83,67.39,85.94,12.69,23.16,,762.7,134.95,9.55,24.9,9.0,85.0,278.1,USA,USDA,2019
3994,Beef (Lean),Seafood,65.1,23.88,28.9,63.25,,7.29,1858.8,566.6,72.49,16.07,19.8,7.4,35.0,164.6,USA,OpenFoodFacts,2021
4888,Carrot,Legumes,621.8,40.21,6.03,89.72,0.17,28.51,1202.7,139.3,181.16,6.49,141.0,93.6,106.0,25.7,Brazil,USDA,2020
1077,Lentils (VB),oils,358.2,16.22,32.66,,4.91,44.37,1083.5,294.5,33.2,9.4,,19.7,33.0,212.1,USA,USDA,2021
879,ZUCCHINI (WD),Nuts & Seeds,43.8,22.46,8.02,8.8,18.8,31.83,1805.8,720.0,,,18.9,66.2,10.0,78.7,China,Kaggle FoodDB,2024
338,Turkey Breast,Oils,639.2,,33.36,32.21,0.67,42.79,1417.1,653.3,58.66,2.46,246.2,16.5,60.0,177.3,China,NutritionData.self.com,2018
1017,Tofu,Proteins,,6.71,,118.48,12.53,30.74,263.4,1158.0,153.01,14.48,213.1,76.9,65.0,230.1,Mexico,NutritionData.self.com,2024
1276,TOMATO,Vegetables,112.3,32.67,24.0,20.6,0.52,23.98,1999.4,1047.4,169.44,7.37,463.9,87.6,109.0,122.8,Canada,NutritionData.self.com,2023
3799,BROWN RICE (YE),oils,171.8,6.41,72.69,104.89,15.45,,392.4,1017.0,64.36,6.74,407.4,2.1,6.0,91.7,Germany,OpenFoodFacts,2021
4552,Mango  ,Nuts & Seeds,,47.32,10.11,1.29,15.41,35.88,1983.4,771.3,170.24,1.4,,84.9,61.0,271.8,Mexico,Kaggle FoodDB,2021.
3343,Apple,Legumes,576.5,9.07,24.67,97.22,18.01,,,687.3,103.78,10.32,63.7,34.0,99.0,194.6,India,USDA,2023.
4912,Mango,Seafood,507.5,45.42,43.51,12.29,2.31,10.86,937.0,254.0,,6.66,166.4,36.9,80.0,73.2,China,NutritionData.self.com,2020
996,GARLIC (EK),Oils,100.6,34.25,28.76,0.91,3.02,21.25,1506.5,288.5,58.99,14.37,217.1,97.6,93.0,28.4,China,FAO,2023
1982,Tofu (MJ),Fruits,726.3,26.88,0.3,42.59,8.41,17.29,756.6,1199.1,163.29,13.01,134.4,91.0,18.0,129.8,UK,Kaggle FoodDB,2022
4298,CHEDDAR CHEESE,Vegetables,153.3,40.09,0.36,69.67,9.55,0.59,1296.5,915.6,88.22,2.74,310.8,32.7,N/A,158.2,Germany,Kaggle FoodDB,2024
162,Beef (Lean),Seafood,576.4,2.11,49.29,63.5,18.91,40.81,1062.7,890.7,182.76,18.85,116.2,38.9,N/A,170.4,USA,Kaggle FoodDB,2023
4799,Black Beans,nuts & seeds,127.8,20.8,32.51,103.48,13.4,40.09,1822.6,1027.2,100.37,11.92,497.2,34.2,86.0,166.0,UK,OpenFoodFacts,2024.
1501,Salmon,Fruits,476.8,10.14,24.67,36.25,6.25,23.3,447.2,976.0,125.45,7.17,,44.4,24.0,28.5,Brazil,USDA,2021
3844,Avocado,Proteins,378.8,,12.89,67.64,16.57,49.64,1710.7,352.8,111.81,8.07,111.4,60.1,11.0,145.2,Brazil,USDA,2022
2614,White Rice,Legumes,672.0,19.92,,44.27,0.01,44.87,243.5,112.0,145.25,0.08,453.4,79.3,35.0,221.0,Nigeria,Kaggle FoodDB,2021
3462,Mushroom (GW),Legumes,157.5,45.08,14.6,96.69,4.99,24.34,1145.3,331.2,97.08,3.31,213.6,29.3,104.0,26.6,Germany,FAO,2023
1022,Spinach,seafood,281.7,,3.36,83.57,14.26,35.53,711.9,385.2,188.8,6.61,219.7,98.2,26.0,130.7,India,USDA,2022
3074,Pineapple (SM),Oils,258.6,34.33,43.54,104.24,15.3,29.94,773.3,82.8,104.6,4.47,414.9,62.5,89.0,117.4,Nigeria,Kaggle FoodDB,2018
3944,TOFU,Oils,365.9,,16.87,113.06,0.78,35.3,622.7,1120.6,164.11,12.87,348.3,29.2,28.0,198.9,UK,USDA,2022
1586,White Rice,Oils,140.1,,53.1,,0.35,17.78,19.6,70.5,35.86,4.32,271.2,90.7,104.0,105.8,Canada,FAO,2018
1956,Carrot,dairy ,841.1,18.06,67.71,56.55,,48.66,887.7,933.1,173.72,1.62,61.2,32.2,11.0,101.9,Australia,NutritionData.self.com,2022
3153,Garlic,Legumes,640.8,5.25,0.15,51.91,10.64,,417.3,122.8,164.66,12.9,216.7,4.8,86.0,233.7,Canada,USDA,2024
35,Lamb (IR),Oils,869.8,8.4,52.74,73.09,1.47,47.74,1971.8,967.7,115.64,3.3,435.1,48.8,81.0,194.3,Germany,FAO,2024
4015,Egg,Seafood,584.5,12.75,21.24,1.45,17.62,38.1,1653.0,121.2,39.58,3.9,131.9,39.5,48.0,146.8,Nigeria,FAO,2023
776,Garlic,legumes,151.9,,,77.72,19.86,2.09,1085.2,310.4,174.33,16.97,156.8,98.3,82.0,279.0,India,Kaggle FoodDB,2020
2557,Avocado (XF),Oils,479.9,9.51,,42.63,0.41,43.78,1224.0,354.2,195.04,17.79,78.5,80.3,78.0,166.6,Germany,NutritionData.self.com,2022
1479,Garlic,Dairy,722.1,26.46,25.16,50.93,0.42,29.79,879.7,1191.2,138.91,,354.1,44.2,5.0,259.3,China,NutritionData.self.com,2018
1364,Cheddar Cheese (BE),Nuts & Seeds,575.8,23.54,29.74,44.96,5.81,23.53,1552.2,307.9,59.08,18.87,142.8,96.4,53.0,249.8,Germany,NutritionData.self.com,2024
2613,CARROT,Vegtables,237.2,45.11,,90.78,15.49,27.15,,1086.6,167.79,19.0,,31.1,2.0,92.9,Germany,Kaggle FoodDB,2022.
2825,Turkey Breast,Oils,303.1,,74.66,13.76,3.01,37.64,1607.3,120.5,12.32,13.94,49.6,90.2,107.0,117.3,India,USDA,2022
2042,Carrot  ,Nuts & Seeds,513.9,,28.62,62.78,12.71,12.81,1575.7,1125.4,179.76,11.84,371.7,44.7,76.0,41.2,Germany,NutritionData.self.com,2023
242,Blueberries,Nuts & Seeds,859.5,21.09,17.12,65.22,15.86,58.32,692.2,211.9,14.94,2.99,,9.2,72.0,239.9,Brazil,FAO,2023
2062,Oats,Proteins,471.0,26.06,63.44,80.84,,42.79,920.4,769.7,115.54,8.31,434.4,32.0,14.0,168.0,Brazil,Kaggle FoodDB,2022
2364,Tuna (Canned) (XZ),Vegetables,447.7,42.5,4.02,22.94,15.11,9.56,515.4,62.7,186.01,12.69,435.0,2.7,31.0,270.6,India,Kaggle FoodDB,2024
601,Greek Yogurt,Fruits,168.7,13.48,15.5,40.96,17.02,7.56,,109.2,95.6,14.97,473.9,95.1,29.0,88.7,Brazil,USDA,2018.
2436,Celery (IG),Fruits,362.7,44.85,,,18.0,20.1,573.3,677.4,62.4,1.79,168.9,19.5,2.0,119.7,USA,OpenFoodFacts,2020
2889,Cheddar Cheese (BN),oils,733.6,15.9,76.29,93.7,14.53,,1147.2,264.2,14.19,13.83,347.5,93.8,5.0,163.6,Australia,OpenFoodFacts,2020
647,Banana,Legumes,542.4,1.43,71.32,,1.27,56.39,453.4,458.8,25.81,11.28,,76.8,95.0,138.7,UK,Kaggle FoodDB,2018.
3891,Almonds,Dairy,682.1,13.7,61.15,36.73,16.31,26.38,389.3,465.5,146.45,19.75,,11.3,91.0,120.3,USA,USDA,2018.
3557,Kale,PROTEINS,260.8,3.45,,13.34,10.22,33.48,1014.0,532.5,132.52,5.8,124.0,50.6,86.0,195.0,UK,USDA,2018
3203,Banana,Grains,190.6,46.85,44.44,118.82,18.69,0.66,1081.0,651.9,21.4,18.06,67.4,59.4,22.0,56.1,Australia,NutritionData.self.com,2018
1529,BROCCOLI,Legumes,726.7,18.33,44.44,13.02,0.96,9.09,625.8,993.3,142.37,15.87,454.6,49.9,94.0,92.3,Brazil,USDA,2021
1268,Sweet Potato,legumes,442.3,4.96,16.36,69.63,14.25,32.32,898.8,861.3,155.79,12.15,82.3,24.7,97.0,55.9,Australia,OpenFoodFacts,2021
1900,Mushroom (JK),Dairy,,21.15,,103.51,1.75,13.66,1801.4,301.6,82.83,2.43,247.6,49.8,12.0,245.3,Germany,FAO,2019.
4659,Turkey Breast,Vegetables,186.5,32.12,17.37,104.34,1.94,22.72,1615.9,844.6,18.38,5.33,189.0,21.2,35.0,114.2,China,OpenFoodFacts,2018
3006,Carrot,oils,752.9,18.25,55.13,32.67,1.89,28.5,1919.0,915.9,191.66,5.09,311.7,90.6,50.0,259.5,Germany,NutritionData.self.com,2019
2735,Avocado,Proteins,849.6,4.47,20.69,78.97,14.77,46.81,1481.2,962.7,97.78,17.44,374.9,17.0,33.0,167.5,China,USDA,2024
190,Milk (Whole),Nuts & Seeds,232.8,13.85,10.9,66.21,0.81,34.28,1230.5,925.9,,16.46,139.0,94.5,38.0,251.1,USA,USDA,2018
1807,Pineapple,Vegetables,602.0,37.0,58.08,,,10.37,932.9,106.6,177.57,,,65.1,106.0,11.5,USA,Kaggle FoodDB,2018
976,Tofu,Grains,250.8,47.62,35.85,102.67,7.43,59.88,1456.5,535.8,79.65,16.31,396.0,75.5,85.0,276.2,Mexico,USDA,2021
2748,Garlic,Dairy,149.3,,60.0,31.64,4.9,49.85,1887.0,964.5,101.18,8.79,357.4,74.1,13.0,299.9,Brazil,Kaggle FoodDB,2024
2048,GARLIC,Seafood,642.9,1.12,78.66,,,23.63,1818.2,131.0,184.73,,,40.2,51.0,44.5,Mexico,NutritionData.self.com,2020
2559,Greek Yogurt,Proteins,87.6,26.48,70.51,82.89,8.73,26.24,193.2,495.1,144.43,17.29,34.1,67.2,16.0,296.7,China,NutritionData.self.com,2021
1083,Cucumber,Vegetables,387.5,18.93,30.53,29.21,6.11,1.67,270.1,323.2,124.71,2.44,246.8,89.1,107.0,108.5,Brazil,OpenFoodFacts,2022
475,Pineapple,Nuts & Seeds,484.4,0.59,57.11,61.03,8.76,25.51,946.4,973.9,149.53,1.02,399.3,97.2,59.0,270.1,Mexico,USDA,2018
2905,Blueberries (EL),Vegetables,479.8,2.3,69.11,56.96,4.72,9.16,1320.8,160.4,73.68,14.43,20.0,3.5,46.0,135.5,Australia,FAO,2018
4844,Egg,Dairy,57.9,35.54,46.35,103.08,12.51,16.03,390.6,85.1,,3.87,,0.1,102.0,32.5,UK,USDA,2022
4118,Apple,Proteins,377.8,49.3,5.07,21.61,11.18,15.52,593.3,243.3,95.8,1.78,422.8,53.5,62.0,160.2,Brazil,USDA,2020
3386,Mango,Vegetables,793.7,24.63,24.69,91.44,1.56,12.78,517.9,241.8,99.82,5.42,16.6,39.9,26.0,157.3,Nigeria,OpenFoodFacts,2022
4556,BLUEBERRIES,Dairy,516.8,41.35,32.57,59.46,0.84,49.33,291.9,633.7,133.72,3.64,456.6,12.0,92.0,188.5,USA,Kaggle FoodDB,2024
1185,Tofu,Grains,110.2,1.2,53.7,16.9,6.13,43.89,1528.2,974.9,8.58,,137.0,18.7,105.0,133.1,India,USDA,2019.
1459,PINEAPPLE (FP),Oils,209.8,2.15,72.41,29.5,,9.0,1427.0,603.2,170.53,17.97,379.9,76.8,100.0,68.9,Brazil,OpenFoodFacts,2024
2434,Beef (Lean),Seafood,273.8,,44.98,3.98,5.65,40.66,337.3,105.6,60.11,17.52,139.3,5.6,10.0,39.9,UK,NutritionData.self.com,2023
2392,Chicken Breast (OS),legumes,166.8,1.33,75.26,103.84,10.1,52.37,908.4,898.7,177.5,5.84,62.9,65.6,79.0,115.7,Nigeria,FAO,2018
770,Olive Oil (ND),Proteins,742.7,45.62,47.79,30.06,2.74,20.9,983.4,853.6,73.09,,181.3,94.7,8.0,30.0,UK,NutritionData.self.com,2023
1686,Green Beans,Dairy,778.6,0.9,37.11,29.25,6.84,42.3,828.5,165.2,,2.98,303.5,66.3,85.0,145.6,India,OpenFoodFacts,2018
131,Shrimp,Seafood,387.3,28.0,79.48,32.0,6.21,28.75,248.8,1027.4,45.58,8.71,290.9,27.9,19.0,195.6,Germany,NutritionData.self.com,2019
2920,Peanut Butter,Seafood,286.6,20.61,40.52,105.85,14.47,7.99,187.0,649.2,1.08,5.51,206.5,76.4,21.0,256.3,USA,FAO,2022
3172,Strawberry,Vegetables,249.0,40.15,34.74,110.97,5.43,,1181.2,163.8,170.95,2.09,129.0,36.6,90.0,35.0,Canada,NutritionData.self.com,2024
3445,Blueberries,Fruits,883.4,9.06,18.17,86.12,,56.94,,230.9,55.03,7.4,50.2,87.2,40.0,101.6,USA,NutritionData.self.com,2023
4427,Oats  ,Nuts & Seeds,,14.34,56.55,0.97,3.79,3.03,471.9,56.1,120.42,6.32,413.2,64.3,34.0,253.5,Germany,Kaggle FoodDB,2020
467,Carrot,Grainss,271.4,,33.92,107.79,5.17,5.69,451.8,631.3,85.85,4.11,388.0,63.3,98.0,77.3,USA,OpenFoodFacts,2018
3093,Pork Loin,Grains,371.2,29.33,13.59,15.34,9.29,51.56,116.6,650.0,85.08,7.87,219.9,95.4,92.0,160.7,Nigeria,Kaggle FoodDB,2023
3773,Lentils,Dairy,322.7,27.86,61.46,89.89,12.19,,434.4,848.1,109.57,3.37,359.4,1.5,83.0,264.9,USA,NutritionData.self.com,2020.
861,Salmon,oils,702.5,22.82,75.96,10.15,5.56,27.3,328.5,202.2,0.76,10.03,304.4,34.4,42.0,68.1,Germany,OpenFoodFacts,2018
